ISO-10303-21;
HEADER;
/* Generated by software containing ST-Developer
 * from STEP Tools, Inc. (www.steptools.com) 
 */

FILE_DESCRIPTION(
/* description */ (''),
/* implementation_level */ '2;1');

FILE_NAME(
/* name */ 'Bottom_part_improved.stp',
/* time_stamp */ '2026-05-09T20:17:15+02:00',
/* author */ ('thomas'),
/* organization */ (''),
/* preprocessor_version */ 'ST-DEVELOPER v20.1',
/* originating_system */ 'Autodesk Inventor 2027',
/* authorisation */ '');

FILE_SCHEMA (('AUTOMOTIVE_DESIGN { 1 0 10303 214 3 1 1 }'));
ENDSEC;

DATA;
#10=MECHANICAL_DESIGN_GEOMETRIC_PRESENTATION_REPRESENTATION('',(#26,#27,
#28,#29,#30,#31,#32,#33,#34,#35,#36,#37,#38,#39,#40,#41,#42,#43,#44),#3255);
#11=GEOMETRICALLY_BOUNDED_WIREFRAME_SHAPE_REPRESENTATION('',(#12,#13,#14,
#15,#16,#17,#18),#3254);
#12=GEOMETRIC_CURVE_SET('Skizze5',(#3239));
#13=GEOMETRIC_CURVE_SET('Skizze6',(#22,#23,#24,#3246));
#14=GEOMETRIC_CURVE_SET('Sketch9',(#3247));
#15=GEOMETRIC_CURVE_SET('Sketch10',(#3248));
#16=GEOMETRIC_CURVE_SET('Sketch11',(#3249));
#17=GEOMETRIC_CURVE_SET('Sketch12',(#3250));
#18=GEOMETRIC_CURVE_SET('Sketch13',(#3251));
#19=SHAPE_REPRESENTATION_RELATIONSHIP('SRR','None',#3262,#21);
#20=SHAPE_REPRESENTATION_RELATIONSHIP('SRR','None',#3262,#11);
#21=ADVANCED_BREP_SHAPE_REPRESENTATION('',(#25),#3254);
#22=POLYLINE('',(#3240,#3241));
#23=POLYLINE('',(#3242,#3243));
#24=POLYLINE('',(#3244,#3245));
#25=MANIFOLD_SOLID_BREP('Solid1',#2057);
#26=STYLED_ITEM('',(#3272),#2029);
#27=STYLED_ITEM('',(#3272),#2030);
#28=STYLED_ITEM('',(#3272),#2031);
#29=STYLED_ITEM('',(#3272),#2032);
#30=STYLED_ITEM('',(#3272),#2033);
#31=STYLED_ITEM('',(#3272),#2034);
#32=STYLED_ITEM('',(#3272),#2035);
#33=STYLED_ITEM('',(#3272),#2036);
#34=STYLED_ITEM('',(#3272),#2037);
#35=STYLED_ITEM('',(#3272),#2038);
#36=STYLED_ITEM('',(#3272),#2039);
#37=STYLED_ITEM('',(#3272),#2040);
#38=STYLED_ITEM('',(#3272),#2041);
#39=STYLED_ITEM('',(#3272),#2042);
#40=STYLED_ITEM('',(#3272),#2043);
#41=STYLED_ITEM('',(#3271),#25);
#42=STYLED_ITEM('',(#3293),#22);
#43=STYLED_ITEM('',(#3293),#23);
#44=STYLED_ITEM('',(#3293),#24);
#45=FACE_BOUND('',#215,.T.);
#46=FACE_BOUND('',#216,.T.);
#47=FACE_BOUND('',#217,.T.);
#48=FACE_BOUND('',#218,.T.);
#49=FACE_BOUND('',#256,.T.);
#50=FACE_OUTER_BOUND('',#151,.T.);
#51=FACE_OUTER_BOUND('',#152,.T.);
#52=FACE_OUTER_BOUND('',#153,.T.);
#53=FACE_OUTER_BOUND('',#154,.T.);
#54=FACE_OUTER_BOUND('',#155,.T.);
#55=FACE_OUTER_BOUND('',#156,.T.);
#56=FACE_OUTER_BOUND('',#157,.T.);
#57=FACE_OUTER_BOUND('',#158,.T.);
#58=FACE_OUTER_BOUND('',#159,.T.);
#59=FACE_OUTER_BOUND('',#160,.T.);
#60=FACE_OUTER_BOUND('',#161,.T.);
#61=FACE_OUTER_BOUND('',#162,.T.);
#62=FACE_OUTER_BOUND('',#163,.T.);
#63=FACE_OUTER_BOUND('',#164,.T.);
#64=FACE_OUTER_BOUND('',#165,.T.);
#65=FACE_OUTER_BOUND('',#166,.T.);
#66=FACE_OUTER_BOUND('',#167,.T.);
#67=FACE_OUTER_BOUND('',#168,.T.);
#68=FACE_OUTER_BOUND('',#169,.T.);
#69=FACE_OUTER_BOUND('',#170,.T.);
#70=FACE_OUTER_BOUND('',#171,.T.);
#71=FACE_OUTER_BOUND('',#172,.T.);
#72=FACE_OUTER_BOUND('',#173,.T.);
#73=FACE_OUTER_BOUND('',#174,.T.);
#74=FACE_OUTER_BOUND('',#175,.T.);
#75=FACE_OUTER_BOUND('',#176,.T.);
#76=FACE_OUTER_BOUND('',#177,.T.);
#77=FACE_OUTER_BOUND('',#178,.T.);
#78=FACE_OUTER_BOUND('',#179,.T.);
#79=FACE_OUTER_BOUND('',#180,.T.);
#80=FACE_OUTER_BOUND('',#181,.T.);
#81=FACE_OUTER_BOUND('',#182,.T.);
#82=FACE_OUTER_BOUND('',#183,.T.);
#83=FACE_OUTER_BOUND('',#184,.T.);
#84=FACE_OUTER_BOUND('',#185,.T.);
#85=FACE_OUTER_BOUND('',#186,.T.);
#86=FACE_OUTER_BOUND('',#187,.T.);
#87=FACE_OUTER_BOUND('',#188,.T.);
#88=FACE_OUTER_BOUND('',#189,.T.);
#89=FACE_OUTER_BOUND('',#190,.T.);
#90=FACE_OUTER_BOUND('',#191,.T.);
#91=FACE_OUTER_BOUND('',#192,.T.);
#92=FACE_OUTER_BOUND('',#193,.T.);
#93=FACE_OUTER_BOUND('',#194,.T.);
#94=FACE_OUTER_BOUND('',#195,.T.);
#95=FACE_OUTER_BOUND('',#196,.T.);
#96=FACE_OUTER_BOUND('',#197,.T.);
#97=FACE_OUTER_BOUND('',#198,.T.);
#98=FACE_OUTER_BOUND('',#199,.T.);
#99=FACE_OUTER_BOUND('',#200,.T.);
#100=FACE_OUTER_BOUND('',#201,.T.);
#101=FACE_OUTER_BOUND('',#202,.T.);
#102=FACE_OUTER_BOUND('',#203,.T.);
#103=FACE_OUTER_BOUND('',#204,.T.);
#104=FACE_OUTER_BOUND('',#205,.T.);
#105=FACE_OUTER_BOUND('',#206,.T.);
#106=FACE_OUTER_BOUND('',#207,.T.);
#107=FACE_OUTER_BOUND('',#208,.T.);
#108=FACE_OUTER_BOUND('',#209,.T.);
#109=FACE_OUTER_BOUND('',#210,.T.);
#110=FACE_OUTER_BOUND('',#211,.T.);
#111=FACE_OUTER_BOUND('',#212,.T.);
#112=FACE_OUTER_BOUND('',#213,.T.);
#113=FACE_OUTER_BOUND('',#214,.T.);
#114=FACE_OUTER_BOUND('',#219,.T.);
#115=FACE_OUTER_BOUND('',#220,.T.);
#116=FACE_OUTER_BOUND('',#221,.T.);
#117=FACE_OUTER_BOUND('',#222,.T.);
#118=FACE_OUTER_BOUND('',#223,.T.);
#119=FACE_OUTER_BOUND('',#224,.T.);
#120=FACE_OUTER_BOUND('',#225,.T.);
#121=FACE_OUTER_BOUND('',#226,.T.);
#122=FACE_OUTER_BOUND('',#227,.T.);
#123=FACE_OUTER_BOUND('',#228,.T.);
#124=FACE_OUTER_BOUND('',#229,.T.);
#125=FACE_OUTER_BOUND('',#230,.T.);
#126=FACE_OUTER_BOUND('',#231,.T.);
#127=FACE_OUTER_BOUND('',#232,.T.);
#128=FACE_OUTER_BOUND('',#233,.T.);
#129=FACE_OUTER_BOUND('',#234,.T.);
#130=FACE_OUTER_BOUND('',#235,.T.);
#131=FACE_OUTER_BOUND('',#236,.T.);
#132=FACE_OUTER_BOUND('',#237,.T.);
#133=FACE_OUTER_BOUND('',#238,.T.);
#134=FACE_OUTER_BOUND('',#239,.T.);
#135=FACE_OUTER_BOUND('',#240,.T.);
#136=FACE_OUTER_BOUND('',#241,.T.);
#137=FACE_OUTER_BOUND('',#242,.T.);
#138=FACE_OUTER_BOUND('',#243,.T.);
#139=FACE_OUTER_BOUND('',#244,.T.);
#140=FACE_OUTER_BOUND('',#245,.T.);
#141=FACE_OUTER_BOUND('',#246,.T.);
#142=FACE_OUTER_BOUND('',#247,.T.);
#143=FACE_OUTER_BOUND('',#248,.T.);
#144=FACE_OUTER_BOUND('',#249,.T.);
#145=FACE_OUTER_BOUND('',#250,.T.);
#146=FACE_OUTER_BOUND('',#251,.T.);
#147=FACE_OUTER_BOUND('',#252,.T.);
#148=FACE_OUTER_BOUND('',#253,.T.);
#149=FACE_OUTER_BOUND('',#254,.T.);
#150=FACE_OUTER_BOUND('',#255,.T.);
#151=EDGE_LOOP('',(#1291,#1292,#1293,#1294));
#152=EDGE_LOOP('',(#1295,#1296,#1297,#1298));
#153=EDGE_LOOP('',(#1299,#1300,#1301,#1302));
#154=EDGE_LOOP('',(#1303,#1304,#1305,#1306));
#155=EDGE_LOOP('',(#1307,#1308,#1309,#1310));
#156=EDGE_LOOP('',(#1311,#1312,#1313,#1314));
#157=EDGE_LOOP('',(#1315,#1316,#1317,#1318));
#158=EDGE_LOOP('',(#1319,#1320,#1321,#1322));
#159=EDGE_LOOP('',(#1323,#1324,#1325,#1326));
#160=EDGE_LOOP('',(#1327,#1328,#1329,#1330));
#161=EDGE_LOOP('',(#1331,#1332,#1333,#1334));
#162=EDGE_LOOP('',(#1335,#1336,#1337,#1338));
#163=EDGE_LOOP('',(#1339,#1340,#1341,#1342,#1343,#1344,#1345,#1346,#1347,
#1348,#1349,#1350));
#164=EDGE_LOOP('',(#1351,#1352,#1353,#1354,#1355,#1356,#1357,#1358,#1359,
#1360,#1361,#1362));
#165=EDGE_LOOP('',(#1363,#1364,#1365,#1366,#1367,#1368,#1369,#1370,#1371,
#1372,#1373,#1374));
#166=EDGE_LOOP('',(#1375,#1376,#1377,#1378));
#167=EDGE_LOOP('',(#1379,#1380,#1381,#1382));
#168=EDGE_LOOP('',(#1383,#1384,#1385,#1386));
#169=EDGE_LOOP('',(#1387,#1388,#1389,#1390));
#170=EDGE_LOOP('',(#1391,#1392,#1393,#1394));
#171=EDGE_LOOP('',(#1395,#1396,#1397,#1398));
#172=EDGE_LOOP('',(#1399,#1400,#1401,#1402));
#173=EDGE_LOOP('',(#1403,#1404,#1405,#1406));
#174=EDGE_LOOP('',(#1407,#1408,#1409,#1410));
#175=EDGE_LOOP('',(#1411,#1412,#1413,#1414));
#176=EDGE_LOOP('',(#1415,#1416,#1417,#1418));
#177=EDGE_LOOP('',(#1419,#1420,#1421,#1422));
#178=EDGE_LOOP('',(#1423,#1424,#1425,#1426));
#179=EDGE_LOOP('',(#1427,#1428,#1429,#1430));
#180=EDGE_LOOP('',(#1431,#1432,#1433,#1434));
#181=EDGE_LOOP('',(#1435,#1436,#1437,#1438));
#182=EDGE_LOOP('',(#1439,#1440,#1441,#1442,#1443,#1444,#1445,#1446,#1447,
#1448,#1449,#1450));
#183=EDGE_LOOP('',(#1451,#1452,#1453,#1454));
#184=EDGE_LOOP('',(#1455,#1456,#1457,#1458));
#185=EDGE_LOOP('',(#1459,#1460,#1461,#1462));
#186=EDGE_LOOP('',(#1463,#1464,#1465,#1466));
#187=EDGE_LOOP('',(#1467,#1468,#1469,#1470));
#188=EDGE_LOOP('',(#1471,#1472,#1473,#1474));
#189=EDGE_LOOP('',(#1475,#1476,#1477,#1478));
#190=EDGE_LOOP('',(#1479,#1480,#1481,#1482));
#191=EDGE_LOOP('',(#1483,#1484,#1485,#1486));
#192=EDGE_LOOP('',(#1487,#1488,#1489,#1490));
#193=EDGE_LOOP('',(#1491,#1492,#1493,#1494));
#194=EDGE_LOOP('',(#1495,#1496,#1497,#1498));
#195=EDGE_LOOP('',(#1499,#1500,#1501,#1502));
#196=EDGE_LOOP('',(#1503,#1504,#1505,#1506));
#197=EDGE_LOOP('',(#1507,#1508,#1509,#1510));
#198=EDGE_LOOP('',(#1511,#1512,#1513,#1514));
#199=EDGE_LOOP('',(#1515,#1516,#1517,#1518));
#200=EDGE_LOOP('',(#1519,#1520,#1521,#1522));
#201=EDGE_LOOP('',(#1523,#1524,#1525,#1526));
#202=EDGE_LOOP('',(#1527,#1528,#1529,#1530));
#203=EDGE_LOOP('',(#1531,#1532,#1533,#1534));
#204=EDGE_LOOP('',(#1535,#1536,#1537,#1538));
#205=EDGE_LOOP('',(#1539,#1540,#1541,#1542));
#206=EDGE_LOOP('',(#1543,#1544,#1545,#1546));
#207=EDGE_LOOP('',(#1547,#1548,#1549,#1550));
#208=EDGE_LOOP('',(#1551,#1552,#1553,#1554));
#209=EDGE_LOOP('',(#1555,#1556,#1557,#1558));
#210=EDGE_LOOP('',(#1559,#1560,#1561,#1562));
#211=EDGE_LOOP('',(#1563,#1564,#1565,#1566));
#212=EDGE_LOOP('',(#1567,#1568,#1569,#1570));
#213=EDGE_LOOP('',(#1571,#1572,#1573,#1574));
#214=EDGE_LOOP('',(#1575,#1576,#1577,#1578,#1579,#1580,#1581,#1582,#1583,
#1584,#1585,#1586,#1587,#1588,#1589,#1590,#1591,#1592,#1593,#1594,#1595,
#1596,#1597,#1598,#1599,#1600,#1601,#1602,#1603,#1604,#1605,#1606,#1607,
#1608,#1609,#1610));
#215=EDGE_LOOP('',(#1611,#1612,#1613,#1614));
#216=EDGE_LOOP('',(#1615,#1616,#1617,#1618));
#217=EDGE_LOOP('',(#1619,#1620,#1621,#1622));
#218=EDGE_LOOP('',(#1623,#1624,#1625,#1626,#1627,#1628,#1629,#1630));
#219=EDGE_LOOP('',(#1631,#1632,#1633,#1634));
#220=EDGE_LOOP('',(#1635,#1636,#1637,#1638));
#221=EDGE_LOOP('',(#1639,#1640,#1641,#1642));
#222=EDGE_LOOP('',(#1643,#1644,#1645,#1646));
#223=EDGE_LOOP('',(#1647,#1648,#1649,#1650));
#224=EDGE_LOOP('',(#1651,#1652,#1653,#1654));
#225=EDGE_LOOP('',(#1655,#1656,#1657,#1658));
#226=EDGE_LOOP('',(#1659,#1660,#1661,#1662));
#227=EDGE_LOOP('',(#1663,#1664,#1665,#1666));
#228=EDGE_LOOP('',(#1667,#1668,#1669,#1670));
#229=EDGE_LOOP('',(#1671,#1672,#1673,#1674));
#230=EDGE_LOOP('',(#1675,#1676,#1677,#1678));
#231=EDGE_LOOP('',(#1679,#1680,#1681,#1682));
#232=EDGE_LOOP('',(#1683,#1684,#1685,#1686));
#233=EDGE_LOOP('',(#1687,#1688,#1689,#1690));
#234=EDGE_LOOP('',(#1691,#1692,#1693,#1694));
#235=EDGE_LOOP('',(#1695,#1696,#1697,#1698));
#236=EDGE_LOOP('',(#1699,#1700,#1701,#1702));
#237=EDGE_LOOP('',(#1703,#1704,#1705,#1706));
#238=EDGE_LOOP('',(#1707,#1708,#1709,#1710));
#239=EDGE_LOOP('',(#1711,#1712,#1713,#1714));
#240=EDGE_LOOP('',(#1715,#1716,#1717,#1718));
#241=EDGE_LOOP('',(#1719,#1720,#1721,#1722));
#242=EDGE_LOOP('',(#1723,#1724,#1725,#1726));
#243=EDGE_LOOP('',(#1727,#1728,#1729,#1730,#1731,#1732));
#244=EDGE_LOOP('',(#1733,#1734,#1735,#1736));
#245=EDGE_LOOP('',(#1737,#1738,#1739,#1740,#1741,#1742));
#246=EDGE_LOOP('',(#1743,#1744,#1745,#1746));
#247=EDGE_LOOP('',(#1747,#1748,#1749,#1750));
#248=EDGE_LOOP('',(#1751,#1752,#1753,#1754));
#249=EDGE_LOOP('',(#1755,#1756,#1757,#1758));
#250=EDGE_LOOP('',(#1759,#1760,#1761,#1762));
#251=EDGE_LOOP('',(#1763,#1764,#1765,#1766));
#252=EDGE_LOOP('',(#1767,#1768,#1769,#1770));
#253=EDGE_LOOP('',(#1771,#1772,#1773,#1774,#1775,#1776,#1777,#1778));
#254=EDGE_LOOP('',(#1779,#1780,#1781,#1782,#1783,#1784,#1785,#1786,#1787,
#1788,#1789,#1790,#1791,#1792,#1793,#1794,#1795,#1796,#1797,#1798,#1799,
#1800,#1801,#1802,#1803,#1804,#1805,#1806,#1807,#1808,#1809,#1810,#1811,
#1812,#1813,#1814));
#255=EDGE_LOOP('',(#1815,#1816,#1817,#1818));
#256=EDGE_LOOP('',(#1819,#1820,#1821,#1822,#1823,#1824,#1825,#1826,#1827,
#1828,#1829,#1830,#1831,#1832,#1833,#1834,#1835,#1836,#1837,#1838,#1839,
#1840,#1841,#1842,#1843,#1844,#1845,#1846,#1847,#1848,#1849,#1850,#1851,
#1852,#1853,#1854));
#257=LINE('',#2671,#539);
#258=LINE('',#2673,#540);
#259=LINE('',#2675,#541);
#260=LINE('',#2676,#542);
#261=LINE('',#2679,#543);
#262=LINE('',#2681,#544);
#263=LINE('',#2682,#545);
#264=LINE('',#2685,#546);
#265=LINE('',#2687,#547);
#266=LINE('',#2688,#548);
#267=LINE('',#2690,#549);
#268=LINE('',#2694,#550);
#269=LINE('',#2696,#551);
#270=LINE('',#2698,#552);
#271=LINE('',#2699,#553);
#272=LINE('',#2702,#554);
#273=LINE('',#2704,#555);
#274=LINE('',#2705,#556);
#275=LINE('',#2708,#557);
#276=LINE('',#2710,#558);
#277=LINE('',#2711,#559);
#278=LINE('',#2713,#560);
#279=LINE('',#2717,#561);
#280=LINE('',#2719,#562);
#281=LINE('',#2721,#563);
#282=LINE('',#2722,#564);
#283=LINE('',#2725,#565);
#284=LINE('',#2727,#566);
#285=LINE('',#2728,#567);
#286=LINE('',#2731,#568);
#287=LINE('',#2733,#569);
#288=LINE('',#2734,#570);
#289=LINE('',#2736,#571);
#290=LINE('',#2739,#572);
#291=LINE('',#2741,#573);
#292=LINE('',#2743,#574);
#293=LINE('',#2745,#575);
#294=LINE('',#2747,#576);
#295=LINE('',#2749,#577);
#296=LINE('',#2751,#578);
#297=LINE('',#2753,#579);
#298=LINE('',#2754,#580);
#299=LINE('',#2757,#581);
#300=LINE('',#2759,#582);
#301=LINE('',#2760,#583);
#302=LINE('',#2762,#584);
#303=LINE('',#2764,#585);
#304=LINE('',#2766,#586);
#305=LINE('',#2768,#587);
#306=LINE('',#2769,#588);
#307=LINE('',#2772,#589);
#308=LINE('',#2774,#590);
#309=LINE('',#2775,#591);
#310=LINE('',#2777,#592);
#311=LINE('',#2779,#593);
#312=LINE('',#2781,#594);
#313=LINE('',#2783,#595);
#314=LINE('',#2784,#596);
#315=LINE('',#2787,#597);
#316=LINE('',#2789,#598);
#317=LINE('',#2790,#599);
#318=LINE('',#2793,#600);
#319=LINE('',#2794,#601);
#320=LINE('',#2797,#602);
#321=LINE('',#2798,#603);
#322=LINE('',#2800,#604);
#323=LINE('',#2803,#605);
#324=LINE('',#2805,#606);
#325=LINE('',#2806,#607);
#326=LINE('',#2809,#608);
#327=LINE('',#2810,#609);
#328=LINE('',#2813,#610);
#329=LINE('',#2814,#611);
#330=LINE('',#2816,#612);
#331=LINE('',#2819,#613);
#332=LINE('',#2821,#614);
#333=LINE('',#2822,#615);
#334=LINE('',#2825,#616);
#335=LINE('',#2826,#617);
#336=LINE('',#2829,#618);
#337=LINE('',#2830,#619);
#338=LINE('',#2832,#620);
#339=LINE('',#2836,#621);
#340=LINE('',#2838,#622);
#341=LINE('',#2840,#623);
#342=LINE('',#2841,#624);
#343=LINE('',#2844,#625);
#344=LINE('',#2846,#626);
#345=LINE('',#2847,#627);
#346=LINE('',#2850,#628);
#347=LINE('',#2852,#629);
#348=LINE('',#2853,#630);
#349=LINE('',#2855,#631);
#350=LINE('',#2857,#632);
#351=LINE('',#2858,#633);
#352=LINE('',#2860,#634);
#353=LINE('',#2862,#635);
#354=LINE('',#2864,#636);
#355=LINE('',#2866,#637);
#356=LINE('',#2867,#638);
#357=LINE('',#2870,#639);
#358=LINE('',#2872,#640);
#359=LINE('',#2873,#641);
#360=LINE('',#2876,#642);
#361=LINE('',#2877,#643);
#362=LINE('',#2880,#644);
#363=LINE('',#2881,#645);
#364=LINE('',#2883,#646);
#365=LINE('',#2887,#647);
#366=LINE('',#2889,#648);
#367=LINE('',#2891,#649);
#368=LINE('',#2892,#650);
#369=LINE('',#2896,#651);
#370=LINE('',#2898,#652);
#371=LINE('',#2900,#653);
#372=LINE('',#2901,#654);
#373=LINE('',#2904,#655);
#374=LINE('',#2906,#656);
#375=LINE('',#2907,#657);
#376=LINE('',#2911,#658);
#377=LINE('',#2913,#659);
#378=LINE('',#2915,#660);
#379=LINE('',#2916,#661);
#380=LINE('',#2918,#662);
#381=LINE('',#2919,#663);
#382=LINE('',#2922,#664);
#383=LINE('',#2924,#665);
#384=LINE('',#2925,#666);
#385=LINE('',#2927,#667);
#386=LINE('',#2928,#668);
#387=LINE('',#2932,#669);
#388=LINE('',#2934,#670);
#389=LINE('',#2936,#671);
#390=LINE('',#2937,#672);
#391=LINE('',#2941,#673);
#392=LINE('',#2943,#674);
#393=LINE('',#2945,#675);
#394=LINE('',#2946,#676);
#395=LINE('',#2949,#677);
#396=LINE('',#2951,#678);
#397=LINE('',#2952,#679);
#398=LINE('',#2956,#680);
#399=LINE('',#2958,#681);
#400=LINE('',#2960,#682);
#401=LINE('',#2961,#683);
#402=LINE('',#2963,#684);
#403=LINE('',#2964,#685);
#404=LINE('',#2967,#686);
#405=LINE('',#2969,#687);
#406=LINE('',#2970,#688);
#407=LINE('',#2972,#689);
#408=LINE('',#2973,#690);
#409=LINE('',#2977,#691);
#410=LINE('',#2979,#692);
#411=LINE('',#2981,#693);
#412=LINE('',#2982,#694);
#413=LINE('',#2986,#695);
#414=LINE('',#2988,#696);
#415=LINE('',#2990,#697);
#416=LINE('',#2991,#698);
#417=LINE('',#2994,#699);
#418=LINE('',#2996,#700);
#419=LINE('',#2997,#701);
#420=LINE('',#3001,#702);
#421=LINE('',#3003,#703);
#422=LINE('',#3005,#704);
#423=LINE('',#3006,#705);
#424=LINE('',#3008,#706);
#425=LINE('',#3009,#707);
#426=LINE('',#3012,#708);
#427=LINE('',#3014,#709);
#428=LINE('',#3015,#710);
#429=LINE('',#3017,#711);
#430=LINE('',#3018,#712);
#431=LINE('',#3021,#713);
#432=LINE('',#3023,#714);
#433=LINE('',#3024,#715);
#434=LINE('',#3027,#716);
#435=LINE('',#3029,#717);
#436=LINE('',#3030,#718);
#437=LINE('',#3033,#719);
#438=LINE('',#3035,#720);
#439=LINE('',#3036,#721);
#440=LINE('',#3038,#722);
#441=LINE('',#3039,#723);
#442=LINE('',#3042,#724);
#443=LINE('',#3044,#725);
#444=LINE('',#3045,#726);
#445=LINE('',#3047,#727);
#446=LINE('',#3048,#728);
#447=LINE('',#3051,#729);
#448=LINE('',#3053,#730);
#449=LINE('',#3055,#731);
#450=LINE('',#3057,#732);
#451=LINE('',#3059,#733);
#452=LINE('',#3061,#734);
#453=LINE('',#3063,#735);
#454=LINE('',#3065,#736);
#455=LINE('',#3066,#737);
#456=LINE('',#3069,#738);
#457=LINE('',#3071,#739);
#458=LINE('',#3073,#740);
#459=LINE('',#3074,#741);
#460=LINE('',#3077,#742);
#461=LINE('',#3079,#743);
#462=LINE('',#3081,#744);
#463=LINE('',#3082,#745);
#464=LINE('',#3085,#746);
#465=LINE('',#3087,#747);
#466=LINE('',#3089,#748);
#467=LINE('',#3090,#749);
#468=LINE('',#3093,#750);
#469=LINE('',#3095,#751);
#470=LINE('',#3097,#752);
#471=LINE('',#3099,#753);
#472=LINE('',#3101,#754);
#473=LINE('',#3103,#755);
#474=LINE('',#3105,#756);
#475=LINE('',#3106,#757);
#476=LINE('',#3109,#758);
#477=LINE('',#3111,#759);
#478=LINE('',#3112,#760);
#479=LINE('',#3115,#761);
#480=LINE('',#3117,#762);
#481=LINE('',#3118,#763);
#482=LINE('',#3121,#764);
#483=LINE('',#3122,#765);
#484=LINE('',#3126,#766);
#485=LINE('',#3127,#767);
#486=LINE('',#3128,#768);
#487=LINE('',#3130,#769);
#488=LINE('',#3133,#770);
#489=LINE('',#3134,#771);
#490=LINE('',#3136,#772);
#491=LINE('',#3138,#773);
#492=LINE('',#3140,#774);
#493=LINE('',#3143,#775);
#494=LINE('',#3145,#776);
#495=LINE('',#3146,#777);
#496=LINE('',#3149,#778);
#497=LINE('',#3150,#779);
#498=LINE('',#3153,#780);
#499=LINE('',#3155,#781);
#500=LINE('',#3156,#782);
#501=LINE('',#3159,#783);
#502=LINE('',#3160,#784);
#503=LINE('',#3163,#785);
#504=LINE('',#3165,#786);
#505=LINE('',#3166,#787);
#506=LINE('',#3169,#788);
#507=LINE('',#3170,#789);
#508=LINE('',#3173,#790);
#509=LINE('',#3174,#791);
#510=LINE('',#3176,#792);
#511=LINE('',#3179,#793);
#512=LINE('',#3180,#794);
#513=LINE('',#3182,#795);
#514=LINE('',#3185,#796);
#515=LINE('',#3186,#797);
#516=LINE('',#3188,#798);
#517=LINE('',#3195,#799);
#518=LINE('',#3197,#800);
#519=LINE('',#3199,#801);
#520=LINE('',#3200,#802);
#521=LINE('',#3201,#803);
#522=LINE('',#3204,#804);
#523=LINE('',#3206,#805);
#524=LINE('',#3207,#806);
#525=LINE('',#3210,#807);
#526=LINE('',#3211,#808);
#527=LINE('',#3213,#809);
#528=LINE('',#3214,#810);
#529=LINE('',#3216,#811);
#530=LINE('',#3220,#812);
#531=LINE('',#3221,#813);
#532=LINE('',#3224,#814);
#533=LINE('',#3225,#815);
#534=LINE('',#3228,#816);
#535=LINE('',#3230,#817);
#536=LINE('',#3231,#818);
#537=LINE('',#3233,#819);
#538=LINE('',#3235,#820);
#539=VECTOR('',#2185,10.);
#540=VECTOR('',#2186,10.);
#541=VECTOR('',#2187,10.);
#542=VECTOR('',#2188,10.);
#543=VECTOR('',#2191,10.);
#544=VECTOR('',#2192,10.);
#545=VECTOR('',#2193,10.);
#546=VECTOR('',#2196,10.);
#547=VECTOR('',#2197,10.);
#548=VECTOR('',#2198,10.);
#549=VECTOR('',#2201,10.);
#550=VECTOR('',#2204,10.);
#551=VECTOR('',#2205,10.);
#552=VECTOR('',#2206,10.);
#553=VECTOR('',#2207,10.);
#554=VECTOR('',#2210,10.);
#555=VECTOR('',#2211,10.);
#556=VECTOR('',#2212,10.);
#557=VECTOR('',#2215,10.);
#558=VECTOR('',#2216,10.);
#559=VECTOR('',#2217,10.);
#560=VECTOR('',#2220,10.);
#561=VECTOR('',#2223,10.);
#562=VECTOR('',#2224,10.);
#563=VECTOR('',#2225,10.);
#564=VECTOR('',#2226,10.);
#565=VECTOR('',#2229,10.);
#566=VECTOR('',#2230,10.);
#567=VECTOR('',#2231,10.);
#568=VECTOR('',#2234,10.);
#569=VECTOR('',#2235,10.);
#570=VECTOR('',#2236,10.);
#571=VECTOR('',#2239,10.);
#572=VECTOR('',#2242,10.);
#573=VECTOR('',#2243,10.);
#574=VECTOR('',#2244,10.);
#575=VECTOR('',#2245,10.);
#576=VECTOR('',#2246,10.);
#577=VECTOR('',#2247,10.);
#578=VECTOR('',#2248,10.);
#579=VECTOR('',#2249,10.);
#580=VECTOR('',#2250,10.);
#581=VECTOR('',#2253,10.);
#582=VECTOR('',#2254,10.);
#583=VECTOR('',#2255,10.);
#584=VECTOR('',#2256,10.);
#585=VECTOR('',#2257,10.);
#586=VECTOR('',#2258,10.);
#587=VECTOR('',#2259,10.);
#588=VECTOR('',#2260,10.);
#589=VECTOR('',#2263,10.);
#590=VECTOR('',#2264,10.);
#591=VECTOR('',#2265,10.);
#592=VECTOR('',#2266,10.);
#593=VECTOR('',#2267,10.);
#594=VECTOR('',#2268,10.);
#595=VECTOR('',#2269,10.);
#596=VECTOR('',#2270,10.);
#597=VECTOR('',#2273,10.);
#598=VECTOR('',#2274,10.);
#599=VECTOR('',#2275,10.);
#600=VECTOR('',#2278,10.);
#601=VECTOR('',#2279,10.);
#602=VECTOR('',#2282,10.);
#603=VECTOR('',#2283,10.);
#604=VECTOR('',#2286,10.);
#605=VECTOR('',#2289,10.);
#606=VECTOR('',#2290,10.);
#607=VECTOR('',#2291,10.);
#608=VECTOR('',#2294,10.);
#609=VECTOR('',#2295,10.);
#610=VECTOR('',#2298,10.);
#611=VECTOR('',#2299,10.);
#612=VECTOR('',#2302,10.);
#613=VECTOR('',#2305,10.);
#614=VECTOR('',#2306,10.);
#615=VECTOR('',#2307,10.);
#616=VECTOR('',#2310,10.);
#617=VECTOR('',#2311,10.);
#618=VECTOR('',#2314,10.);
#619=VECTOR('',#2315,10.);
#620=VECTOR('',#2318,10.);
#621=VECTOR('',#2321,10.);
#622=VECTOR('',#2322,10.);
#623=VECTOR('',#2323,10.);
#624=VECTOR('',#2324,10.);
#625=VECTOR('',#2327,10.);
#626=VECTOR('',#2328,10.);
#627=VECTOR('',#2329,10.);
#628=VECTOR('',#2332,10.);
#629=VECTOR('',#2333,10.);
#630=VECTOR('',#2334,10.);
#631=VECTOR('',#2337,10.);
#632=VECTOR('',#2340,10.);
#633=VECTOR('',#2341,10.);
#634=VECTOR('',#2342,10.);
#635=VECTOR('',#2343,10.);
#636=VECTOR('',#2344,10.);
#637=VECTOR('',#2345,10.);
#638=VECTOR('',#2346,10.);
#639=VECTOR('',#2349,10.);
#640=VECTOR('',#2350,10.);
#641=VECTOR('',#2351,10.);
#642=VECTOR('',#2354,10.);
#643=VECTOR('',#2355,10.);
#644=VECTOR('',#2358,10.);
#645=VECTOR('',#2359,10.);
#646=VECTOR('',#2362,10.);
#647=VECTOR('',#2365,10.);
#648=VECTOR('',#2366,10.);
#649=VECTOR('',#2367,10.);
#650=VECTOR('',#2368,10.);
#651=VECTOR('',#2371,10.);
#652=VECTOR('',#2372,10.);
#653=VECTOR('',#2373,10.);
#654=VECTOR('',#2374,10.);
#655=VECTOR('',#2377,10.);
#656=VECTOR('',#2378,10.);
#657=VECTOR('',#2379,10.);
#658=VECTOR('',#2382,10.);
#659=VECTOR('',#2383,10.);
#660=VECTOR('',#2384,10.);
#661=VECTOR('',#2385,10.);
#662=VECTOR('',#2388,10.);
#663=VECTOR('',#2389,10.);
#664=VECTOR('',#2392,10.);
#665=VECTOR('',#2393,10.);
#666=VECTOR('',#2394,10.);
#667=VECTOR('',#2397,10.);
#668=VECTOR('',#2398,10.);
#669=VECTOR('',#2401,10.);
#670=VECTOR('',#2402,10.);
#671=VECTOR('',#2403,10.);
#672=VECTOR('',#2404,10.);
#673=VECTOR('',#2407,10.);
#674=VECTOR('',#2408,10.);
#675=VECTOR('',#2409,10.);
#676=VECTOR('',#2410,10.);
#677=VECTOR('',#2413,10.);
#678=VECTOR('',#2414,10.);
#679=VECTOR('',#2415,10.);
#680=VECTOR('',#2418,10.);
#681=VECTOR('',#2419,10.);
#682=VECTOR('',#2420,10.);
#683=VECTOR('',#2421,10.);
#684=VECTOR('',#2424,10.);
#685=VECTOR('',#2425,10.);
#686=VECTOR('',#2428,10.);
#687=VECTOR('',#2429,10.);
#688=VECTOR('',#2430,10.);
#689=VECTOR('',#2433,10.);
#690=VECTOR('',#2434,10.);
#691=VECTOR('',#2437,10.);
#692=VECTOR('',#2438,10.);
#693=VECTOR('',#2439,10.);
#694=VECTOR('',#2440,10.);
#695=VECTOR('',#2443,10.);
#696=VECTOR('',#2444,10.);
#697=VECTOR('',#2445,10.);
#698=VECTOR('',#2446,10.);
#699=VECTOR('',#2449,10.);
#700=VECTOR('',#2450,10.);
#701=VECTOR('',#2451,10.);
#702=VECTOR('',#2454,10.);
#703=VECTOR('',#2455,10.);
#704=VECTOR('',#2456,10.);
#705=VECTOR('',#2457,10.);
#706=VECTOR('',#2460,10.);
#707=VECTOR('',#2461,10.);
#708=VECTOR('',#2464,10.);
#709=VECTOR('',#2465,10.);
#710=VECTOR('',#2466,10.);
#711=VECTOR('',#2469,10.);
#712=VECTOR('',#2470,10.);
#713=VECTOR('',#2473,10.);
#714=VECTOR('',#2474,10.);
#715=VECTOR('',#2475,10.);
#716=VECTOR('',#2478,10.);
#717=VECTOR('',#2479,10.);
#718=VECTOR('',#2480,10.);
#719=VECTOR('',#2483,10.);
#720=VECTOR('',#2484,10.);
#721=VECTOR('',#2485,10.);
#722=VECTOR('',#2488,10.);
#723=VECTOR('',#2489,10.);
#724=VECTOR('',#2492,10.);
#725=VECTOR('',#2493,10.);
#726=VECTOR('',#2494,10.);
#727=VECTOR('',#2497,10.);
#728=VECTOR('',#2498,10.);
#729=VECTOR('',#2501,10.);
#730=VECTOR('',#2502,10.);
#731=VECTOR('',#2503,10.);
#732=VECTOR('',#2504,10.);
#733=VECTOR('',#2505,10.);
#734=VECTOR('',#2506,10.);
#735=VECTOR('',#2507,10.);
#736=VECTOR('',#2508,10.);
#737=VECTOR('',#2509,10.);
#738=VECTOR('',#2510,10.);
#739=VECTOR('',#2511,10.);
#740=VECTOR('',#2512,10.);
#741=VECTOR('',#2513,10.);
#742=VECTOR('',#2514,10.);
#743=VECTOR('',#2515,10.);
#744=VECTOR('',#2516,10.);
#745=VECTOR('',#2517,10.);
#746=VECTOR('',#2518,10.);
#747=VECTOR('',#2519,10.);
#748=VECTOR('',#2520,10.);
#749=VECTOR('',#2521,10.);
#750=VECTOR('',#2522,10.);
#751=VECTOR('',#2523,10.);
#752=VECTOR('',#2524,10.);
#753=VECTOR('',#2525,10.);
#754=VECTOR('',#2526,10.);
#755=VECTOR('',#2527,10.);
#756=VECTOR('',#2528,10.);
#757=VECTOR('',#2529,10.);
#758=VECTOR('',#2532,10.);
#759=VECTOR('',#2533,10.);
#760=VECTOR('',#2534,10.);
#761=VECTOR('',#2537,10.);
#762=VECTOR('',#2538,10.);
#763=VECTOR('',#2539,10.);
#764=VECTOR('',#2542,10.);
#765=VECTOR('',#2543,10.);
#766=VECTOR('',#2546,10.);
#767=VECTOR('',#2547,10.);
#768=VECTOR('',#2548,10.);
#769=VECTOR('',#2551,10.);
#770=VECTOR('',#2554,10.);
#771=VECTOR('',#2555,10.);
#772=VECTOR('',#2558,10.);
#773=VECTOR('',#2561,10.);
#774=VECTOR('',#2564,10.);
#775=VECTOR('',#2567,1.);
#776=VECTOR('',#2568,1.);
#777=VECTOR('',#2569,1.);
#778=VECTOR('',#2572,1.);
#779=VECTOR('',#2573,1.);
#780=VECTOR('',#2576,1.);
#781=VECTOR('',#2577,1.);
#782=VECTOR('',#2578,1.);
#783=VECTOR('',#2581,1.);
#784=VECTOR('',#2582,1.);
#785=VECTOR('',#2585,1.);
#786=VECTOR('',#2586,1.);
#787=VECTOR('',#2587,1.);
#788=VECTOR('',#2590,1.);
#789=VECTOR('',#2591,1.);
#790=VECTOR('',#2594,1.);
#791=VECTOR('',#2595,1.);
#792=VECTOR('',#2598,1.);
#793=VECTOR('',#2601,1.);
#794=VECTOR('',#2602,1.);
#795=VECTOR('',#2605,1.);
#796=VECTOR('',#2608,1.);
#797=VECTOR('',#2609,1.);
#798=VECTOR('',#2612,1.);
#799=VECTOR('',#2621,10.);
#800=VECTOR('',#2622,10.);
#801=VECTOR('',#2623,10.);
#802=VECTOR('',#2624,10.);
#803=VECTOR('',#2625,10.);
#804=VECTOR('',#2628,10.);
#805=VECTOR('',#2629,10.);
#806=VECTOR('',#2630,10.);
#807=VECTOR('',#2633,10.);
#808=VECTOR('',#2634,10.);
#809=VECTOR('',#2635,10.);
#810=VECTOR('',#2636,10.);
#811=VECTOR('',#2639,10.);
#812=VECTOR('',#2644,10.);
#813=VECTOR('',#2645,10.);
#814=VECTOR('',#2648,10.);
#815=VECTOR('',#2649,10.);
#816=VECTOR('',#2652,10.);
#817=VECTOR('',#2653,10.);
#818=VECTOR('',#2654,10.);
#819=VECTOR('',#2657,10.);
#820=VECTOR('',#2660,10.);
#821=VERTEX_POINT('',#2669);
#822=VERTEX_POINT('',#2670);
#823=VERTEX_POINT('',#2672);
#824=VERTEX_POINT('',#2674);
#825=VERTEX_POINT('',#2678);
#826=VERTEX_POINT('',#2680);
#827=VERTEX_POINT('',#2684);
#828=VERTEX_POINT('',#2686);
#829=VERTEX_POINT('',#2692);
#830=VERTEX_POINT('',#2693);
#831=VERTEX_POINT('',#2695);
#832=VERTEX_POINT('',#2697);
#833=VERTEX_POINT('',#2701);
#834=VERTEX_POINT('',#2703);
#835=VERTEX_POINT('',#2707);
#836=VERTEX_POINT('',#2709);
#837=VERTEX_POINT('',#2715);
#838=VERTEX_POINT('',#2716);
#839=VERTEX_POINT('',#2718);
#840=VERTEX_POINT('',#2720);
#841=VERTEX_POINT('',#2724);
#842=VERTEX_POINT('',#2726);
#843=VERTEX_POINT('',#2730);
#844=VERTEX_POINT('',#2732);
#845=VERTEX_POINT('',#2738);
#846=VERTEX_POINT('',#2740);
#847=VERTEX_POINT('',#2742);
#848=VERTEX_POINT('',#2744);
#849=VERTEX_POINT('',#2746);
#850=VERTEX_POINT('',#2748);
#851=VERTEX_POINT('',#2750);
#852=VERTEX_POINT('',#2752);
#853=VERTEX_POINT('',#2756);
#854=VERTEX_POINT('',#2758);
#855=VERTEX_POINT('',#2761);
#856=VERTEX_POINT('',#2763);
#857=VERTEX_POINT('',#2765);
#858=VERTEX_POINT('',#2767);
#859=VERTEX_POINT('',#2771);
#860=VERTEX_POINT('',#2773);
#861=VERTEX_POINT('',#2776);
#862=VERTEX_POINT('',#2778);
#863=VERTEX_POINT('',#2780);
#864=VERTEX_POINT('',#2782);
#865=VERTEX_POINT('',#2786);
#866=VERTEX_POINT('',#2788);
#867=VERTEX_POINT('',#2792);
#868=VERTEX_POINT('',#2796);
#869=VERTEX_POINT('',#2802);
#870=VERTEX_POINT('',#2804);
#871=VERTEX_POINT('',#2808);
#872=VERTEX_POINT('',#2812);
#873=VERTEX_POINT('',#2818);
#874=VERTEX_POINT('',#2820);
#875=VERTEX_POINT('',#2824);
#876=VERTEX_POINT('',#2828);
#877=VERTEX_POINT('',#2834);
#878=VERTEX_POINT('',#2835);
#879=VERTEX_POINT('',#2837);
#880=VERTEX_POINT('',#2839);
#881=VERTEX_POINT('',#2843);
#882=VERTEX_POINT('',#2845);
#883=VERTEX_POINT('',#2849);
#884=VERTEX_POINT('',#2851);
#885=VERTEX_POINT('',#2859);
#886=VERTEX_POINT('',#2861);
#887=VERTEX_POINT('',#2863);
#888=VERTEX_POINT('',#2865);
#889=VERTEX_POINT('',#2869);
#890=VERTEX_POINT('',#2871);
#891=VERTEX_POINT('',#2875);
#892=VERTEX_POINT('',#2879);
#893=VERTEX_POINT('',#2885);
#894=VERTEX_POINT('',#2886);
#895=VERTEX_POINT('',#2888);
#896=VERTEX_POINT('',#2890);
#897=VERTEX_POINT('',#2894);
#898=VERTEX_POINT('',#2895);
#899=VERTEX_POINT('',#2897);
#900=VERTEX_POINT('',#2899);
#901=VERTEX_POINT('',#2903);
#902=VERTEX_POINT('',#2905);
#903=VERTEX_POINT('',#2909);
#904=VERTEX_POINT('',#2910);
#905=VERTEX_POINT('',#2912);
#906=VERTEX_POINT('',#2914);
#907=VERTEX_POINT('',#2921);
#908=VERTEX_POINT('',#2923);
#909=VERTEX_POINT('',#2930);
#910=VERTEX_POINT('',#2931);
#911=VERTEX_POINT('',#2933);
#912=VERTEX_POINT('',#2935);
#913=VERTEX_POINT('',#2939);
#914=VERTEX_POINT('',#2940);
#915=VERTEX_POINT('',#2942);
#916=VERTEX_POINT('',#2944);
#917=VERTEX_POINT('',#2948);
#918=VERTEX_POINT('',#2950);
#919=VERTEX_POINT('',#2954);
#920=VERTEX_POINT('',#2955);
#921=VERTEX_POINT('',#2957);
#922=VERTEX_POINT('',#2959);
#923=VERTEX_POINT('',#2966);
#924=VERTEX_POINT('',#2968);
#925=VERTEX_POINT('',#2975);
#926=VERTEX_POINT('',#2976);
#927=VERTEX_POINT('',#2978);
#928=VERTEX_POINT('',#2980);
#929=VERTEX_POINT('',#2984);
#930=VERTEX_POINT('',#2985);
#931=VERTEX_POINT('',#2987);
#932=VERTEX_POINT('',#2989);
#933=VERTEX_POINT('',#2993);
#934=VERTEX_POINT('',#2995);
#935=VERTEX_POINT('',#2999);
#936=VERTEX_POINT('',#3000);
#937=VERTEX_POINT('',#3002);
#938=VERTEX_POINT('',#3004);
#939=VERTEX_POINT('',#3011);
#940=VERTEX_POINT('',#3013);
#941=VERTEX_POINT('',#3020);
#942=VERTEX_POINT('',#3022);
#943=VERTEX_POINT('',#3026);
#944=VERTEX_POINT('',#3028);
#945=VERTEX_POINT('',#3032);
#946=VERTEX_POINT('',#3034);
#947=VERTEX_POINT('',#3041);
#948=VERTEX_POINT('',#3043);
#949=VERTEX_POINT('',#3050);
#950=VERTEX_POINT('',#3052);
#951=VERTEX_POINT('',#3054);
#952=VERTEX_POINT('',#3056);
#953=VERTEX_POINT('',#3058);
#954=VERTEX_POINT('',#3060);
#955=VERTEX_POINT('',#3062);
#956=VERTEX_POINT('',#3064);
#957=VERTEX_POINT('',#3067);
#958=VERTEX_POINT('',#3068);
#959=VERTEX_POINT('',#3070);
#960=VERTEX_POINT('',#3072);
#961=VERTEX_POINT('',#3075);
#962=VERTEX_POINT('',#3076);
#963=VERTEX_POINT('',#3078);
#964=VERTEX_POINT('',#3080);
#965=VERTEX_POINT('',#3083);
#966=VERTEX_POINT('',#3084);
#967=VERTEX_POINT('',#3086);
#968=VERTEX_POINT('',#3088);
#969=VERTEX_POINT('',#3091);
#970=VERTEX_POINT('',#3092);
#971=VERTEX_POINT('',#3094);
#972=VERTEX_POINT('',#3096);
#973=VERTEX_POINT('',#3098);
#974=VERTEX_POINT('',#3100);
#975=VERTEX_POINT('',#3102);
#976=VERTEX_POINT('',#3104);
#977=VERTEX_POINT('',#3108);
#978=VERTEX_POINT('',#3110);
#979=VERTEX_POINT('',#3114);
#980=VERTEX_POINT('',#3116);
#981=VERTEX_POINT('',#3120);
#982=VERTEX_POINT('',#3124);
#983=VERTEX_POINT('',#3125);
#984=VERTEX_POINT('',#3132);
#985=VERTEX_POINT('',#3142);
#986=VERTEX_POINT('',#3144);
#987=VERTEX_POINT('',#3148);
#988=VERTEX_POINT('',#3152);
#989=VERTEX_POINT('',#3154);
#990=VERTEX_POINT('',#3158);
#991=VERTEX_POINT('',#3162);
#992=VERTEX_POINT('',#3164);
#993=VERTEX_POINT('',#3168);
#994=VERTEX_POINT('',#3172);
#995=VERTEX_POINT('',#3178);
#996=VERTEX_POINT('',#3184);
#997=VERTEX_POINT('',#3193);
#998=VERTEX_POINT('',#3194);
#999=VERTEX_POINT('',#3196);
#1000=VERTEX_POINT('',#3198);
#1001=VERTEX_POINT('',#3203);
#1002=VERTEX_POINT('',#3205);
#1003=VERTEX_POINT('',#3209);
#1004=VERTEX_POINT('',#3212);
#1005=VERTEX_POINT('',#3219);
#1006=VERTEX_POINT('',#3223);
#1007=VERTEX_POINT('',#3227);
#1008=VERTEX_POINT('',#3229);
#1009=EDGE_CURVE('',#821,#822,#257,.T.);
#1010=EDGE_CURVE('',#821,#823,#258,.T.);
#1011=EDGE_CURVE('',#823,#824,#259,.T.);
#1012=EDGE_CURVE('',#822,#824,#260,.T.);
#1013=EDGE_CURVE('',#825,#821,#261,.T.);
#1014=EDGE_CURVE('',#825,#826,#262,.T.);
#1015=EDGE_CURVE('',#826,#823,#263,.T.);
#1016=EDGE_CURVE('',#827,#825,#264,.T.);
#1017=EDGE_CURVE('',#828,#827,#265,.T.);
#1018=EDGE_CURVE('',#828,#826,#266,.T.);
#1019=EDGE_CURVE('',#824,#828,#267,.T.);
#1020=EDGE_CURVE('',#829,#830,#268,.T.);
#1021=EDGE_CURVE('',#829,#831,#269,.T.);
#1022=EDGE_CURVE('',#831,#832,#270,.T.);
#1023=EDGE_CURVE('',#830,#832,#271,.T.);
#1024=EDGE_CURVE('',#833,#829,#272,.T.);
#1025=EDGE_CURVE('',#833,#834,#273,.T.);
#1026=EDGE_CURVE('',#834,#831,#274,.T.);
#1027=EDGE_CURVE('',#835,#833,#275,.T.);
#1028=EDGE_CURVE('',#836,#835,#276,.T.);
#1029=EDGE_CURVE('',#836,#834,#277,.T.);
#1030=EDGE_CURVE('',#832,#836,#278,.T.);
#1031=EDGE_CURVE('',#837,#838,#279,.T.);
#1032=EDGE_CURVE('',#837,#839,#280,.T.);
#1033=EDGE_CURVE('',#839,#840,#281,.T.);
#1034=EDGE_CURVE('',#838,#840,#282,.T.);
#1035=EDGE_CURVE('',#841,#837,#283,.T.);
#1036=EDGE_CURVE('',#841,#842,#284,.T.);
#1037=EDGE_CURVE('',#842,#839,#285,.T.);
#1038=EDGE_CURVE('',#843,#841,#286,.T.);
#1039=EDGE_CURVE('',#844,#843,#287,.T.);
#1040=EDGE_CURVE('',#844,#842,#288,.T.);
#1041=EDGE_CURVE('',#840,#844,#289,.T.);
#1042=EDGE_CURVE('',#845,#822,#290,.T.);
#1043=EDGE_CURVE('',#846,#845,#291,.T.);
#1044=EDGE_CURVE('',#846,#847,#292,.T.);
#1045=EDGE_CURVE('',#847,#848,#293,.T.);
#1046=EDGE_CURVE('',#849,#848,#294,.T.);
#1047=EDGE_CURVE('',#849,#850,#295,.T.);
#1048=EDGE_CURVE('',#850,#851,#296,.T.);
#1049=EDGE_CURVE('',#851,#852,#297,.T.);
#1050=EDGE_CURVE('',#827,#852,#298,.T.);
#1051=EDGE_CURVE('',#853,#830,#299,.T.);
#1052=EDGE_CURVE('',#854,#853,#300,.T.);
#1053=EDGE_CURVE('',#854,#846,#301,.T.);
#1054=EDGE_CURVE('',#855,#845,#302,.T.);
#1055=EDGE_CURVE('',#855,#856,#303,.T.);
#1056=EDGE_CURVE('',#856,#857,#304,.T.);
#1057=EDGE_CURVE('',#857,#858,#305,.T.);
#1058=EDGE_CURVE('',#835,#858,#306,.T.);
#1059=EDGE_CURVE('',#859,#838,#307,.T.);
#1060=EDGE_CURVE('',#860,#859,#308,.T.);
#1061=EDGE_CURVE('',#860,#854,#309,.T.);
#1062=EDGE_CURVE('',#861,#853,#310,.T.);
#1063=EDGE_CURVE('',#861,#862,#311,.T.);
#1064=EDGE_CURVE('',#862,#863,#312,.T.);
#1065=EDGE_CURVE('',#863,#864,#313,.T.);
#1066=EDGE_CURVE('',#843,#864,#314,.T.);
#1067=EDGE_CURVE('',#851,#865,#315,.T.);
#1068=EDGE_CURVE('',#865,#866,#316,.T.);
#1069=EDGE_CURVE('',#852,#866,#317,.T.);
#1070=EDGE_CURVE('',#850,#867,#318,.T.);
#1071=EDGE_CURVE('',#867,#865,#319,.T.);
#1072=EDGE_CURVE('',#868,#849,#320,.T.);
#1073=EDGE_CURVE('',#868,#867,#321,.T.);
#1074=EDGE_CURVE('',#866,#868,#322,.T.);
#1075=EDGE_CURVE('',#857,#869,#323,.T.);
#1076=EDGE_CURVE('',#869,#870,#324,.T.);
#1077=EDGE_CURVE('',#858,#870,#325,.T.);
#1078=EDGE_CURVE('',#856,#871,#326,.T.);
#1079=EDGE_CURVE('',#871,#869,#327,.T.);
#1080=EDGE_CURVE('',#872,#855,#328,.T.);
#1081=EDGE_CURVE('',#872,#871,#329,.T.);
#1082=EDGE_CURVE('',#870,#872,#330,.T.);
#1083=EDGE_CURVE('',#863,#873,#331,.T.);
#1084=EDGE_CURVE('',#873,#874,#332,.T.);
#1085=EDGE_CURVE('',#864,#874,#333,.T.);
#1086=EDGE_CURVE('',#862,#875,#334,.T.);
#1087=EDGE_CURVE('',#875,#873,#335,.T.);
#1088=EDGE_CURVE('',#876,#861,#336,.T.);
#1089=EDGE_CURVE('',#876,#875,#337,.T.);
#1090=EDGE_CURVE('',#874,#876,#338,.T.);
#1091=EDGE_CURVE('',#877,#878,#339,.T.);
#1092=EDGE_CURVE('',#877,#879,#340,.T.);
#1093=EDGE_CURVE('',#879,#880,#341,.T.);
#1094=EDGE_CURVE('',#878,#880,#342,.T.);
#1095=EDGE_CURVE('',#881,#877,#343,.T.);
#1096=EDGE_CURVE('',#881,#882,#344,.T.);
#1097=EDGE_CURVE('',#882,#879,#345,.T.);
#1098=EDGE_CURVE('',#883,#881,#346,.T.);
#1099=EDGE_CURVE('',#884,#883,#347,.T.);
#1100=EDGE_CURVE('',#884,#882,#348,.T.);
#1101=EDGE_CURVE('',#880,#884,#349,.T.);
#1102=EDGE_CURVE('',#848,#878,#350,.T.);
#1103=EDGE_CURVE('',#847,#860,#351,.T.);
#1104=EDGE_CURVE('',#885,#859,#352,.T.);
#1105=EDGE_CURVE('',#885,#886,#353,.T.);
#1106=EDGE_CURVE('',#886,#887,#354,.T.);
#1107=EDGE_CURVE('',#887,#888,#355,.T.);
#1108=EDGE_CURVE('',#883,#888,#356,.T.);
#1109=EDGE_CURVE('',#887,#889,#357,.T.);
#1110=EDGE_CURVE('',#889,#890,#358,.T.);
#1111=EDGE_CURVE('',#888,#890,#359,.T.);
#1112=EDGE_CURVE('',#886,#891,#360,.T.);
#1113=EDGE_CURVE('',#891,#889,#361,.T.);
#1114=EDGE_CURVE('',#892,#885,#362,.T.);
#1115=EDGE_CURVE('',#892,#891,#363,.T.);
#1116=EDGE_CURVE('',#890,#892,#364,.T.);
#1117=EDGE_CURVE('',#893,#894,#365,.T.);
#1118=EDGE_CURVE('',#895,#893,#366,.T.);
#1119=EDGE_CURVE('',#895,#896,#367,.T.);
#1120=EDGE_CURVE('',#896,#894,#368,.T.);
#1121=EDGE_CURVE('',#897,#898,#369,.T.);
#1122=EDGE_CURVE('',#899,#897,#370,.T.);
#1123=EDGE_CURVE('',#899,#900,#371,.T.);
#1124=EDGE_CURVE('',#898,#900,#372,.T.);
#1125=EDGE_CURVE('',#901,#895,#373,.T.);
#1126=EDGE_CURVE('',#902,#901,#374,.T.);
#1127=EDGE_CURVE('',#896,#902,#375,.T.);
#1128=EDGE_CURVE('',#903,#904,#376,.T.);
#1129=EDGE_CURVE('',#905,#903,#377,.T.);
#1130=EDGE_CURVE('',#906,#905,#378,.T.);
#1131=EDGE_CURVE('',#904,#906,#379,.T.);
#1132=EDGE_CURVE('',#904,#901,#380,.T.);
#1133=EDGE_CURVE('',#906,#902,#381,.T.);
#1134=EDGE_CURVE('',#905,#907,#382,.T.);
#1135=EDGE_CURVE('',#908,#903,#383,.T.);
#1136=EDGE_CURVE('',#908,#907,#384,.F.);
#1137=EDGE_CURVE('',#907,#899,#385,.T.);
#1138=EDGE_CURVE('',#900,#908,#386,.T.);
#1139=EDGE_CURVE('',#909,#910,#387,.T.);
#1140=EDGE_CURVE('',#911,#909,#388,.T.);
#1141=EDGE_CURVE('',#911,#912,#389,.T.);
#1142=EDGE_CURVE('',#912,#910,#390,.T.);
#1143=EDGE_CURVE('',#913,#914,#391,.T.);
#1144=EDGE_CURVE('',#915,#913,#392,.T.);
#1145=EDGE_CURVE('',#915,#916,#393,.T.);
#1146=EDGE_CURVE('',#914,#916,#394,.T.);
#1147=EDGE_CURVE('',#917,#911,#395,.T.);
#1148=EDGE_CURVE('',#918,#917,#396,.T.);
#1149=EDGE_CURVE('',#912,#918,#397,.T.);
#1150=EDGE_CURVE('',#919,#920,#398,.T.);
#1151=EDGE_CURVE('',#921,#919,#399,.T.);
#1152=EDGE_CURVE('',#922,#921,#400,.T.);
#1153=EDGE_CURVE('',#920,#922,#401,.T.);
#1154=EDGE_CURVE('',#920,#917,#402,.T.);
#1155=EDGE_CURVE('',#922,#918,#403,.T.);
#1156=EDGE_CURVE('',#921,#923,#404,.T.);
#1157=EDGE_CURVE('',#924,#919,#405,.T.);
#1158=EDGE_CURVE('',#924,#923,#406,.F.);
#1159=EDGE_CURVE('',#923,#915,#407,.T.);
#1160=EDGE_CURVE('',#916,#924,#408,.T.);
#1161=EDGE_CURVE('',#925,#926,#409,.T.);
#1162=EDGE_CURVE('',#927,#925,#410,.T.);
#1163=EDGE_CURVE('',#927,#928,#411,.T.);
#1164=EDGE_CURVE('',#928,#926,#412,.T.);
#1165=EDGE_CURVE('',#929,#930,#413,.T.);
#1166=EDGE_CURVE('',#931,#929,#414,.T.);
#1167=EDGE_CURVE('',#931,#932,#415,.T.);
#1168=EDGE_CURVE('',#930,#932,#416,.T.);
#1169=EDGE_CURVE('',#933,#927,#417,.T.);
#1170=EDGE_CURVE('',#934,#933,#418,.T.);
#1171=EDGE_CURVE('',#928,#934,#419,.T.);
#1172=EDGE_CURVE('',#935,#936,#420,.T.);
#1173=EDGE_CURVE('',#937,#935,#421,.T.);
#1174=EDGE_CURVE('',#938,#937,#422,.T.);
#1175=EDGE_CURVE('',#936,#938,#423,.T.);
#1176=EDGE_CURVE('',#936,#933,#424,.T.);
#1177=EDGE_CURVE('',#938,#934,#425,.T.);
#1178=EDGE_CURVE('',#937,#939,#426,.T.);
#1179=EDGE_CURVE('',#940,#935,#427,.T.);
#1180=EDGE_CURVE('',#940,#939,#428,.F.);
#1181=EDGE_CURVE('',#939,#931,#429,.T.);
#1182=EDGE_CURVE('',#932,#940,#430,.T.);
#1183=EDGE_CURVE('',#941,#898,#431,.T.);
#1184=EDGE_CURVE('',#941,#942,#432,.T.);
#1185=EDGE_CURVE('',#942,#897,#433,.T.);
#1186=EDGE_CURVE('',#894,#943,#434,.T.);
#1187=EDGE_CURVE('',#944,#943,#435,.T.);
#1188=EDGE_CURVE('',#893,#944,#436,.T.);
#1189=EDGE_CURVE('',#945,#914,#437,.T.);
#1190=EDGE_CURVE('',#945,#946,#438,.T.);
#1191=EDGE_CURVE('',#946,#913,#439,.T.);
#1192=EDGE_CURVE('',#910,#942,#440,.T.);
#1193=EDGE_CURVE('',#909,#941,#441,.T.);
#1194=EDGE_CURVE('',#947,#930,#442,.T.);
#1195=EDGE_CURVE('',#947,#948,#443,.T.);
#1196=EDGE_CURVE('',#948,#929,#444,.T.);
#1197=EDGE_CURVE('',#926,#946,#445,.T.);
#1198=EDGE_CURVE('',#925,#945,#446,.T.);
#1199=EDGE_CURVE('',#949,#948,#447,.T.);
#1200=EDGE_CURVE('',#950,#949,#448,.T.);
#1201=EDGE_CURVE('',#950,#951,#449,.T.);
#1202=EDGE_CURVE('',#952,#951,#450,.T.);
#1203=EDGE_CURVE('',#952,#953,#451,.T.);
#1204=EDGE_CURVE('',#953,#954,#452,.T.);
#1205=EDGE_CURVE('',#954,#955,#453,.T.);
#1206=EDGE_CURVE('',#955,#956,#454,.T.);
#1207=EDGE_CURVE('',#943,#956,#455,.T.);
#1208=EDGE_CURVE('',#957,#958,#456,.T.);
#1209=EDGE_CURVE('',#958,#959,#457,.T.);
#1210=EDGE_CURVE('',#959,#960,#458,.T.);
#1211=EDGE_CURVE('',#960,#957,#459,.T.);
#1212=EDGE_CURVE('',#961,#962,#460,.T.);
#1213=EDGE_CURVE('',#962,#963,#461,.T.);
#1214=EDGE_CURVE('',#963,#964,#462,.T.);
#1215=EDGE_CURVE('',#964,#961,#463,.T.);
#1216=EDGE_CURVE('',#965,#966,#464,.T.);
#1217=EDGE_CURVE('',#966,#967,#465,.T.);
#1218=EDGE_CURVE('',#967,#968,#466,.T.);
#1219=EDGE_CURVE('',#968,#965,#467,.T.);
#1220=EDGE_CURVE('',#969,#970,#468,.T.);
#1221=EDGE_CURVE('',#970,#971,#469,.T.);
#1222=EDGE_CURVE('',#971,#972,#470,.T.);
#1223=EDGE_CURVE('',#973,#972,#471,.T.);
#1224=EDGE_CURVE('',#974,#973,#472,.T.);
#1225=EDGE_CURVE('',#975,#974,#473,.T.);
#1226=EDGE_CURVE('',#976,#975,#474,.T.);
#1227=EDGE_CURVE('',#969,#976,#475,.T.);
#1228=EDGE_CURVE('',#977,#949,#476,.T.);
#1229=EDGE_CURVE('',#978,#977,#477,.T.);
#1230=EDGE_CURVE('',#978,#950,#478,.T.);
#1231=EDGE_CURVE('',#956,#979,#479,.T.);
#1232=EDGE_CURVE('',#955,#980,#480,.T.);
#1233=EDGE_CURVE('',#979,#980,#481,.T.);
#1234=EDGE_CURVE('',#981,#978,#482,.T.);
#1235=EDGE_CURVE('',#951,#981,#483,.T.);
#1236=EDGE_CURVE('',#982,#983,#484,.T.);
#1237=EDGE_CURVE('',#953,#982,#485,.T.);
#1238=EDGE_CURVE('',#983,#952,#486,.T.);
#1239=EDGE_CURVE('',#983,#981,#487,.T.);
#1240=EDGE_CURVE('',#984,#982,#488,.T.);
#1241=EDGE_CURVE('',#984,#954,#489,.F.);
#1242=EDGE_CURVE('',#980,#984,#490,.T.);
#1243=EDGE_CURVE('',#944,#979,#491,.T.);
#1244=EDGE_CURVE('',#977,#947,#492,.T.);
#1245=EDGE_CURVE('',#959,#985,#493,.T.);
#1246=EDGE_CURVE('',#986,#985,#494,.T.);
#1247=EDGE_CURVE('',#960,#986,#495,.T.);
#1248=EDGE_CURVE('',#987,#986,#496,.T.);
#1249=EDGE_CURVE('',#957,#987,#497,.T.);
#1250=EDGE_CURVE('',#963,#988,#498,.T.);
#1251=EDGE_CURVE('',#989,#988,#499,.T.);
#1252=EDGE_CURVE('',#964,#989,#500,.T.);
#1253=EDGE_CURVE('',#990,#989,#501,.T.);
#1254=EDGE_CURVE('',#961,#990,#502,.T.);
#1255=EDGE_CURVE('',#967,#991,#503,.T.);
#1256=EDGE_CURVE('',#992,#991,#504,.T.);
#1257=EDGE_CURVE('',#968,#992,#505,.T.);
#1258=EDGE_CURVE('',#993,#992,#506,.T.);
#1259=EDGE_CURVE('',#965,#993,#507,.T.);
#1260=EDGE_CURVE('',#994,#987,#508,.T.);
#1261=EDGE_CURVE('',#958,#994,#509,.T.);
#1262=EDGE_CURVE('',#985,#994,#510,.T.);
#1263=EDGE_CURVE('',#995,#990,#511,.T.);
#1264=EDGE_CURVE('',#962,#995,#512,.T.);
#1265=EDGE_CURVE('',#988,#995,#513,.T.);
#1266=EDGE_CURVE('',#996,#993,#514,.T.);
#1267=EDGE_CURVE('',#966,#996,#515,.T.);
#1268=EDGE_CURVE('',#991,#996,#516,.T.);
#1269=EDGE_CURVE('',#997,#998,#517,.T.);
#1270=EDGE_CURVE('',#997,#999,#518,.T.);
#1271=EDGE_CURVE('',#999,#1000,#519,.T.);
#1272=EDGE_CURVE('',#970,#1000,#520,.T.);
#1273=EDGE_CURVE('',#998,#969,#521,.T.);
#1274=EDGE_CURVE('',#1001,#997,#522,.T.);
#1275=EDGE_CURVE('',#1001,#1002,#523,.T.);
#1276=EDGE_CURVE('',#1002,#999,#524,.T.);
#1277=EDGE_CURVE('',#1003,#1001,#525,.T.);
#1278=EDGE_CURVE('',#972,#1003,#526,.T.);
#1279=EDGE_CURVE('',#971,#1004,#527,.T.);
#1280=EDGE_CURVE('',#1004,#1002,#528,.T.);
#1281=EDGE_CURVE('',#1000,#1004,#529,.T.);
#1282=EDGE_CURVE('',#1003,#1005,#530,.T.);
#1283=EDGE_CURVE('',#973,#1005,#531,.T.);
#1284=EDGE_CURVE('',#976,#1006,#532,.T.);
#1285=EDGE_CURVE('',#1006,#998,#533,.T.);
#1286=EDGE_CURVE('',#974,#1007,#534,.T.);
#1287=EDGE_CURVE('',#1007,#1008,#535,.T.);
#1288=EDGE_CURVE('',#975,#1008,#536,.T.);
#1289=EDGE_CURVE('',#1005,#1007,#537,.T.);
#1290=EDGE_CURVE('',#1008,#1006,#538,.T.);
#1291=ORIENTED_EDGE('',*,*,#1009,.F.);
#1292=ORIENTED_EDGE('',*,*,#1010,.T.);
#1293=ORIENTED_EDGE('',*,*,#1011,.T.);
#1294=ORIENTED_EDGE('',*,*,#1012,.F.);
#1295=ORIENTED_EDGE('',*,*,#1013,.F.);
#1296=ORIENTED_EDGE('',*,*,#1014,.T.);
#1297=ORIENTED_EDGE('',*,*,#1015,.T.);
#1298=ORIENTED_EDGE('',*,*,#1010,.F.);
#1299=ORIENTED_EDGE('',*,*,#1016,.F.);
#1300=ORIENTED_EDGE('',*,*,#1017,.F.);
#1301=ORIENTED_EDGE('',*,*,#1018,.T.);
#1302=ORIENTED_EDGE('',*,*,#1014,.F.);
#1303=ORIENTED_EDGE('',*,*,#1018,.F.);
#1304=ORIENTED_EDGE('',*,*,#1019,.F.);
#1305=ORIENTED_EDGE('',*,*,#1011,.F.);
#1306=ORIENTED_EDGE('',*,*,#1015,.F.);
#1307=ORIENTED_EDGE('',*,*,#1020,.F.);
#1308=ORIENTED_EDGE('',*,*,#1021,.T.);
#1309=ORIENTED_EDGE('',*,*,#1022,.T.);
#1310=ORIENTED_EDGE('',*,*,#1023,.F.);
#1311=ORIENTED_EDGE('',*,*,#1024,.F.);
#1312=ORIENTED_EDGE('',*,*,#1025,.T.);
#1313=ORIENTED_EDGE('',*,*,#1026,.T.);
#1314=ORIENTED_EDGE('',*,*,#1021,.F.);
#1315=ORIENTED_EDGE('',*,*,#1027,.F.);
#1316=ORIENTED_EDGE('',*,*,#1028,.F.);
#1317=ORIENTED_EDGE('',*,*,#1029,.T.);
#1318=ORIENTED_EDGE('',*,*,#1025,.F.);
#1319=ORIENTED_EDGE('',*,*,#1029,.F.);
#1320=ORIENTED_EDGE('',*,*,#1030,.F.);
#1321=ORIENTED_EDGE('',*,*,#1022,.F.);
#1322=ORIENTED_EDGE('',*,*,#1026,.F.);
#1323=ORIENTED_EDGE('',*,*,#1031,.F.);
#1324=ORIENTED_EDGE('',*,*,#1032,.T.);
#1325=ORIENTED_EDGE('',*,*,#1033,.T.);
#1326=ORIENTED_EDGE('',*,*,#1034,.F.);
#1327=ORIENTED_EDGE('',*,*,#1035,.F.);
#1328=ORIENTED_EDGE('',*,*,#1036,.T.);
#1329=ORIENTED_EDGE('',*,*,#1037,.T.);
#1330=ORIENTED_EDGE('',*,*,#1032,.F.);
#1331=ORIENTED_EDGE('',*,*,#1038,.F.);
#1332=ORIENTED_EDGE('',*,*,#1039,.F.);
#1333=ORIENTED_EDGE('',*,*,#1040,.T.);
#1334=ORIENTED_EDGE('',*,*,#1036,.F.);
#1335=ORIENTED_EDGE('',*,*,#1040,.F.);
#1336=ORIENTED_EDGE('',*,*,#1041,.F.);
#1337=ORIENTED_EDGE('',*,*,#1033,.F.);
#1338=ORIENTED_EDGE('',*,*,#1037,.F.);
#1339=ORIENTED_EDGE('',*,*,#1016,.T.);
#1340=ORIENTED_EDGE('',*,*,#1013,.T.);
#1341=ORIENTED_EDGE('',*,*,#1009,.T.);
#1342=ORIENTED_EDGE('',*,*,#1042,.F.);
#1343=ORIENTED_EDGE('',*,*,#1043,.F.);
#1344=ORIENTED_EDGE('',*,*,#1044,.T.);
#1345=ORIENTED_EDGE('',*,*,#1045,.T.);
#1346=ORIENTED_EDGE('',*,*,#1046,.F.);
#1347=ORIENTED_EDGE('',*,*,#1047,.T.);
#1348=ORIENTED_EDGE('',*,*,#1048,.T.);
#1349=ORIENTED_EDGE('',*,*,#1049,.T.);
#1350=ORIENTED_EDGE('',*,*,#1050,.F.);
#1351=ORIENTED_EDGE('',*,*,#1027,.T.);
#1352=ORIENTED_EDGE('',*,*,#1024,.T.);
#1353=ORIENTED_EDGE('',*,*,#1020,.T.);
#1354=ORIENTED_EDGE('',*,*,#1051,.F.);
#1355=ORIENTED_EDGE('',*,*,#1052,.F.);
#1356=ORIENTED_EDGE('',*,*,#1053,.T.);
#1357=ORIENTED_EDGE('',*,*,#1043,.T.);
#1358=ORIENTED_EDGE('',*,*,#1054,.F.);
#1359=ORIENTED_EDGE('',*,*,#1055,.T.);
#1360=ORIENTED_EDGE('',*,*,#1056,.T.);
#1361=ORIENTED_EDGE('',*,*,#1057,.T.);
#1362=ORIENTED_EDGE('',*,*,#1058,.F.);
#1363=ORIENTED_EDGE('',*,*,#1038,.T.);
#1364=ORIENTED_EDGE('',*,*,#1035,.T.);
#1365=ORIENTED_EDGE('',*,*,#1031,.T.);
#1366=ORIENTED_EDGE('',*,*,#1059,.F.);
#1367=ORIENTED_EDGE('',*,*,#1060,.F.);
#1368=ORIENTED_EDGE('',*,*,#1061,.T.);
#1369=ORIENTED_EDGE('',*,*,#1052,.T.);
#1370=ORIENTED_EDGE('',*,*,#1062,.F.);
#1371=ORIENTED_EDGE('',*,*,#1063,.T.);
#1372=ORIENTED_EDGE('',*,*,#1064,.T.);
#1373=ORIENTED_EDGE('',*,*,#1065,.T.);
#1374=ORIENTED_EDGE('',*,*,#1066,.F.);
#1375=ORIENTED_EDGE('',*,*,#1049,.F.);
#1376=ORIENTED_EDGE('',*,*,#1067,.T.);
#1377=ORIENTED_EDGE('',*,*,#1068,.T.);
#1378=ORIENTED_EDGE('',*,*,#1069,.F.);
#1379=ORIENTED_EDGE('',*,*,#1048,.F.);
#1380=ORIENTED_EDGE('',*,*,#1070,.T.);
#1381=ORIENTED_EDGE('',*,*,#1071,.T.);
#1382=ORIENTED_EDGE('',*,*,#1067,.F.);
#1383=ORIENTED_EDGE('',*,*,#1047,.F.);
#1384=ORIENTED_EDGE('',*,*,#1072,.F.);
#1385=ORIENTED_EDGE('',*,*,#1073,.T.);
#1386=ORIENTED_EDGE('',*,*,#1070,.F.);
#1387=ORIENTED_EDGE('',*,*,#1073,.F.);
#1388=ORIENTED_EDGE('',*,*,#1074,.F.);
#1389=ORIENTED_EDGE('',*,*,#1068,.F.);
#1390=ORIENTED_EDGE('',*,*,#1071,.F.);
#1391=ORIENTED_EDGE('',*,*,#1057,.F.);
#1392=ORIENTED_EDGE('',*,*,#1075,.T.);
#1393=ORIENTED_EDGE('',*,*,#1076,.T.);
#1394=ORIENTED_EDGE('',*,*,#1077,.F.);
#1395=ORIENTED_EDGE('',*,*,#1056,.F.);
#1396=ORIENTED_EDGE('',*,*,#1078,.T.);
#1397=ORIENTED_EDGE('',*,*,#1079,.T.);
#1398=ORIENTED_EDGE('',*,*,#1075,.F.);
#1399=ORIENTED_EDGE('',*,*,#1055,.F.);
#1400=ORIENTED_EDGE('',*,*,#1080,.F.);
#1401=ORIENTED_EDGE('',*,*,#1081,.T.);
#1402=ORIENTED_EDGE('',*,*,#1078,.F.);
#1403=ORIENTED_EDGE('',*,*,#1081,.F.);
#1404=ORIENTED_EDGE('',*,*,#1082,.F.);
#1405=ORIENTED_EDGE('',*,*,#1076,.F.);
#1406=ORIENTED_EDGE('',*,*,#1079,.F.);
#1407=ORIENTED_EDGE('',*,*,#1065,.F.);
#1408=ORIENTED_EDGE('',*,*,#1083,.T.);
#1409=ORIENTED_EDGE('',*,*,#1084,.T.);
#1410=ORIENTED_EDGE('',*,*,#1085,.F.);
#1411=ORIENTED_EDGE('',*,*,#1064,.F.);
#1412=ORIENTED_EDGE('',*,*,#1086,.T.);
#1413=ORIENTED_EDGE('',*,*,#1087,.T.);
#1414=ORIENTED_EDGE('',*,*,#1083,.F.);
#1415=ORIENTED_EDGE('',*,*,#1063,.F.);
#1416=ORIENTED_EDGE('',*,*,#1088,.F.);
#1417=ORIENTED_EDGE('',*,*,#1089,.T.);
#1418=ORIENTED_EDGE('',*,*,#1086,.F.);
#1419=ORIENTED_EDGE('',*,*,#1089,.F.);
#1420=ORIENTED_EDGE('',*,*,#1090,.F.);
#1421=ORIENTED_EDGE('',*,*,#1084,.F.);
#1422=ORIENTED_EDGE('',*,*,#1087,.F.);
#1423=ORIENTED_EDGE('',*,*,#1091,.F.);
#1424=ORIENTED_EDGE('',*,*,#1092,.T.);
#1425=ORIENTED_EDGE('',*,*,#1093,.T.);
#1426=ORIENTED_EDGE('',*,*,#1094,.F.);
#1427=ORIENTED_EDGE('',*,*,#1095,.F.);
#1428=ORIENTED_EDGE('',*,*,#1096,.T.);
#1429=ORIENTED_EDGE('',*,*,#1097,.T.);
#1430=ORIENTED_EDGE('',*,*,#1092,.F.);
#1431=ORIENTED_EDGE('',*,*,#1098,.F.);
#1432=ORIENTED_EDGE('',*,*,#1099,.F.);
#1433=ORIENTED_EDGE('',*,*,#1100,.T.);
#1434=ORIENTED_EDGE('',*,*,#1096,.F.);
#1435=ORIENTED_EDGE('',*,*,#1100,.F.);
#1436=ORIENTED_EDGE('',*,*,#1101,.F.);
#1437=ORIENTED_EDGE('',*,*,#1093,.F.);
#1438=ORIENTED_EDGE('',*,*,#1097,.F.);
#1439=ORIENTED_EDGE('',*,*,#1098,.T.);
#1440=ORIENTED_EDGE('',*,*,#1095,.T.);
#1441=ORIENTED_EDGE('',*,*,#1091,.T.);
#1442=ORIENTED_EDGE('',*,*,#1102,.F.);
#1443=ORIENTED_EDGE('',*,*,#1045,.F.);
#1444=ORIENTED_EDGE('',*,*,#1103,.T.);
#1445=ORIENTED_EDGE('',*,*,#1060,.T.);
#1446=ORIENTED_EDGE('',*,*,#1104,.F.);
#1447=ORIENTED_EDGE('',*,*,#1105,.T.);
#1448=ORIENTED_EDGE('',*,*,#1106,.T.);
#1449=ORIENTED_EDGE('',*,*,#1107,.T.);
#1450=ORIENTED_EDGE('',*,*,#1108,.F.);
#1451=ORIENTED_EDGE('',*,*,#1107,.F.);
#1452=ORIENTED_EDGE('',*,*,#1109,.T.);
#1453=ORIENTED_EDGE('',*,*,#1110,.T.);
#1454=ORIENTED_EDGE('',*,*,#1111,.F.);
#1455=ORIENTED_EDGE('',*,*,#1106,.F.);
#1456=ORIENTED_EDGE('',*,*,#1112,.T.);
#1457=ORIENTED_EDGE('',*,*,#1113,.T.);
#1458=ORIENTED_EDGE('',*,*,#1109,.F.);
#1459=ORIENTED_EDGE('',*,*,#1105,.F.);
#1460=ORIENTED_EDGE('',*,*,#1114,.F.);
#1461=ORIENTED_EDGE('',*,*,#1115,.T.);
#1462=ORIENTED_EDGE('',*,*,#1112,.F.);
#1463=ORIENTED_EDGE('',*,*,#1115,.F.);
#1464=ORIENTED_EDGE('',*,*,#1116,.F.);
#1465=ORIENTED_EDGE('',*,*,#1110,.F.);
#1466=ORIENTED_EDGE('',*,*,#1113,.F.);
#1467=ORIENTED_EDGE('',*,*,#1117,.F.);
#1468=ORIENTED_EDGE('',*,*,#1118,.F.);
#1469=ORIENTED_EDGE('',*,*,#1119,.T.);
#1470=ORIENTED_EDGE('',*,*,#1120,.T.);
#1471=ORIENTED_EDGE('',*,*,#1121,.F.);
#1472=ORIENTED_EDGE('',*,*,#1122,.F.);
#1473=ORIENTED_EDGE('',*,*,#1123,.T.);
#1474=ORIENTED_EDGE('',*,*,#1124,.F.);
#1475=ORIENTED_EDGE('',*,*,#1119,.F.);
#1476=ORIENTED_EDGE('',*,*,#1125,.F.);
#1477=ORIENTED_EDGE('',*,*,#1126,.F.);
#1478=ORIENTED_EDGE('',*,*,#1127,.F.);
#1479=ORIENTED_EDGE('',*,*,#1128,.F.);
#1480=ORIENTED_EDGE('',*,*,#1129,.F.);
#1481=ORIENTED_EDGE('',*,*,#1130,.F.);
#1482=ORIENTED_EDGE('',*,*,#1131,.F.);
#1483=ORIENTED_EDGE('',*,*,#1132,.F.);
#1484=ORIENTED_EDGE('',*,*,#1131,.T.);
#1485=ORIENTED_EDGE('',*,*,#1133,.T.);
#1486=ORIENTED_EDGE('',*,*,#1126,.T.);
#1487=ORIENTED_EDGE('',*,*,#1134,.F.);
#1488=ORIENTED_EDGE('',*,*,#1129,.T.);
#1489=ORIENTED_EDGE('',*,*,#1135,.F.);
#1490=ORIENTED_EDGE('',*,*,#1136,.T.);
#1491=ORIENTED_EDGE('',*,*,#1123,.F.);
#1492=ORIENTED_EDGE('',*,*,#1137,.F.);
#1493=ORIENTED_EDGE('',*,*,#1136,.F.);
#1494=ORIENTED_EDGE('',*,*,#1138,.F.);
#1495=ORIENTED_EDGE('',*,*,#1139,.F.);
#1496=ORIENTED_EDGE('',*,*,#1140,.F.);
#1497=ORIENTED_EDGE('',*,*,#1141,.T.);
#1498=ORIENTED_EDGE('',*,*,#1142,.T.);
#1499=ORIENTED_EDGE('',*,*,#1143,.F.);
#1500=ORIENTED_EDGE('',*,*,#1144,.F.);
#1501=ORIENTED_EDGE('',*,*,#1145,.T.);
#1502=ORIENTED_EDGE('',*,*,#1146,.F.);
#1503=ORIENTED_EDGE('',*,*,#1141,.F.);
#1504=ORIENTED_EDGE('',*,*,#1147,.F.);
#1505=ORIENTED_EDGE('',*,*,#1148,.F.);
#1506=ORIENTED_EDGE('',*,*,#1149,.F.);
#1507=ORIENTED_EDGE('',*,*,#1150,.F.);
#1508=ORIENTED_EDGE('',*,*,#1151,.F.);
#1509=ORIENTED_EDGE('',*,*,#1152,.F.);
#1510=ORIENTED_EDGE('',*,*,#1153,.F.);
#1511=ORIENTED_EDGE('',*,*,#1154,.F.);
#1512=ORIENTED_EDGE('',*,*,#1153,.T.);
#1513=ORIENTED_EDGE('',*,*,#1155,.T.);
#1514=ORIENTED_EDGE('',*,*,#1148,.T.);
#1515=ORIENTED_EDGE('',*,*,#1156,.F.);
#1516=ORIENTED_EDGE('',*,*,#1151,.T.);
#1517=ORIENTED_EDGE('',*,*,#1157,.F.);
#1518=ORIENTED_EDGE('',*,*,#1158,.T.);
#1519=ORIENTED_EDGE('',*,*,#1145,.F.);
#1520=ORIENTED_EDGE('',*,*,#1159,.F.);
#1521=ORIENTED_EDGE('',*,*,#1158,.F.);
#1522=ORIENTED_EDGE('',*,*,#1160,.F.);
#1523=ORIENTED_EDGE('',*,*,#1161,.F.);
#1524=ORIENTED_EDGE('',*,*,#1162,.F.);
#1525=ORIENTED_EDGE('',*,*,#1163,.T.);
#1526=ORIENTED_EDGE('',*,*,#1164,.T.);
#1527=ORIENTED_EDGE('',*,*,#1165,.F.);
#1528=ORIENTED_EDGE('',*,*,#1166,.F.);
#1529=ORIENTED_EDGE('',*,*,#1167,.T.);
#1530=ORIENTED_EDGE('',*,*,#1168,.F.);
#1531=ORIENTED_EDGE('',*,*,#1163,.F.);
#1532=ORIENTED_EDGE('',*,*,#1169,.F.);
#1533=ORIENTED_EDGE('',*,*,#1170,.F.);
#1534=ORIENTED_EDGE('',*,*,#1171,.F.);
#1535=ORIENTED_EDGE('',*,*,#1172,.F.);
#1536=ORIENTED_EDGE('',*,*,#1173,.F.);
#1537=ORIENTED_EDGE('',*,*,#1174,.F.);
#1538=ORIENTED_EDGE('',*,*,#1175,.F.);
#1539=ORIENTED_EDGE('',*,*,#1176,.F.);
#1540=ORIENTED_EDGE('',*,*,#1175,.T.);
#1541=ORIENTED_EDGE('',*,*,#1177,.T.);
#1542=ORIENTED_EDGE('',*,*,#1170,.T.);
#1543=ORIENTED_EDGE('',*,*,#1178,.F.);
#1544=ORIENTED_EDGE('',*,*,#1173,.T.);
#1545=ORIENTED_EDGE('',*,*,#1179,.F.);
#1546=ORIENTED_EDGE('',*,*,#1180,.T.);
#1547=ORIENTED_EDGE('',*,*,#1167,.F.);
#1548=ORIENTED_EDGE('',*,*,#1181,.F.);
#1549=ORIENTED_EDGE('',*,*,#1180,.F.);
#1550=ORIENTED_EDGE('',*,*,#1182,.F.);
#1551=ORIENTED_EDGE('',*,*,#1121,.T.);
#1552=ORIENTED_EDGE('',*,*,#1183,.F.);
#1553=ORIENTED_EDGE('',*,*,#1184,.T.);
#1554=ORIENTED_EDGE('',*,*,#1185,.T.);
#1555=ORIENTED_EDGE('',*,*,#1117,.T.);
#1556=ORIENTED_EDGE('',*,*,#1186,.T.);
#1557=ORIENTED_EDGE('',*,*,#1187,.F.);
#1558=ORIENTED_EDGE('',*,*,#1188,.F.);
#1559=ORIENTED_EDGE('',*,*,#1143,.T.);
#1560=ORIENTED_EDGE('',*,*,#1189,.F.);
#1561=ORIENTED_EDGE('',*,*,#1190,.T.);
#1562=ORIENTED_EDGE('',*,*,#1191,.T.);
#1563=ORIENTED_EDGE('',*,*,#1139,.T.);
#1564=ORIENTED_EDGE('',*,*,#1192,.T.);
#1565=ORIENTED_EDGE('',*,*,#1184,.F.);
#1566=ORIENTED_EDGE('',*,*,#1193,.F.);
#1567=ORIENTED_EDGE('',*,*,#1165,.T.);
#1568=ORIENTED_EDGE('',*,*,#1194,.F.);
#1569=ORIENTED_EDGE('',*,*,#1195,.T.);
#1570=ORIENTED_EDGE('',*,*,#1196,.T.);
#1571=ORIENTED_EDGE('',*,*,#1161,.T.);
#1572=ORIENTED_EDGE('',*,*,#1197,.T.);
#1573=ORIENTED_EDGE('',*,*,#1190,.F.);
#1574=ORIENTED_EDGE('',*,*,#1198,.F.);
#1575=ORIENTED_EDGE('',*,*,#1185,.F.);
#1576=ORIENTED_EDGE('',*,*,#1192,.F.);
#1577=ORIENTED_EDGE('',*,*,#1142,.F.);
#1578=ORIENTED_EDGE('',*,*,#1149,.T.);
#1579=ORIENTED_EDGE('',*,*,#1155,.F.);
#1580=ORIENTED_EDGE('',*,*,#1152,.T.);
#1581=ORIENTED_EDGE('',*,*,#1156,.T.);
#1582=ORIENTED_EDGE('',*,*,#1159,.T.);
#1583=ORIENTED_EDGE('',*,*,#1144,.T.);
#1584=ORIENTED_EDGE('',*,*,#1191,.F.);
#1585=ORIENTED_EDGE('',*,*,#1197,.F.);
#1586=ORIENTED_EDGE('',*,*,#1164,.F.);
#1587=ORIENTED_EDGE('',*,*,#1171,.T.);
#1588=ORIENTED_EDGE('',*,*,#1177,.F.);
#1589=ORIENTED_EDGE('',*,*,#1174,.T.);
#1590=ORIENTED_EDGE('',*,*,#1178,.T.);
#1591=ORIENTED_EDGE('',*,*,#1181,.T.);
#1592=ORIENTED_EDGE('',*,*,#1166,.T.);
#1593=ORIENTED_EDGE('',*,*,#1196,.F.);
#1594=ORIENTED_EDGE('',*,*,#1199,.F.);
#1595=ORIENTED_EDGE('',*,*,#1200,.F.);
#1596=ORIENTED_EDGE('',*,*,#1201,.T.);
#1597=ORIENTED_EDGE('',*,*,#1202,.F.);
#1598=ORIENTED_EDGE('',*,*,#1203,.T.);
#1599=ORIENTED_EDGE('',*,*,#1204,.T.);
#1600=ORIENTED_EDGE('',*,*,#1205,.T.);
#1601=ORIENTED_EDGE('',*,*,#1206,.T.);
#1602=ORIENTED_EDGE('',*,*,#1207,.F.);
#1603=ORIENTED_EDGE('',*,*,#1186,.F.);
#1604=ORIENTED_EDGE('',*,*,#1120,.F.);
#1605=ORIENTED_EDGE('',*,*,#1127,.T.);
#1606=ORIENTED_EDGE('',*,*,#1133,.F.);
#1607=ORIENTED_EDGE('',*,*,#1130,.T.);
#1608=ORIENTED_EDGE('',*,*,#1134,.T.);
#1609=ORIENTED_EDGE('',*,*,#1137,.T.);
#1610=ORIENTED_EDGE('',*,*,#1122,.T.);
#1611=ORIENTED_EDGE('',*,*,#1208,.T.);
#1612=ORIENTED_EDGE('',*,*,#1209,.T.);
#1613=ORIENTED_EDGE('',*,*,#1210,.T.);
#1614=ORIENTED_EDGE('',*,*,#1211,.T.);
#1615=ORIENTED_EDGE('',*,*,#1212,.T.);
#1616=ORIENTED_EDGE('',*,*,#1213,.T.);
#1617=ORIENTED_EDGE('',*,*,#1214,.T.);
#1618=ORIENTED_EDGE('',*,*,#1215,.T.);
#1619=ORIENTED_EDGE('',*,*,#1216,.T.);
#1620=ORIENTED_EDGE('',*,*,#1217,.T.);
#1621=ORIENTED_EDGE('',*,*,#1218,.T.);
#1622=ORIENTED_EDGE('',*,*,#1219,.T.);
#1623=ORIENTED_EDGE('',*,*,#1220,.T.);
#1624=ORIENTED_EDGE('',*,*,#1221,.T.);
#1625=ORIENTED_EDGE('',*,*,#1222,.T.);
#1626=ORIENTED_EDGE('',*,*,#1223,.F.);
#1627=ORIENTED_EDGE('',*,*,#1224,.F.);
#1628=ORIENTED_EDGE('',*,*,#1225,.F.);
#1629=ORIENTED_EDGE('',*,*,#1226,.F.);
#1630=ORIENTED_EDGE('',*,*,#1227,.F.);
#1631=ORIENTED_EDGE('',*,*,#1228,.F.);
#1632=ORIENTED_EDGE('',*,*,#1229,.F.);
#1633=ORIENTED_EDGE('',*,*,#1230,.T.);
#1634=ORIENTED_EDGE('',*,*,#1200,.T.);
#1635=ORIENTED_EDGE('',*,*,#1231,.F.);
#1636=ORIENTED_EDGE('',*,*,#1206,.F.);
#1637=ORIENTED_EDGE('',*,*,#1232,.T.);
#1638=ORIENTED_EDGE('',*,*,#1233,.F.);
#1639=ORIENTED_EDGE('',*,*,#1230,.F.);
#1640=ORIENTED_EDGE('',*,*,#1234,.F.);
#1641=ORIENTED_EDGE('',*,*,#1235,.F.);
#1642=ORIENTED_EDGE('',*,*,#1201,.F.);
#1643=ORIENTED_EDGE('',*,*,#1236,.F.);
#1644=ORIENTED_EDGE('',*,*,#1237,.F.);
#1645=ORIENTED_EDGE('',*,*,#1203,.F.);
#1646=ORIENTED_EDGE('',*,*,#1238,.F.);
#1647=ORIENTED_EDGE('',*,*,#1239,.F.);
#1648=ORIENTED_EDGE('',*,*,#1238,.T.);
#1649=ORIENTED_EDGE('',*,*,#1202,.T.);
#1650=ORIENTED_EDGE('',*,*,#1235,.T.);
#1651=ORIENTED_EDGE('',*,*,#1204,.F.);
#1652=ORIENTED_EDGE('',*,*,#1237,.T.);
#1653=ORIENTED_EDGE('',*,*,#1240,.F.);
#1654=ORIENTED_EDGE('',*,*,#1241,.T.);
#1655=ORIENTED_EDGE('',*,*,#1232,.F.);
#1656=ORIENTED_EDGE('',*,*,#1205,.F.);
#1657=ORIENTED_EDGE('',*,*,#1241,.F.);
#1658=ORIENTED_EDGE('',*,*,#1242,.F.);
#1659=ORIENTED_EDGE('',*,*,#1231,.T.);
#1660=ORIENTED_EDGE('',*,*,#1243,.F.);
#1661=ORIENTED_EDGE('',*,*,#1187,.T.);
#1662=ORIENTED_EDGE('',*,*,#1207,.T.);
#1663=ORIENTED_EDGE('',*,*,#1228,.T.);
#1664=ORIENTED_EDGE('',*,*,#1199,.T.);
#1665=ORIENTED_EDGE('',*,*,#1195,.F.);
#1666=ORIENTED_EDGE('',*,*,#1244,.F.);
#1667=ORIENTED_EDGE('',*,*,#1210,.F.);
#1668=ORIENTED_EDGE('',*,*,#1245,.T.);
#1669=ORIENTED_EDGE('',*,*,#1246,.F.);
#1670=ORIENTED_EDGE('',*,*,#1247,.F.);
#1671=ORIENTED_EDGE('',*,*,#1211,.F.);
#1672=ORIENTED_EDGE('',*,*,#1247,.T.);
#1673=ORIENTED_EDGE('',*,*,#1248,.F.);
#1674=ORIENTED_EDGE('',*,*,#1249,.F.);
#1675=ORIENTED_EDGE('',*,*,#1214,.F.);
#1676=ORIENTED_EDGE('',*,*,#1250,.T.);
#1677=ORIENTED_EDGE('',*,*,#1251,.F.);
#1678=ORIENTED_EDGE('',*,*,#1252,.F.);
#1679=ORIENTED_EDGE('',*,*,#1215,.F.);
#1680=ORIENTED_EDGE('',*,*,#1252,.T.);
#1681=ORIENTED_EDGE('',*,*,#1253,.F.);
#1682=ORIENTED_EDGE('',*,*,#1254,.F.);
#1683=ORIENTED_EDGE('',*,*,#1218,.F.);
#1684=ORIENTED_EDGE('',*,*,#1255,.T.);
#1685=ORIENTED_EDGE('',*,*,#1256,.F.);
#1686=ORIENTED_EDGE('',*,*,#1257,.F.);
#1687=ORIENTED_EDGE('',*,*,#1219,.F.);
#1688=ORIENTED_EDGE('',*,*,#1257,.T.);
#1689=ORIENTED_EDGE('',*,*,#1258,.F.);
#1690=ORIENTED_EDGE('',*,*,#1259,.F.);
#1691=ORIENTED_EDGE('',*,*,#1208,.F.);
#1692=ORIENTED_EDGE('',*,*,#1249,.T.);
#1693=ORIENTED_EDGE('',*,*,#1260,.F.);
#1694=ORIENTED_EDGE('',*,*,#1261,.F.);
#1695=ORIENTED_EDGE('',*,*,#1209,.F.);
#1696=ORIENTED_EDGE('',*,*,#1261,.T.);
#1697=ORIENTED_EDGE('',*,*,#1262,.F.);
#1698=ORIENTED_EDGE('',*,*,#1245,.F.);
#1699=ORIENTED_EDGE('',*,*,#1212,.F.);
#1700=ORIENTED_EDGE('',*,*,#1254,.T.);
#1701=ORIENTED_EDGE('',*,*,#1263,.F.);
#1702=ORIENTED_EDGE('',*,*,#1264,.F.);
#1703=ORIENTED_EDGE('',*,*,#1213,.F.);
#1704=ORIENTED_EDGE('',*,*,#1264,.T.);
#1705=ORIENTED_EDGE('',*,*,#1265,.F.);
#1706=ORIENTED_EDGE('',*,*,#1250,.F.);
#1707=ORIENTED_EDGE('',*,*,#1216,.F.);
#1708=ORIENTED_EDGE('',*,*,#1259,.T.);
#1709=ORIENTED_EDGE('',*,*,#1266,.F.);
#1710=ORIENTED_EDGE('',*,*,#1267,.F.);
#1711=ORIENTED_EDGE('',*,*,#1217,.F.);
#1712=ORIENTED_EDGE('',*,*,#1267,.T.);
#1713=ORIENTED_EDGE('',*,*,#1268,.F.);
#1714=ORIENTED_EDGE('',*,*,#1255,.F.);
#1715=ORIENTED_EDGE('',*,*,#1260,.T.);
#1716=ORIENTED_EDGE('',*,*,#1248,.T.);
#1717=ORIENTED_EDGE('',*,*,#1246,.T.);
#1718=ORIENTED_EDGE('',*,*,#1262,.T.);
#1719=ORIENTED_EDGE('',*,*,#1263,.T.);
#1720=ORIENTED_EDGE('',*,*,#1253,.T.);
#1721=ORIENTED_EDGE('',*,*,#1251,.T.);
#1722=ORIENTED_EDGE('',*,*,#1265,.T.);
#1723=ORIENTED_EDGE('',*,*,#1266,.T.);
#1724=ORIENTED_EDGE('',*,*,#1258,.T.);
#1725=ORIENTED_EDGE('',*,*,#1256,.T.);
#1726=ORIENTED_EDGE('',*,*,#1268,.T.);
#1727=ORIENTED_EDGE('',*,*,#1269,.F.);
#1728=ORIENTED_EDGE('',*,*,#1270,.T.);
#1729=ORIENTED_EDGE('',*,*,#1271,.T.);
#1730=ORIENTED_EDGE('',*,*,#1272,.F.);
#1731=ORIENTED_EDGE('',*,*,#1220,.F.);
#1732=ORIENTED_EDGE('',*,*,#1273,.F.);
#1733=ORIENTED_EDGE('',*,*,#1274,.F.);
#1734=ORIENTED_EDGE('',*,*,#1275,.T.);
#1735=ORIENTED_EDGE('',*,*,#1276,.T.);
#1736=ORIENTED_EDGE('',*,*,#1270,.F.);
#1737=ORIENTED_EDGE('',*,*,#1277,.F.);
#1738=ORIENTED_EDGE('',*,*,#1278,.F.);
#1739=ORIENTED_EDGE('',*,*,#1222,.F.);
#1740=ORIENTED_EDGE('',*,*,#1279,.T.);
#1741=ORIENTED_EDGE('',*,*,#1280,.T.);
#1742=ORIENTED_EDGE('',*,*,#1275,.F.);
#1743=ORIENTED_EDGE('',*,*,#1221,.F.);
#1744=ORIENTED_EDGE('',*,*,#1272,.T.);
#1745=ORIENTED_EDGE('',*,*,#1281,.T.);
#1746=ORIENTED_EDGE('',*,*,#1279,.F.);
#1747=ORIENTED_EDGE('',*,*,#1271,.F.);
#1748=ORIENTED_EDGE('',*,*,#1276,.F.);
#1749=ORIENTED_EDGE('',*,*,#1280,.F.);
#1750=ORIENTED_EDGE('',*,*,#1281,.F.);
#1751=ORIENTED_EDGE('',*,*,#1278,.T.);
#1752=ORIENTED_EDGE('',*,*,#1282,.T.);
#1753=ORIENTED_EDGE('',*,*,#1283,.F.);
#1754=ORIENTED_EDGE('',*,*,#1223,.T.);
#1755=ORIENTED_EDGE('',*,*,#1273,.T.);
#1756=ORIENTED_EDGE('',*,*,#1227,.T.);
#1757=ORIENTED_EDGE('',*,*,#1284,.T.);
#1758=ORIENTED_EDGE('',*,*,#1285,.T.);
#1759=ORIENTED_EDGE('',*,*,#1225,.T.);
#1760=ORIENTED_EDGE('',*,*,#1286,.T.);
#1761=ORIENTED_EDGE('',*,*,#1287,.T.);
#1762=ORIENTED_EDGE('',*,*,#1288,.F.);
#1763=ORIENTED_EDGE('',*,*,#1224,.T.);
#1764=ORIENTED_EDGE('',*,*,#1283,.T.);
#1765=ORIENTED_EDGE('',*,*,#1289,.T.);
#1766=ORIENTED_EDGE('',*,*,#1286,.F.);
#1767=ORIENTED_EDGE('',*,*,#1226,.T.);
#1768=ORIENTED_EDGE('',*,*,#1288,.T.);
#1769=ORIENTED_EDGE('',*,*,#1290,.T.);
#1770=ORIENTED_EDGE('',*,*,#1284,.F.);
#1771=ORIENTED_EDGE('',*,*,#1269,.T.);
#1772=ORIENTED_EDGE('',*,*,#1285,.F.);
#1773=ORIENTED_EDGE('',*,*,#1290,.F.);
#1774=ORIENTED_EDGE('',*,*,#1287,.F.);
#1775=ORIENTED_EDGE('',*,*,#1289,.F.);
#1776=ORIENTED_EDGE('',*,*,#1282,.F.);
#1777=ORIENTED_EDGE('',*,*,#1277,.T.);
#1778=ORIENTED_EDGE('',*,*,#1274,.T.);
#1779=ORIENTED_EDGE('',*,*,#1017,.T.);
#1780=ORIENTED_EDGE('',*,*,#1050,.T.);
#1781=ORIENTED_EDGE('',*,*,#1069,.T.);
#1782=ORIENTED_EDGE('',*,*,#1074,.T.);
#1783=ORIENTED_EDGE('',*,*,#1072,.T.);
#1784=ORIENTED_EDGE('',*,*,#1046,.T.);
#1785=ORIENTED_EDGE('',*,*,#1102,.T.);
#1786=ORIENTED_EDGE('',*,*,#1094,.T.);
#1787=ORIENTED_EDGE('',*,*,#1101,.T.);
#1788=ORIENTED_EDGE('',*,*,#1099,.T.);
#1789=ORIENTED_EDGE('',*,*,#1108,.T.);
#1790=ORIENTED_EDGE('',*,*,#1111,.T.);
#1791=ORIENTED_EDGE('',*,*,#1116,.T.);
#1792=ORIENTED_EDGE('',*,*,#1114,.T.);
#1793=ORIENTED_EDGE('',*,*,#1104,.T.);
#1794=ORIENTED_EDGE('',*,*,#1059,.T.);
#1795=ORIENTED_EDGE('',*,*,#1034,.T.);
#1796=ORIENTED_EDGE('',*,*,#1041,.T.);
#1797=ORIENTED_EDGE('',*,*,#1039,.T.);
#1798=ORIENTED_EDGE('',*,*,#1066,.T.);
#1799=ORIENTED_EDGE('',*,*,#1085,.T.);
#1800=ORIENTED_EDGE('',*,*,#1090,.T.);
#1801=ORIENTED_EDGE('',*,*,#1088,.T.);
#1802=ORIENTED_EDGE('',*,*,#1062,.T.);
#1803=ORIENTED_EDGE('',*,*,#1051,.T.);
#1804=ORIENTED_EDGE('',*,*,#1023,.T.);
#1805=ORIENTED_EDGE('',*,*,#1030,.T.);
#1806=ORIENTED_EDGE('',*,*,#1028,.T.);
#1807=ORIENTED_EDGE('',*,*,#1058,.T.);
#1808=ORIENTED_EDGE('',*,*,#1077,.T.);
#1809=ORIENTED_EDGE('',*,*,#1082,.T.);
#1810=ORIENTED_EDGE('',*,*,#1080,.T.);
#1811=ORIENTED_EDGE('',*,*,#1054,.T.);
#1812=ORIENTED_EDGE('',*,*,#1042,.T.);
#1813=ORIENTED_EDGE('',*,*,#1012,.T.);
#1814=ORIENTED_EDGE('',*,*,#1019,.T.);
#1815=ORIENTED_EDGE('',*,*,#1053,.F.);
#1816=ORIENTED_EDGE('',*,*,#1061,.F.);
#1817=ORIENTED_EDGE('',*,*,#1103,.F.);
#1818=ORIENTED_EDGE('',*,*,#1044,.F.);
#1819=ORIENTED_EDGE('',*,*,#1118,.T.);
#1820=ORIENTED_EDGE('',*,*,#1188,.T.);
#1821=ORIENTED_EDGE('',*,*,#1243,.T.);
#1822=ORIENTED_EDGE('',*,*,#1233,.T.);
#1823=ORIENTED_EDGE('',*,*,#1242,.T.);
#1824=ORIENTED_EDGE('',*,*,#1240,.T.);
#1825=ORIENTED_EDGE('',*,*,#1236,.T.);
#1826=ORIENTED_EDGE('',*,*,#1239,.T.);
#1827=ORIENTED_EDGE('',*,*,#1234,.T.);
#1828=ORIENTED_EDGE('',*,*,#1229,.T.);
#1829=ORIENTED_EDGE('',*,*,#1244,.T.);
#1830=ORIENTED_EDGE('',*,*,#1194,.T.);
#1831=ORIENTED_EDGE('',*,*,#1168,.T.);
#1832=ORIENTED_EDGE('',*,*,#1182,.T.);
#1833=ORIENTED_EDGE('',*,*,#1179,.T.);
#1834=ORIENTED_EDGE('',*,*,#1172,.T.);
#1835=ORIENTED_EDGE('',*,*,#1176,.T.);
#1836=ORIENTED_EDGE('',*,*,#1169,.T.);
#1837=ORIENTED_EDGE('',*,*,#1162,.T.);
#1838=ORIENTED_EDGE('',*,*,#1198,.T.);
#1839=ORIENTED_EDGE('',*,*,#1189,.T.);
#1840=ORIENTED_EDGE('',*,*,#1146,.T.);
#1841=ORIENTED_EDGE('',*,*,#1160,.T.);
#1842=ORIENTED_EDGE('',*,*,#1157,.T.);
#1843=ORIENTED_EDGE('',*,*,#1150,.T.);
#1844=ORIENTED_EDGE('',*,*,#1154,.T.);
#1845=ORIENTED_EDGE('',*,*,#1147,.T.);
#1846=ORIENTED_EDGE('',*,*,#1140,.T.);
#1847=ORIENTED_EDGE('',*,*,#1193,.T.);
#1848=ORIENTED_EDGE('',*,*,#1183,.T.);
#1849=ORIENTED_EDGE('',*,*,#1124,.T.);
#1850=ORIENTED_EDGE('',*,*,#1138,.T.);
#1851=ORIENTED_EDGE('',*,*,#1135,.T.);
#1852=ORIENTED_EDGE('',*,*,#1128,.T.);
#1853=ORIENTED_EDGE('',*,*,#1132,.T.);
#1854=ORIENTED_EDGE('',*,*,#1125,.T.);
#1855=PLANE('',#2080);
#1856=PLANE('',#2081);
#1857=PLANE('',#2082);
#1858=PLANE('',#2083);
#1859=PLANE('',#2084);
#1860=PLANE('',#2085);
#1861=PLANE('',#2086);
#1862=PLANE('',#2087);
#1863=PLANE('',#2088);
#1864=PLANE('',#2089);
#1865=PLANE('',#2090);
#1866=PLANE('',#2091);
#1867=PLANE('',#2092);
#1868=PLANE('',#2093);
#1869=PLANE('',#2094);
#1870=PLANE('',#2095);
#1871=PLANE('',#2096);
#1872=PLANE('',#2097);
#1873=PLANE('',#2098);
#1874=PLANE('',#2099);
#1875=PLANE('',#2100);
#1876=PLANE('',#2101);
#1877=PLANE('',#2102);
#1878=PLANE('',#2103);
#1879=PLANE('',#2104);
#1880=PLANE('',#2105);
#1881=PLANE('',#2106);
#1882=PLANE('',#2107);
#1883=PLANE('',#2108);
#1884=PLANE('',#2109);
#1885=PLANE('',#2110);
#1886=PLANE('',#2111);
#1887=PLANE('',#2112);
#1888=PLANE('',#2113);
#1889=PLANE('',#2114);
#1890=PLANE('',#2115);
#1891=PLANE('',#2116);
#1892=PLANE('',#2117);
#1893=PLANE('',#2118);
#1894=PLANE('',#2119);
#1895=PLANE('',#2120);
#1896=PLANE('',#2121);
#1897=PLANE('',#2122);
#1898=PLANE('',#2123);
#1899=PLANE('',#2124);
#1900=PLANE('',#2125);
#1901=PLANE('',#2126);
#1902=PLANE('',#2127);
#1903=PLANE('',#2128);
#1904=PLANE('',#2129);
#1905=PLANE('',#2130);
#1906=PLANE('',#2131);
#1907=PLANE('',#2132);
#1908=PLANE('',#2133);
#1909=PLANE('',#2134);
#1910=PLANE('',#2135);
#1911=PLANE('',#2136);
#1912=PLANE('',#2137);
#1913=PLANE('',#2138);
#1914=PLANE('',#2139);
#1915=PLANE('',#2140);
#1916=PLANE('',#2141);
#1917=PLANE('',#2142);
#1918=PLANE('',#2143);
#1919=PLANE('',#2144);
#1920=PLANE('',#2145);
#1921=PLANE('',#2146);
#1922=PLANE('',#2147);
#1923=PLANE('',#2148);
#1924=PLANE('',#2149);
#1925=PLANE('',#2150);
#1926=PLANE('',#2151);
#1927=PLANE('',#2152);
#1928=PLANE('',#2153);
#1929=PLANE('',#2154);
#1930=PLANE('',#2155);
#1931=PLANE('',#2156);
#1932=PLANE('',#2157);
#1933=PLANE('',#2158);
#1934=PLANE('',#2159);
#1935=PLANE('',#2160);
#1936=PLANE('',#2161);
#1937=PLANE('',#2162);
#1938=PLANE('',#2163);
#1939=PLANE('',#2164);
#1940=PLANE('',#2165);
#1941=PLANE('',#2166);
#1942=PLANE('',#2167);
#1943=PLANE('',#2168);
#1944=PLANE('',#2169);
#1945=PLANE('',#2170);
#1946=PLANE('',#2171);
#1947=PLANE('',#2172);
#1948=PLANE('',#2173);
#1949=PLANE('',#2174);
#1950=PLANE('',#2175);
#1951=PLANE('',#2176);
#1952=PLANE('',#2177);
#1953=PLANE('',#2178);
#1954=PLANE('',#2179);
#1955=PLANE('',#2180);
#1956=ADVANCED_FACE('',(#50),#1855,.F.);
#1957=ADVANCED_FACE('',(#51),#1856,.F.);
#1958=ADVANCED_FACE('',(#52),#1857,.F.);
#1959=ADVANCED_FACE('',(#53),#1858,.F.);
#1960=ADVANCED_FACE('',(#54),#1859,.F.);
#1961=ADVANCED_FACE('',(#55),#1860,.F.);
#1962=ADVANCED_FACE('',(#56),#1861,.F.);
#1963=ADVANCED_FACE('',(#57),#1862,.F.);
#1964=ADVANCED_FACE('',(#58),#1863,.F.);
#1965=ADVANCED_FACE('',(#59),#1864,.F.);
#1966=ADVANCED_FACE('',(#60),#1865,.F.);
#1967=ADVANCED_FACE('',(#61),#1866,.F.);
#1968=ADVANCED_FACE('',(#62),#1867,.T.);
#1969=ADVANCED_FACE('',(#63),#1868,.T.);
#1970=ADVANCED_FACE('',(#64),#1869,.T.);
#1971=ADVANCED_FACE('',(#65),#1870,.F.);
#1972=ADVANCED_FACE('',(#66),#1871,.F.);
#1973=ADVANCED_FACE('',(#67),#1872,.F.);
#1974=ADVANCED_FACE('',(#68),#1873,.F.);
#1975=ADVANCED_FACE('',(#69),#1874,.F.);
#1976=ADVANCED_FACE('',(#70),#1875,.F.);
#1977=ADVANCED_FACE('',(#71),#1876,.F.);
#1978=ADVANCED_FACE('',(#72),#1877,.F.);
#1979=ADVANCED_FACE('',(#73),#1878,.F.);
#1980=ADVANCED_FACE('',(#74),#1879,.F.);
#1981=ADVANCED_FACE('',(#75),#1880,.F.);
#1982=ADVANCED_FACE('',(#76),#1881,.F.);
#1983=ADVANCED_FACE('',(#77),#1882,.F.);
#1984=ADVANCED_FACE('',(#78),#1883,.F.);
#1985=ADVANCED_FACE('',(#79),#1884,.F.);
#1986=ADVANCED_FACE('',(#80),#1885,.F.);
#1987=ADVANCED_FACE('',(#81),#1886,.T.);
#1988=ADVANCED_FACE('',(#82),#1887,.F.);
#1989=ADVANCED_FACE('',(#83),#1888,.F.);
#1990=ADVANCED_FACE('',(#84),#1889,.F.);
#1991=ADVANCED_FACE('',(#85),#1890,.F.);
#1992=ADVANCED_FACE('',(#86),#1891,.F.);
#1993=ADVANCED_FACE('',(#87),#1892,.F.);
#1994=ADVANCED_FACE('',(#88),#1893,.F.);
#1995=ADVANCED_FACE('',(#89),#1894,.F.);
#1996=ADVANCED_FACE('',(#90),#1895,.F.);
#1997=ADVANCED_FACE('',(#91),#1896,.F.);
#1998=ADVANCED_FACE('',(#92),#1897,.F.);
#1999=ADVANCED_FACE('',(#93),#1898,.F.);
#2000=ADVANCED_FACE('',(#94),#1899,.F.);
#2001=ADVANCED_FACE('',(#95),#1900,.F.);
#2002=ADVANCED_FACE('',(#96),#1901,.F.);
#2003=ADVANCED_FACE('',(#97),#1902,.F.);
#2004=ADVANCED_FACE('',(#98),#1903,.F.);
#2005=ADVANCED_FACE('',(#99),#1904,.F.);
#2006=ADVANCED_FACE('',(#100),#1905,.F.);
#2007=ADVANCED_FACE('',(#101),#1906,.F.);
#2008=ADVANCED_FACE('',(#102),#1907,.F.);
#2009=ADVANCED_FACE('',(#103),#1908,.F.);
#2010=ADVANCED_FACE('',(#104),#1909,.F.);
#2011=ADVANCED_FACE('',(#105),#1910,.F.);
#2012=ADVANCED_FACE('',(#106),#1911,.F.);
#2013=ADVANCED_FACE('',(#107),#1912,.F.);
#2014=ADVANCED_FACE('',(#108),#1913,.F.);
#2015=ADVANCED_FACE('',(#109),#1914,.F.);
#2016=ADVANCED_FACE('',(#110),#1915,.F.);
#2017=ADVANCED_FACE('',(#111),#1916,.F.);
#2018=ADVANCED_FACE('',(#112),#1917,.F.);
#2019=ADVANCED_FACE('',(#113,#45,#46,#47,#48),#1918,.F.);
#2020=ADVANCED_FACE('',(#114),#1919,.F.);
#2021=ADVANCED_FACE('',(#115),#1920,.F.);
#2022=ADVANCED_FACE('',(#116),#1921,.F.);
#2023=ADVANCED_FACE('',(#117),#1922,.F.);
#2024=ADVANCED_FACE('',(#118),#1923,.F.);
#2025=ADVANCED_FACE('',(#119),#1924,.F.);
#2026=ADVANCED_FACE('',(#120),#1925,.F.);
#2027=ADVANCED_FACE('',(#121),#1926,.F.);
#2028=ADVANCED_FACE('',(#122),#1927,.F.);
#2029=ADVANCED_FACE('',(#123),#1928,.F.);
#2030=ADVANCED_FACE('',(#124),#1929,.F.);
#2031=ADVANCED_FACE('',(#125),#1930,.F.);
#2032=ADVANCED_FACE('',(#126),#1931,.F.);
#2033=ADVANCED_FACE('',(#127),#1932,.F.);
#2034=ADVANCED_FACE('',(#128),#1933,.F.);
#2035=ADVANCED_FACE('',(#129),#1934,.F.);
#2036=ADVANCED_FACE('',(#130),#1935,.F.);
#2037=ADVANCED_FACE('',(#131),#1936,.F.);
#2038=ADVANCED_FACE('',(#132),#1937,.F.);
#2039=ADVANCED_FACE('',(#133),#1938,.F.);
#2040=ADVANCED_FACE('',(#134),#1939,.F.);
#2041=ADVANCED_FACE('',(#135),#1940,.T.);
#2042=ADVANCED_FACE('',(#136),#1941,.T.);
#2043=ADVANCED_FACE('',(#137),#1942,.T.);
#2044=ADVANCED_FACE('',(#138),#1943,.F.);
#2045=ADVANCED_FACE('',(#139),#1944,.F.);
#2046=ADVANCED_FACE('',(#140),#1945,.F.);
#2047=ADVANCED_FACE('',(#141),#1946,.F.);
#2048=ADVANCED_FACE('',(#142),#1947,.F.);
#2049=ADVANCED_FACE('',(#143),#1948,.F.);
#2050=ADVANCED_FACE('',(#144),#1949,.F.);
#2051=ADVANCED_FACE('',(#145),#1950,.F.);
#2052=ADVANCED_FACE('',(#146),#1951,.F.);
#2053=ADVANCED_FACE('',(#147),#1952,.F.);
#2054=ADVANCED_FACE('',(#148),#1953,.F.);
#2055=ADVANCED_FACE('',(#149),#1954,.T.);
#2056=ADVANCED_FACE('',(#150,#49),#1955,.F.);
#2057=CLOSED_SHELL('',(#1956,#1957,#1958,#1959,#1960,#1961,#1962,#1963,
#1964,#1965,#1966,#1967,#1968,#1969,#1970,#1971,#1972,#1973,#1974,#1975,
#1976,#1977,#1978,#1979,#1980,#1981,#1982,#1983,#1984,#1985,#1986,#1987,
#1988,#1989,#1990,#1991,#1992,#1993,#1994,#1995,#1996,#1997,#1998,#1999,
#2000,#2001,#2002,#2003,#2004,#2005,#2006,#2007,#2008,#2009,#2010,#2011,
#2012,#2013,#2014,#2015,#2016,#2017,#2018,#2019,#2020,#2021,#2022,#2023,
#2024,#2025,#2026,#2027,#2028,#2029,#2030,#2031,#2032,#2033,#2034,#2035,
#2036,#2037,#2038,#2039,#2040,#2041,#2042,#2043,#2044,#2045,#2046,#2047,
#2048,#2049,#2050,#2051,#2052,#2053,#2054,#2055,#2056));
#2058=DERIVED_UNIT_ELEMENT(#2061,1.);
#2059=DERIVED_UNIT_ELEMENT(#3257,-3.);
#2060=DIMENSIONAL_EXPONENTS(0.,1.,0.,0.,0.,0.,0.);
#2061=(
CONVERSION_BASED_UNIT('gram',#2063)
MASS_UNIT()
NAMED_UNIT(#2060)
);
#2062=(
MASS_UNIT()
NAMED_UNIT(*)
SI_UNIT(.KILO.,.GRAM.)
);
#2063=MASS_MEASURE_WITH_UNIT(MASS_MEASURE(0.001),#2062);
#2064=DERIVED_UNIT((#2058,#2059));
#2065=MEASURE_REPRESENTATION_ITEM('density measure',
POSITIVE_RATIO_MEASURE(1.),#2064);
#2066=PROPERTY_DEFINITION_REPRESENTATION(#2071,#2068);
#2067=PROPERTY_DEFINITION_REPRESENTATION(#2072,#2069);
#2068=REPRESENTATION('material name',(#2070),#3254);
#2069=REPRESENTATION('density',(#2065),#3254);
#2070=DESCRIPTIVE_REPRESENTATION_ITEM('Generic','Generic');
#2071=PROPERTY_DEFINITION('material property','material name',#3264);
#2072=PROPERTY_DEFINITION('material property','density of part',#3264);
#2073=DATE_TIME_ROLE('creation_date');
#2074=APPLIED_DATE_AND_TIME_ASSIGNMENT(#2075,#2073,(#3264));
#2075=DATE_AND_TIME(#2076,#2077);
#2076=CALENDAR_DATE(2026,1,4);
#2077=LOCAL_TIME(0,0,0.,#2078);
#2078=COORDINATED_UNIVERSAL_TIME_OFFSET(0,0,.BEHIND.);
#2079=AXIS2_PLACEMENT_3D('',#2667,#2181,#2182);
#2080=AXIS2_PLACEMENT_3D('',#2668,#2183,#2184);
#2081=AXIS2_PLACEMENT_3D('',#2677,#2189,#2190);
#2082=AXIS2_PLACEMENT_3D('',#2683,#2194,#2195);
#2083=AXIS2_PLACEMENT_3D('',#2689,#2199,#2200);
#2084=AXIS2_PLACEMENT_3D('',#2691,#2202,#2203);
#2085=AXIS2_PLACEMENT_3D('',#2700,#2208,#2209);
#2086=AXIS2_PLACEMENT_3D('',#2706,#2213,#2214);
#2087=AXIS2_PLACEMENT_3D('',#2712,#2218,#2219);
#2088=AXIS2_PLACEMENT_3D('',#2714,#2221,#2222);
#2089=AXIS2_PLACEMENT_3D('',#2723,#2227,#2228);
#2090=AXIS2_PLACEMENT_3D('',#2729,#2232,#2233);
#2091=AXIS2_PLACEMENT_3D('',#2735,#2237,#2238);
#2092=AXIS2_PLACEMENT_3D('',#2737,#2240,#2241);
#2093=AXIS2_PLACEMENT_3D('',#2755,#2251,#2252);
#2094=AXIS2_PLACEMENT_3D('',#2770,#2261,#2262);
#2095=AXIS2_PLACEMENT_3D('',#2785,#2271,#2272);
#2096=AXIS2_PLACEMENT_3D('',#2791,#2276,#2277);
#2097=AXIS2_PLACEMENT_3D('',#2795,#2280,#2281);
#2098=AXIS2_PLACEMENT_3D('',#2799,#2284,#2285);
#2099=AXIS2_PLACEMENT_3D('',#2801,#2287,#2288);
#2100=AXIS2_PLACEMENT_3D('',#2807,#2292,#2293);
#2101=AXIS2_PLACEMENT_3D('',#2811,#2296,#2297);
#2102=AXIS2_PLACEMENT_3D('',#2815,#2300,#2301);
#2103=AXIS2_PLACEMENT_3D('',#2817,#2303,#2304);
#2104=AXIS2_PLACEMENT_3D('',#2823,#2308,#2309);
#2105=AXIS2_PLACEMENT_3D('',#2827,#2312,#2313);
#2106=AXIS2_PLACEMENT_3D('',#2831,#2316,#2317);
#2107=AXIS2_PLACEMENT_3D('',#2833,#2319,#2320);
#2108=AXIS2_PLACEMENT_3D('',#2842,#2325,#2326);
#2109=AXIS2_PLACEMENT_3D('',#2848,#2330,#2331);
#2110=AXIS2_PLACEMENT_3D('',#2854,#2335,#2336);
#2111=AXIS2_PLACEMENT_3D('',#2856,#2338,#2339);
#2112=AXIS2_PLACEMENT_3D('',#2868,#2347,#2348);
#2113=AXIS2_PLACEMENT_3D('',#2874,#2352,#2353);
#2114=AXIS2_PLACEMENT_3D('',#2878,#2356,#2357);
#2115=AXIS2_PLACEMENT_3D('',#2882,#2360,#2361);
#2116=AXIS2_PLACEMENT_3D('',#2884,#2363,#2364);
#2117=AXIS2_PLACEMENT_3D('',#2893,#2369,#2370);
#2118=AXIS2_PLACEMENT_3D('',#2902,#2375,#2376);
#2119=AXIS2_PLACEMENT_3D('',#2908,#2380,#2381);
#2120=AXIS2_PLACEMENT_3D('',#2917,#2386,#2387);
#2121=AXIS2_PLACEMENT_3D('',#2920,#2390,#2391);
#2122=AXIS2_PLACEMENT_3D('',#2926,#2395,#2396);
#2123=AXIS2_PLACEMENT_3D('',#2929,#2399,#2400);
#2124=AXIS2_PLACEMENT_3D('',#2938,#2405,#2406);
#2125=AXIS2_PLACEMENT_3D('',#2947,#2411,#2412);
#2126=AXIS2_PLACEMENT_3D('',#2953,#2416,#2417);
#2127=AXIS2_PLACEMENT_3D('',#2962,#2422,#2423);
#2128=AXIS2_PLACEMENT_3D('',#2965,#2426,#2427);
#2129=AXIS2_PLACEMENT_3D('',#2971,#2431,#2432);
#2130=AXIS2_PLACEMENT_3D('',#2974,#2435,#2436);
#2131=AXIS2_PLACEMENT_3D('',#2983,#2441,#2442);
#2132=AXIS2_PLACEMENT_3D('',#2992,#2447,#2448);
#2133=AXIS2_PLACEMENT_3D('',#2998,#2452,#2453);
#2134=AXIS2_PLACEMENT_3D('',#3007,#2458,#2459);
#2135=AXIS2_PLACEMENT_3D('',#3010,#2462,#2463);
#2136=AXIS2_PLACEMENT_3D('',#3016,#2467,#2468);
#2137=AXIS2_PLACEMENT_3D('',#3019,#2471,#2472);
#2138=AXIS2_PLACEMENT_3D('',#3025,#2476,#2477);
#2139=AXIS2_PLACEMENT_3D('',#3031,#2481,#2482);
#2140=AXIS2_PLACEMENT_3D('',#3037,#2486,#2487);
#2141=AXIS2_PLACEMENT_3D('',#3040,#2490,#2491);
#2142=AXIS2_PLACEMENT_3D('',#3046,#2495,#2496);
#2143=AXIS2_PLACEMENT_3D('',#3049,#2499,#2500);
#2144=AXIS2_PLACEMENT_3D('',#3107,#2530,#2531);
#2145=AXIS2_PLACEMENT_3D('',#3113,#2535,#2536);
#2146=AXIS2_PLACEMENT_3D('',#3119,#2540,#2541);
#2147=AXIS2_PLACEMENT_3D('',#3123,#2544,#2545);
#2148=AXIS2_PLACEMENT_3D('',#3129,#2549,#2550);
#2149=AXIS2_PLACEMENT_3D('',#3131,#2552,#2553);
#2150=AXIS2_PLACEMENT_3D('',#3135,#2556,#2557);
#2151=AXIS2_PLACEMENT_3D('',#3137,#2559,#2560);
#2152=AXIS2_PLACEMENT_3D('',#3139,#2562,#2563);
#2153=AXIS2_PLACEMENT_3D('',#3141,#2565,#2566);
#2154=AXIS2_PLACEMENT_3D('',#3147,#2570,#2571);
#2155=AXIS2_PLACEMENT_3D('',#3151,#2574,#2575);
#2156=AXIS2_PLACEMENT_3D('',#3157,#2579,#2580);
#2157=AXIS2_PLACEMENT_3D('',#3161,#2583,#2584);
#2158=AXIS2_PLACEMENT_3D('',#3167,#2588,#2589);
#2159=AXIS2_PLACEMENT_3D('',#3171,#2592,#2593);
#2160=AXIS2_PLACEMENT_3D('',#3175,#2596,#2597);
#2161=AXIS2_PLACEMENT_3D('',#3177,#2599,#2600);
#2162=AXIS2_PLACEMENT_3D('',#3181,#2603,#2604);
#2163=AXIS2_PLACEMENT_3D('',#3183,#2606,#2607);
#2164=AXIS2_PLACEMENT_3D('',#3187,#2610,#2611);
#2165=AXIS2_PLACEMENT_3D('',#3189,#2613,#2614);
#2166=AXIS2_PLACEMENT_3D('',#3190,#2615,#2616);
#2167=AXIS2_PLACEMENT_3D('',#3191,#2617,#2618);
#2168=AXIS2_PLACEMENT_3D('',#3192,#2619,#2620);
#2169=AXIS2_PLACEMENT_3D('',#3202,#2626,#2627);
#2170=AXIS2_PLACEMENT_3D('',#3208,#2631,#2632);
#2171=AXIS2_PLACEMENT_3D('',#3215,#2637,#2638);
#2172=AXIS2_PLACEMENT_3D('',#3217,#2640,#2641);
#2173=AXIS2_PLACEMENT_3D('',#3218,#2642,#2643);
#2174=AXIS2_PLACEMENT_3D('',#3222,#2646,#2647);
#2175=AXIS2_PLACEMENT_3D('',#3226,#2650,#2651);
#2176=AXIS2_PLACEMENT_3D('',#3232,#2655,#2656);
#2177=AXIS2_PLACEMENT_3D('',#3234,#2658,#2659);
#2178=AXIS2_PLACEMENT_3D('',#3236,#2661,#2662);
#2179=AXIS2_PLACEMENT_3D('',#3237,#2663,#2664);
#2180=AXIS2_PLACEMENT_3D('',#3238,#2665,#2666);
#2181=DIRECTION('axis',(0.,0.,1.));
#2182=DIRECTION('refdir',(1.,0.,0.));
#2183=DIRECTION('center_axis',(-1.,-1.83697019872103E-16,5.15095444595984E-16));
#2184=DIRECTION('ref_axis',(-5.15095444595984E-16,-1.86858727552622E-31,
-1.));
#2185=DIRECTION('',(-5.15095444595984E-16,0.,-1.));
#2186=DIRECTION('',(1.83697019872103E-16,-1.,0.));
#2187=DIRECTION('',(-5.15095444595984E-16,-1.86858727552622E-31,-1.));
#2188=DIRECTION('',(1.83697019872103E-16,-1.,0.));
#2189=DIRECTION('center_axis',(1.66533453693773E-16,3.0591699152555E-32,
1.));
#2190=DIRECTION('ref_axis',(-1.,-3.62765249650354E-16,1.66533453693773E-16));
#2191=DIRECTION('',(-1.,0.,1.66533453693773E-16));
#2192=DIRECTION('',(1.83697019872103E-16,-1.,0.));
#2193=DIRECTION('',(-1.,-3.62765249650354E-16,1.66533453693773E-16));
#2194=DIRECTION('center_axis',(1.,1.83697019872103E-16,-5.15095444595984E-16));
#2195=DIRECTION('ref_axis',(5.15095444595984E-16,1.86858727552622E-31,1.));
#2196=DIRECTION('',(5.15095444595984E-16,0.,1.));
#2197=DIRECTION('',(-1.83697019872103E-16,1.,0.));
#2198=DIRECTION('',(5.15095444595984E-16,1.86858727552622E-31,1.));
#2199=DIRECTION('center_axis',(1.83697019872103E-16,-1.,0.));
#2200=DIRECTION('ref_axis',(0.,0.,1.));
#2201=DIRECTION('',(1.,1.83697019872103E-16,0.));
#2202=DIRECTION('center_axis',(1.22464679914735E-16,-1.,5.15095444595984E-16));
#2203=DIRECTION('ref_axis',(1.5531822817863E-31,-5.15095444595984E-16,-1.));
#2204=DIRECTION('',(0.,-5.15095444595984E-16,-1.));
#2205=DIRECTION('',(1.,1.22464679914735E-16,0.));
#2206=DIRECTION('',(1.5531822817863E-31,-5.15095444595984E-16,-1.));
#2207=DIRECTION('',(1.,1.22464679914735E-16,0.));
#2208=DIRECTION('center_axis',(-2.03944661017034E-32,1.66533453693773E-16,
1.));
#2209=DIRECTION('ref_axis',(3.01532909692986E-16,-1.,1.66533453693773E-16));
#2210=DIRECTION('',(0.,-1.,1.66533453693773E-16));
#2211=DIRECTION('',(1.,1.22464679914735E-16,0.));
#2212=DIRECTION('',(3.01532909692986E-16,-1.,1.66533453693773E-16));
#2213=DIRECTION('center_axis',(-1.22464679914735E-16,1.,-5.15095444595984E-16));
#2214=DIRECTION('ref_axis',(-1.55318228178629E-31,5.15095444595984E-16,
1.));
#2215=DIRECTION('',(0.,5.15095444595984E-16,1.));
#2216=DIRECTION('',(-1.,-1.22464679914735E-16,0.));
#2217=DIRECTION('',(-1.55318228178629E-31,5.15095444595984E-16,1.));
#2218=DIRECTION('center_axis',(1.,1.22464679914735E-16,0.));
#2219=DIRECTION('ref_axis',(0.,0.,1.));
#2220=DIRECTION('',(-1.22464679914735E-16,1.,0.));
#2221=DIRECTION('center_axis',(1.,6.12323399573677E-17,5.15095444595984E-16));
#2222=DIRECTION('ref_axis',(5.15095444595984E-16,1.23777728804637E-31,-1.));
#2223=DIRECTION('',(5.15095444595984E-16,-3.68948917722576E-32,-1.));
#2224=DIRECTION('',(-6.12323399573677E-17,1.,0.));
#2225=DIRECTION('',(5.15095444595984E-16,1.23777728804637E-31,-1.));
#2226=DIRECTION('',(-6.12323399573677E-17,1.,0.));
#2227=DIRECTION('center_axis',(-1.66533453693773E-16,-1.01972330508517E-32,
1.));
#2228=DIRECTION('ref_axis',(1.,2.40300569735619E-16,1.66533453693773E-16));
#2229=DIRECTION('',(1.,-7.16272919113004E-17,1.66533453693773E-16));
#2230=DIRECTION('',(-6.12323399573677E-17,1.,0.));
#2231=DIRECTION('',(1.,2.40300569735619E-16,1.66533453693773E-16));
#2232=DIRECTION('center_axis',(-1.,-6.12323399573677E-17,-5.15095444595984E-16));
#2233=DIRECTION('ref_axis',(-5.15095444595984E-16,-1.23777728804637E-31,
1.));
#2234=DIRECTION('',(-5.15095444595984E-16,3.68948917722576E-32,1.));
#2235=DIRECTION('',(6.12323399573677E-17,-1.,0.));
#2236=DIRECTION('',(-5.15095444595984E-16,-1.23777728804637E-31,1.));
#2237=DIRECTION('center_axis',(-6.12323399573677E-17,1.,0.));
#2238=DIRECTION('ref_axis',(0.,0.,1.));
#2239=DIRECTION('',(-1.,-6.12323399573677E-17,0.));
#2240=DIRECTION('center_axis',(0.,1.,0.));
#2241=DIRECTION('ref_axis',(1.,0.,0.));
#2242=DIRECTION('',(1.,0.,0.));
#2243=DIRECTION('',(0.,0.,-1.));
#2244=DIRECTION('',(1.,0.,0.));
#2245=DIRECTION('',(0.,0.,-1.));
#2246=DIRECTION('',(1.,0.,0.));
#2247=DIRECTION('',(5.15095444595984E-16,0.,1.));
#2248=DIRECTION('',(-1.,0.,1.66533453693773E-16));
#2249=DIRECTION('',(-5.15095444595984E-16,0.,-1.));
#2250=DIRECTION('',(1.,0.,0.));
#2251=DIRECTION('center_axis',(-1.,0.,0.));
#2252=DIRECTION('ref_axis',(0.,1.,0.));
#2253=DIRECTION('',(0.,1.,0.));
#2254=DIRECTION('',(0.,0.,-1.));
#2255=DIRECTION('',(0.,1.,0.));
#2256=DIRECTION('',(0.,1.,0.));
#2257=DIRECTION('',(0.,5.15095444595984E-16,1.));
#2258=DIRECTION('',(0.,-1.,1.66533453693773E-16));
#2259=DIRECTION('',(0.,-5.15095444595984E-16,-1.));
#2260=DIRECTION('',(0.,1.,0.));
#2261=DIRECTION('center_axis',(-7.16272919113004E-17,-1.,0.));
#2262=DIRECTION('ref_axis',(-1.,7.16272919113004E-17,0.));
#2263=DIRECTION('',(-1.,7.16272919113004E-17,0.));
#2264=DIRECTION('',(0.,0.,-1.));
#2265=DIRECTION('',(-1.,7.16272919113004E-17,0.));
#2266=DIRECTION('',(-1.,7.16272919113004E-17,0.));
#2267=DIRECTION('',(-5.15095444595984E-16,3.68948917722576E-32,1.));
#2268=DIRECTION('',(1.,-7.16272919113004E-17,1.66533453693773E-16));
#2269=DIRECTION('',(5.15095444595984E-16,-3.68948917722576E-32,-1.));
#2270=DIRECTION('',(-1.,7.16272919113004E-17,0.));
#2271=DIRECTION('center_axis',(-1.,-1.83697019872103E-16,5.15095444595984E-16));
#2272=DIRECTION('ref_axis',(-5.15095444595984E-16,-1.86858727552622E-31,
-1.));
#2273=DIRECTION('',(1.83697019872103E-16,-1.,0.));
#2274=DIRECTION('',(-5.15095444595984E-16,-1.86858727552622E-31,-1.));
#2275=DIRECTION('',(1.83697019872103E-16,-1.,0.));
#2276=DIRECTION('center_axis',(1.66533453693773E-16,3.0591699152555E-32,
1.));
#2277=DIRECTION('ref_axis',(-1.,-3.62765249650354E-16,1.66533453693773E-16));
#2278=DIRECTION('',(1.83697019872103E-16,-1.,0.));
#2279=DIRECTION('',(-1.,-3.62765249650354E-16,1.66533453693773E-16));
#2280=DIRECTION('center_axis',(1.,1.83697019872103E-16,-5.15095444595984E-16));
#2281=DIRECTION('ref_axis',(5.15095444595984E-16,1.86858727552622E-31,1.));
#2282=DIRECTION('',(-1.83697019872103E-16,1.,0.));
#2283=DIRECTION('',(5.15095444595984E-16,1.86858727552622E-31,1.));
#2284=DIRECTION('center_axis',(1.83697019872103E-16,-1.,0.));
#2285=DIRECTION('ref_axis',(0.,0.,1.));
#2286=DIRECTION('',(1.,1.83697019872103E-16,0.));
#2287=DIRECTION('center_axis',(1.22464679914735E-16,-1.,5.15095444595984E-16));
#2288=DIRECTION('ref_axis',(1.5531822817863E-31,-5.15095444595984E-16,-1.));
#2289=DIRECTION('',(1.,1.22464679914735E-16,0.));
#2290=DIRECTION('',(1.5531822817863E-31,-5.15095444595984E-16,-1.));
#2291=DIRECTION('',(1.,1.22464679914735E-16,0.));
#2292=DIRECTION('center_axis',(-2.03944661017034E-32,1.66533453693773E-16,
1.));
#2293=DIRECTION('ref_axis',(3.01532909692986E-16,-1.,1.66533453693773E-16));
#2294=DIRECTION('',(1.,1.22464679914735E-16,0.));
#2295=DIRECTION('',(3.01532909692986E-16,-1.,1.66533453693773E-16));
#2296=DIRECTION('center_axis',(-1.22464679914735E-16,1.,-5.15095444595984E-16));
#2297=DIRECTION('ref_axis',(-1.55318228178629E-31,5.15095444595984E-16,
1.));
#2298=DIRECTION('',(-1.,-1.22464679914735E-16,0.));
#2299=DIRECTION('',(-1.55318228178629E-31,5.15095444595984E-16,1.));
#2300=DIRECTION('center_axis',(1.,1.22464679914735E-16,0.));
#2301=DIRECTION('ref_axis',(0.,0.,1.));
#2302=DIRECTION('',(-1.22464679914735E-16,1.,0.));
#2303=DIRECTION('center_axis',(1.,6.12323399573677E-17,5.15095444595984E-16));
#2304=DIRECTION('ref_axis',(5.15095444595984E-16,1.23777728804637E-31,-1.));
#2305=DIRECTION('',(-6.12323399573677E-17,1.,0.));
#2306=DIRECTION('',(5.15095444595984E-16,1.23777728804637E-31,-1.));
#2307=DIRECTION('',(-6.12323399573677E-17,1.,0.));
#2308=DIRECTION('center_axis',(-1.66533453693773E-16,-1.01972330508517E-32,
1.));
#2309=DIRECTION('ref_axis',(1.,2.40300569735619E-16,1.66533453693773E-16));
#2310=DIRECTION('',(-6.12323399573677E-17,1.,0.));
#2311=DIRECTION('',(1.,2.40300569735619E-16,1.66533453693773E-16));
#2312=DIRECTION('center_axis',(-1.,-6.12323399573677E-17,-5.15095444595984E-16));
#2313=DIRECTION('ref_axis',(-5.15095444595984E-16,-1.23777728804637E-31,
1.));
#2314=DIRECTION('',(6.12323399573677E-17,-1.,0.));
#2315=DIRECTION('',(-5.15095444595984E-16,-1.23777728804637E-31,1.));
#2316=DIRECTION('center_axis',(-6.12323399573677E-17,1.,0.));
#2317=DIRECTION('ref_axis',(0.,0.,1.));
#2318=DIRECTION('',(-1.,-6.12323399573677E-17,0.));
#2319=DIRECTION('center_axis',(0.,1.,5.15095444595984E-16));
#2320=DIRECTION('ref_axis',(-9.22372294306441E-32,5.15095444595984E-16,
-1.));
#2321=DIRECTION('',(-9.22372294306441E-32,5.15095444595984E-16,-1.));
#2322=DIRECTION('',(-1.,0.,0.));
#2323=DIRECTION('',(-9.22372294306441E-32,5.15095444595984E-16,-1.));
#2324=DIRECTION('',(-1.,0.,0.));
#2325=DIRECTION('center_axis',(0.,-1.66533453693773E-16,1.));
#2326=DIRECTION('ref_axis',(-1.79068229778251E-16,1.,1.66533453693773E-16));
#2327=DIRECTION('',(-1.79068229778251E-16,1.,1.66533453693773E-16));
#2328=DIRECTION('',(-1.,0.,0.));
#2329=DIRECTION('',(-1.79068229778251E-16,1.,1.66533453693773E-16));
#2330=DIRECTION('center_axis',(0.,-1.,-5.15095444595984E-16));
#2331=DIRECTION('ref_axis',(9.2237229430644E-32,-5.15095444595984E-16,1.));
#2332=DIRECTION('',(9.2237229430644E-32,-5.15095444595984E-16,1.));
#2333=DIRECTION('',(1.,0.,0.));
#2334=DIRECTION('',(9.2237229430644E-32,-5.15095444595984E-16,1.));
#2335=DIRECTION('center_axis',(-1.,0.,0.));
#2336=DIRECTION('ref_axis',(0.,0.,1.));
#2337=DIRECTION('',(0.,-1.,0.));
#2338=DIRECTION('center_axis',(1.,1.79068229778251E-16,0.));
#2339=DIRECTION('ref_axis',(1.79068229778251E-16,-1.,0.));
#2340=DIRECTION('',(1.79068229778251E-16,-1.,0.));
#2341=DIRECTION('',(1.79068229778251E-16,-1.,0.));
#2342=DIRECTION('',(1.79068229778251E-16,-1.,0.));
#2343=DIRECTION('',(9.2237229430644E-32,-5.15095444595984E-16,1.));
#2344=DIRECTION('',(-1.79068229778251E-16,1.,1.66533453693773E-16));
#2345=DIRECTION('',(-9.22372294306441E-32,5.15095444595984E-16,-1.));
#2346=DIRECTION('',(1.79068229778251E-16,-1.,0.));
#2347=DIRECTION('center_axis',(0.,1.,5.15095444595984E-16));
#2348=DIRECTION('ref_axis',(-9.22372294306441E-32,5.15095444595984E-16,
-1.));
#2349=DIRECTION('',(-1.,0.,0.));
#2350=DIRECTION('',(-9.22372294306441E-32,5.15095444595984E-16,-1.));
#2351=DIRECTION('',(-1.,0.,0.));
#2352=DIRECTION('center_axis',(0.,-1.66533453693773E-16,1.));
#2353=DIRECTION('ref_axis',(-1.79068229778251E-16,1.,1.66533453693773E-16));
#2354=DIRECTION('',(-1.,0.,0.));
#2355=DIRECTION('',(-1.79068229778251E-16,1.,1.66533453693773E-16));
#2356=DIRECTION('center_axis',(0.,-1.,-5.15095444595984E-16));
#2357=DIRECTION('ref_axis',(9.2237229430644E-32,-5.15095444595984E-16,1.));
#2358=DIRECTION('',(1.,0.,0.));
#2359=DIRECTION('',(9.2237229430644E-32,-5.15095444595984E-16,1.));
#2360=DIRECTION('center_axis',(-1.,0.,0.));
#2361=DIRECTION('ref_axis',(0.,0.,1.));
#2362=DIRECTION('',(0.,-1.,0.));
#2363=DIRECTION('center_axis',(2.47031607167335E-16,-1.,1.99840144432579E-14));
#2364=DIRECTION('ref_axis',(-3.81576404092052E-30,1.99840144432579E-14,
1.));
#2365=DIRECTION('',(3.16953042276379E-30,-1.99840144432579E-14,-1.));
#2366=DIRECTION('',(-1.,-2.47031607167335E-16,0.));
#2367=DIRECTION('',(3.81576404092052E-30,-1.99840144432579E-14,-1.));
#2368=DIRECTION('',(-1.,-2.47031607167335E-16,1.1209191646527E-30));
#2369=DIRECTION('center_axis',(-2.47031607167335E-16,1.,-1.98452365651797E-14));
#2370=DIRECTION('ref_axis',(3.7814815186596E-30,-1.98452365651797E-14,-1.));
#2371=DIRECTION('',(-3.14751979482794E-30,1.98452365651797E-14,1.));
#2372=DIRECTION('',(-1.,-2.47031607167335E-16,1.1209191646527E-30));
#2373=DIRECTION('',(-3.7814815186596E-30,1.98452365651797E-14,1.));
#2374=DIRECTION('',(1.,2.47031607167335E-16,0.));
#2375=DIRECTION('center_axis',(-1.,-2.47031607167335E-16,1.1209191646527E-30));
#2376=DIRECTION('ref_axis',(2.47031607167335E-16,-1.,1.99377551505651E-14));
#2377=DIRECTION('',(-2.47031607167335E-16,1.,0.));
#2378=DIRECTION('',(-3.80433653350021E-30,1.99377551505651E-14,1.));
#2379=DIRECTION('',(2.47031607167335E-16,-1.,1.99840144432579E-14));
#2380=DIRECTION('center_axis',(1.,2.47031607167335E-16,-1.1209191646527E-30));
#2381=DIRECTION('ref_axis',(-2.47031607167335E-16,1.,-1.99377551505651E-14));
#2382=DIRECTION('',(2.47031607167335E-16,-1.,0.));
#2383=DIRECTION('',(-3.85004656318144E-30,2.0122792321336E-14,1.));
#2384=DIRECTION('',(-2.47031607167335E-16,1.,-1.99840144432579E-14));
#2385=DIRECTION('',(3.80433653350021E-30,-1.99377551505651E-14,-1.));
#2386=DIRECTION('center_axis',(2.47031607167335E-16,-1.,1.99377551505651E-14));
#2387=DIRECTION('ref_axis',(-3.80433653350021E-30,1.99377551505651E-14,
1.));
#2388=DIRECTION('',(-1.,-2.47031607167335E-16,0.));
#2389=DIRECTION('',(-1.,-2.47031607167335E-16,1.1209191646527E-30));
#2390=DIRECTION('center_axis',(-2.47031607167335E-16,1.,-2.0122792321336E-14));
#2391=DIRECTION('ref_axis',(3.85004656318144E-30,-2.0122792321336E-14,-1.));
#2392=DIRECTION('',(-1.,-2.47031607167335E-16,1.1209191646527E-30));
#2393=DIRECTION('',(1.,2.47031607167335E-16,0.));
#2394=DIRECTION('',(-3.85004656318144E-30,2.0122792321336E-14,1.));
#2395=DIRECTION('center_axis',(-1.,-2.47031607167335E-16,1.1209191646527E-30));
#2396=DIRECTION('ref_axis',(2.47031607167335E-16,-1.,1.99377551505651E-14));
#2397=DIRECTION('',(2.47031607167335E-16,-1.,1.99840144432579E-14));
#2398=DIRECTION('',(-2.47031607167335E-16,1.,0.));
#2399=DIRECTION('center_axis',(1.,1.85799267209967E-16,1.99840144432579E-14));
#2400=DIRECTION('ref_axis',(-1.99840144432579E-14,-2.59209607481801E-30,
1.));
#2401=DIRECTION('',(1.99840144432579E-14,0.,-1.));
#2402=DIRECTION('',(1.85799267209967E-16,-1.,0.));
#2403=DIRECTION('',(1.99840144432579E-14,2.59209607481801E-30,-1.));
#2404=DIRECTION('',(1.85799267209967E-16,-1.,1.1209191646527E-30));
#2405=DIRECTION('center_axis',(-1.,-1.85799267209967E-16,-1.98452365651797E-14));
#2406=DIRECTION('ref_axis',(1.98452365651797E-14,2.56631124676614E-30,-1.));
#2407=DIRECTION('',(-1.98452365651797E-14,0.,1.));
#2408=DIRECTION('',(1.85799267209967E-16,-1.,1.1209191646527E-30));
#2409=DIRECTION('',(-1.98452365651797E-14,-2.56631124676614E-30,1.));
#2410=DIRECTION('',(-1.85799267209967E-16,1.,0.));
#2411=DIRECTION('center_axis',(1.85799267209967E-16,-1.,1.1209191646527E-30));
#2412=DIRECTION('ref_axis',(1.,1.85799267209967E-16,1.99377551505651E-14));
#2413=DIRECTION('',(-1.,-1.85799267209967E-16,0.));
#2414=DIRECTION('',(-1.99377551505651E-14,-2.58350113213405E-30,1.));
#2415=DIRECTION('',(1.,1.85799267209967E-16,1.99840144432579E-14));
#2416=DIRECTION('center_axis',(-1.85799267209967E-16,1.,-1.1209191646527E-30));
#2417=DIRECTION('ref_axis',(-1.,-1.85799267209967E-16,-1.99377551505651E-14));
#2418=DIRECTION('',(1.,1.85799267209967E-16,0.));
#2419=DIRECTION('',(-2.0122792321336E-14,-2.61788090286988E-30,1.));
#2420=DIRECTION('',(-1.,-1.85799267209967E-16,-1.99840144432579E-14));
#2421=DIRECTION('',(1.99377551505651E-14,2.58350113213405E-30,-1.));
#2422=DIRECTION('center_axis',(1.,1.85799267209967E-16,1.99377551505651E-14));
#2423=DIRECTION('ref_axis',(-1.99377551505651E-14,-2.58350113213405E-30,
1.));
#2424=DIRECTION('',(1.85799267209967E-16,-1.,0.));
#2425=DIRECTION('',(1.85799267209967E-16,-1.,1.1209191646527E-30));
#2426=DIRECTION('center_axis',(-1.,-1.85799267209967E-16,-2.0122792321336E-14));
#2427=DIRECTION('ref_axis',(2.0122792321336E-14,2.61788090286988E-30,-1.));
#2428=DIRECTION('',(1.85799267209967E-16,-1.,1.1209191646527E-30));
#2429=DIRECTION('',(-1.85799267209967E-16,1.,0.));
#2430=DIRECTION('',(-2.0122792321336E-14,-2.61788090286988E-30,1.));
#2431=DIRECTION('center_axis',(1.85799267209967E-16,-1.,1.1209191646527E-30));
#2432=DIRECTION('ref_axis',(1.,1.85799267209967E-16,1.99377551505651E-14));
#2433=DIRECTION('',(1.,1.85799267209967E-16,1.99840144432579E-14));
#2434=DIRECTION('',(-1.,-1.85799267209967E-16,0.));
#2435=DIRECTION('center_axis',(-1.24566927252599E-16,1.,1.99840144432579E-14));
#2436=DIRECTION('ref_axis',(1.3684281087155E-30,-1.99840144432579E-14,1.));
#2437=DIRECTION('',(-1.18857390853642E-30,1.99840144432579E-14,-1.));
#2438=DIRECTION('',(1.,1.24566927252599E-16,0.));
#2439=DIRECTION('',(-1.3684281087155E-30,1.99840144432579E-14,-1.));
#2440=DIRECTION('',(1.,1.24566927252599E-16,1.1209191646527E-30));
#2441=DIRECTION('center_axis',(1.24566927252599E-16,-1.,-1.98452365651797E-14));
#2442=DIRECTION('ref_axis',(-1.35114097487267E-30,1.98452365651797E-14,
-1.));
#2443=DIRECTION('',(1.18031992306048E-30,-1.98452365651797E-14,1.));
#2444=DIRECTION('',(1.,1.24566927252599E-16,1.1209191646527E-30));
#2445=DIRECTION('',(1.35114097487267E-30,-1.98452365651797E-14,1.));
#2446=DIRECTION('',(-1.,-1.24566927252599E-16,0.));
#2447=DIRECTION('center_axis',(1.,1.24566927252599E-16,1.1209191646527E-30));
#2448=DIRECTION('ref_axis',(-1.24566927252599E-16,1.,1.99377551505651E-14));
#2449=DIRECTION('',(1.24566927252599E-16,-1.,0.));
#2450=DIRECTION('',(1.36266573076789E-30,-1.99377551505651E-14,1.));
#2451=DIRECTION('',(-1.24566927252599E-16,1.,1.99840144432579E-14));
#2452=DIRECTION('center_axis',(-1.,-1.24566927252599E-16,-1.1209191646527E-30));
#2453=DIRECTION('ref_axis',(1.24566927252599E-16,-1.,-1.99377551505651E-14));
#2454=DIRECTION('',(-1.24566927252599E-16,1.,0.));
#2455=DIRECTION('',(1.38571524255833E-30,-2.0122792321336E-14,1.));
#2456=DIRECTION('',(1.24566927252599E-16,-1.,-1.99840144432579E-14));
#2457=DIRECTION('',(-1.36266573076789E-30,1.99377551505651E-14,-1.));
#2458=DIRECTION('center_axis',(-1.24566927252599E-16,1.,1.99377551505651E-14));
#2459=DIRECTION('ref_axis',(1.36266573076789E-30,-1.99377551505651E-14,
1.));
#2460=DIRECTION('',(1.,1.24566927252599E-16,0.));
#2461=DIRECTION('',(1.,1.24566927252599E-16,1.1209191646527E-30));
#2462=DIRECTION('center_axis',(1.24566927252599E-16,-1.,-2.0122792321336E-14));
#2463=DIRECTION('ref_axis',(-1.38571524255833E-30,2.0122792321336E-14,-1.));
#2464=DIRECTION('',(1.,1.24566927252599E-16,1.1209191646527E-30));
#2465=DIRECTION('',(-1.,-1.24566927252599E-16,0.));
#2466=DIRECTION('',(1.38571524255833E-30,-2.0122792321336E-14,1.));
#2467=DIRECTION('center_axis',(1.,1.24566927252599E-16,1.1209191646527E-30));
#2468=DIRECTION('ref_axis',(-1.24566927252599E-16,1.,1.99377551505651E-14));
#2469=DIRECTION('',(-1.24566927252599E-16,1.,1.99840144432579E-14));
#2470=DIRECTION('',(1.24566927252599E-16,-1.,0.));
#2471=DIRECTION('center_axis',(1.,1.58603289232165E-16,0.));
#2472=DIRECTION('ref_axis',(1.58603289232165E-16,-1.,0.));
#2473=DIRECTION('',(1.58603289232165E-16,-1.,0.));
#2474=DIRECTION('',(0.,0.,-1.));
#2475=DIRECTION('',(1.58603289232165E-16,-1.,0.));
#2476=DIRECTION('center_axis',(1.,1.58603289232165E-16,0.));
#2477=DIRECTION('ref_axis',(1.58603289232165E-16,-1.,0.));
#2478=DIRECTION('',(1.58603289232165E-16,-1.,0.));
#2479=DIRECTION('',(0.,0.,-1.));
#2480=DIRECTION('',(1.58603289232165E-16,-1.,0.));
#2481=DIRECTION('center_axis',(0.,1.,0.));
#2482=DIRECTION('ref_axis',(1.,0.,0.));
#2483=DIRECTION('',(1.,0.,0.));
#2484=DIRECTION('',(0.,0.,-1.));
#2485=DIRECTION('',(1.,0.,0.));
#2486=DIRECTION('center_axis',(0.,1.,0.));
#2487=DIRECTION('ref_axis',(1.,0.,0.));
#2488=DIRECTION('',(1.,0.,0.));
#2489=DIRECTION('',(1.,0.,0.));
#2490=DIRECTION('center_axis',(-1.,-5.94762334620619E-17,0.));
#2491=DIRECTION('ref_axis',(-5.94762334620619E-17,1.,0.));
#2492=DIRECTION('',(-5.94762334620619E-17,1.,0.));
#2493=DIRECTION('',(0.,0.,-1.));
#2494=DIRECTION('',(-5.94762334620619E-17,1.,0.));
#2495=DIRECTION('center_axis',(-1.,-5.94762334620619E-17,0.));
#2496=DIRECTION('ref_axis',(-5.94762334620619E-17,1.,0.));
#2497=DIRECTION('',(-5.94762334620619E-17,1.,0.));
#2498=DIRECTION('',(-5.94762334620619E-17,1.,0.));
#2499=DIRECTION('center_axis',(0.,0.,-1.));
#2500=DIRECTION('ref_axis',(-1.,0.,0.));
#2501=DIRECTION('',(-1.,-2.37904933848248E-16,0.));
#2502=DIRECTION('',(-6.33345872952317E-17,1.,1.1209191646527E-30));
#2503=DIRECTION('',(-1.,-6.33345872952317E-17,1.99840144432579E-14));
#2504=DIRECTION('',(-6.33345872952317E-17,1.,1.1209191646527E-30));
#2505=DIRECTION('',(1.,6.33345872952317E-17,-1.99840144432579E-14));
#2506=DIRECTION('',(-6.33345872952317E-17,1.,1.1209191646527E-30));
#2507=DIRECTION('',(-1.,-6.33345872952317E-17,1.99840144432579E-14));
#2508=DIRECTION('',(-6.33345872952317E-17,1.,1.1209191646527E-30));
#2509=DIRECTION('',(-1.,-2.37904933848248E-16,0.));
#2510=DIRECTION('',(8.881784197001E-16,1.,0.));
#2511=DIRECTION('',(1.,-4.4408920985E-16,0.));
#2512=DIRECTION('',(-8.881784197001E-16,-1.,0.));
#2513=DIRECTION('',(-1.,4.4408920985E-16,0.));
#2514=DIRECTION('',(8.881784197001E-16,1.,0.));
#2515=DIRECTION('',(1.,-4.4408920985E-16,0.));
#2516=DIRECTION('',(-8.881784197001E-16,-1.,0.));
#2517=DIRECTION('',(-1.,4.4408920985E-16,0.));
#2518=DIRECTION('',(8.881784197001E-16,1.,0.));
#2519=DIRECTION('',(1.,2.220446049251E-16,0.));
#2520=DIRECTION('',(-8.881784197001E-16,-1.,0.));
#2521=DIRECTION('',(-1.,-2.220446049251E-16,0.));
#2522=DIRECTION('',(0.,-1.,0.));
#2523=DIRECTION('',(-1.,-1.141239279012E-16,0.));
#2524=DIRECTION('',(0.,1.,0.));
#2525=DIRECTION('',(1.,0.,0.));
#2526=DIRECTION('',(0.,-1.,0.));
#2527=DIRECTION('',(-1.,0.,0.));
#2528=DIRECTION('',(-2.09708793540307E-16,1.,0.));
#2529=DIRECTION('',(1.,0.,0.));
#2530=DIRECTION('center_axis',(-1.,-6.33345872952317E-17,1.99840144432579E-14));
#2531=DIRECTION('ref_axis',(1.99840144432579E-14,1.44760142612989E-31,1.));
#2532=DIRECTION('',(-1.99840144432579E-14,-4.75429563414569E-30,-1.));
#2533=DIRECTION('',(-6.33345872952317E-17,1.,0.));
#2534=DIRECTION('',(-1.99840144432579E-14,-1.44760142612989E-31,-1.));
#2535=DIRECTION('center_axis',(1.,6.33345872952317E-17,-1.98452365651797E-14));
#2536=DIRECTION('ref_axis',(-1.98452365651797E-14,-1.35970702979201E-31,
-1.));
#2537=DIRECTION('',(1.98452365651797E-14,4.72127969224191E-30,1.));
#2538=DIRECTION('',(1.98452365651797E-14,1.35970702979201E-31,1.));
#2539=DIRECTION('',(6.33345872952317E-17,-1.,0.));
#2540=DIRECTION('center_axis',(-6.33345872952317E-17,1.,1.1209191646527E-30));
#2541=DIRECTION('ref_axis',(-1.,-6.33345872952317E-17,1.99377551505651E-14));
#2542=DIRECTION('',(1.,6.33345872952317E-17,0.));
#2543=DIRECTION('',(1.99377551505651E-14,1.41830329401726E-31,1.));
#2544=DIRECTION('center_axis',(6.33345872952317E-17,-1.,-1.1209191646527E-30));
#2545=DIRECTION('ref_axis',(1.,6.33345872952317E-17,-1.99377551505651E-14));
#2546=DIRECTION('',(-1.,-6.33345872952317E-17,0.));
#2547=DIRECTION('',(2.0122792321336E-14,1.53549582246776E-31,1.));
#2548=DIRECTION('',(-1.99377551505651E-14,-1.41830329401726E-31,-1.));
#2549=DIRECTION('center_axis',(-1.,-6.33345872952317E-17,1.99377551505651E-14));
#2550=DIRECTION('ref_axis',(1.99377551505651E-14,1.41830329401726E-31,1.));
#2551=DIRECTION('',(-6.33345872952317E-17,1.,0.));
#2552=DIRECTION('center_axis',(1.,6.33345872952317E-17,-2.0122792321336E-14));
#2553=DIRECTION('ref_axis',(-2.0122792321336E-14,-1.53549582246776E-31,
-1.));
#2554=DIRECTION('',(6.33345872952317E-17,-1.,0.));
#2555=DIRECTION('',(2.0122792321336E-14,1.53549582246776E-31,1.));
#2556=DIRECTION('center_axis',(-6.33345872952317E-17,1.,1.1209191646527E-30));
#2557=DIRECTION('ref_axis',(-1.,-6.33345872952317E-17,1.99377551505651E-14));
#2558=DIRECTION('',(1.,6.33345872952317E-17,0.));
#2559=DIRECTION('center_axis',(2.37904933848248E-16,-1.,0.));
#2560=DIRECTION('ref_axis',(-1.,-2.37904933848248E-16,0.));
#2561=DIRECTION('',(-1.,-2.37904933848248E-16,0.));
#2562=DIRECTION('center_axis',(2.37904933848248E-16,-1.,0.));
#2563=DIRECTION('ref_axis',(-1.,-2.37904933848248E-16,0.));
#2564=DIRECTION('',(-1.,-2.37904933848248E-16,0.));
#2565=DIRECTION('center_axis',(1.,-8.881784197001E-16,3.330669073875E-16));
#2566=DIRECTION('ref_axis',(8.881784197001E-16,1.,5.551115123126E-16));
#2567=DIRECTION('',(-3.330669073875E-16,-3.330669073875E-16,-1.));
#2568=DIRECTION('',(0.,1.,7.771561172376E-16));
#2569=DIRECTION('',(-3.330669073875E-16,-3.330669073875E-16,-1.));
#2570=DIRECTION('center_axis',(-4.4408920985E-16,-1.,-3.330669073875E-16));
#2571=DIRECTION('ref_axis',(1.,-4.4408920985E-16,5.551115123126E-16));
#2572=DIRECTION('',(1.,-1.33226762955E-15,7.771561172376E-16));
#2573=DIRECTION('',(-3.330669073875E-16,-3.330669073875E-16,-1.));
#2574=DIRECTION('center_axis',(1.,-8.881784197001E-16,3.330669073875E-16));
#2575=DIRECTION('ref_axis',(8.881784197001E-16,1.,5.551115123126E-16));
#2576=DIRECTION('',(-3.330669073875E-16,-3.330669073875E-16,-1.));
#2577=DIRECTION('',(0.,1.,7.771561172376E-16));
#2578=DIRECTION('',(-3.330669073875E-16,-3.330669073875E-16,-1.));
#2579=DIRECTION('center_axis',(-4.4408920985E-16,-1.,-3.330669073875E-16));
#2580=DIRECTION('ref_axis',(1.,-4.4408920985E-16,5.551115123126E-16));
#2581=DIRECTION('',(1.,-1.33226762955E-15,7.771561172376E-16));
#2582=DIRECTION('',(-3.330669073875E-16,-3.330669073875E-16,-1.));
#2583=DIRECTION('center_axis',(1.,-8.881784197001E-16,9.992007221626E-16));
#2584=DIRECTION('ref_axis',(8.88178419700099E-16,1.,5.551115123126E-16));
#2585=DIRECTION('',(-3.330669073875E-16,-9.992007221626E-16,-1.));
#2586=DIRECTION('',(-6.661338147751E-16,1.,7.771561172376E-16));
#2587=DIRECTION('',(-3.330669073875E-16,-9.992007221626E-16,-1.));
#2588=DIRECTION('center_axis',(2.220446049251E-16,-1.,-3.330669073875E-16));
#2589=DIRECTION('ref_axis',(1.,2.220446049251E-16,1.221245327088E-15));
#2590=DIRECTION('',(1.,-1.33226762955E-15,1.443289932013E-15));
#2591=DIRECTION('',(-3.330669073875E-16,-9.992007221626E-16,-1.));
#2592=DIRECTION('center_axis',(-1.,8.881784197001E-16,-3.330669073875E-16));
#2593=DIRECTION('ref_axis',(-8.881784197001E-16,-1.,-5.551115123126E-16));
#2594=DIRECTION('',(0.,-1.,-7.771561172376E-16));
#2595=DIRECTION('',(-3.330669073875E-16,-3.330669073875E-16,-1.));
#2596=DIRECTION('center_axis',(4.4408920985E-16,1.,3.330669073875E-16));
#2597=DIRECTION('ref_axis',(-1.,4.4408920985E-16,-5.551115123126E-16));
#2598=DIRECTION('',(-1.,1.33226762955E-15,-7.771561172376E-16));
#2599=DIRECTION('center_axis',(-1.,8.881784197001E-16,-3.330669073875E-16));
#2600=DIRECTION('ref_axis',(-8.881784197001E-16,-1.,-5.551115123126E-16));
#2601=DIRECTION('',(0.,-1.,-7.771561172376E-16));
#2602=DIRECTION('',(-3.330669073875E-16,-3.330669073875E-16,-1.));
#2603=DIRECTION('center_axis',(4.4408920985E-16,1.,3.330669073875E-16));
#2604=DIRECTION('ref_axis',(-1.,4.4408920985E-16,-5.551115123126E-16));
#2605=DIRECTION('',(-1.,1.33226762955E-15,-7.771561172376E-16));
#2606=DIRECTION('center_axis',(-1.,8.881784197001E-16,-9.992007221626E-16));
#2607=DIRECTION('ref_axis',(-8.88178419700099E-16,-1.,-5.551115123126E-16));
#2608=DIRECTION('',(6.661338147751E-16,-1.,-7.771561172376E-16));
#2609=DIRECTION('',(-3.330669073875E-16,-9.992007221626E-16,-1.));
#2610=DIRECTION('center_axis',(-2.220446049251E-16,1.,3.330669073875E-16));
#2611=DIRECTION('ref_axis',(-1.,-2.220446049251E-16,-1.221245327088E-15));
#2612=DIRECTION('',(-1.,1.33226762955E-15,-1.443289932013E-15));
#2613=DIRECTION('center_axis',(5.273559366969E-16,5.620504062165E-16,1.));
#2614=DIRECTION('ref_axis',(-1.,8.881784197001E-16,5.273559366969E-16));
#2615=DIRECTION('center_axis',(5.273559366969E-16,5.620504062165E-16,1.));
#2616=DIRECTION('ref_axis',(-1.,8.881784197001E-16,5.273559366969E-16));
#2617=DIRECTION('center_axis',(5.273559366969E-16,1.228184220992E-15,1.));
#2618=DIRECTION('ref_axis',(-1.,8.881784197001E-16,5.27355936696899E-16));
#2619=DIRECTION('center_axis',(1.,0.,0.));
#2620=DIRECTION('ref_axis',(0.,-1.,0.));
#2621=DIRECTION('',(0.,-1.,0.));
#2622=DIRECTION('',(0.,0.,-1.));
#2623=DIRECTION('',(0.,-1.,0.));
#2624=DIRECTION('',(0.,0.,-1.));
#2625=DIRECTION('',(0.,0.,1.));
#2626=DIRECTION('center_axis',(0.,1.,0.));
#2627=DIRECTION('ref_axis',(1.,0.,0.));
#2628=DIRECTION('',(1.,0.,0.));
#2629=DIRECTION('',(0.,0.,-1.));
#2630=DIRECTION('',(1.,0.,0.));
#2631=DIRECTION('center_axis',(-1.,0.,0.));
#2632=DIRECTION('ref_axis',(0.,1.,0.));
#2633=DIRECTION('',(0.,1.,0.));
#2634=DIRECTION('',(0.,0.,-1.));
#2635=DIRECTION('',(0.,0.,-1.));
#2636=DIRECTION('',(0.,1.,0.));
#2637=DIRECTION('center_axis',(1.141239279012E-16,-1.,0.));
#2638=DIRECTION('ref_axis',(-1.,-1.141239279012E-16,0.));
#2639=DIRECTION('',(-1.,-1.141239279012E-16,0.));
#2640=DIRECTION('center_axis',(0.,0.,-1.));
#2641=DIRECTION('ref_axis',(-1.,0.,0.));
#2642=DIRECTION('center_axis',(0.,-1.,0.));
#2643=DIRECTION('ref_axis',(-1.,0.,0.));
#2644=DIRECTION('',(-1.,0.,0.));
#2645=DIRECTION('',(0.,0.,-1.));
#2646=DIRECTION('center_axis',(0.,-1.,0.));
#2647=DIRECTION('ref_axis',(-1.,0.,0.));
#2648=DIRECTION('',(0.,0.,-1.));
#2649=DIRECTION('',(-1.,0.,0.));
#2650=DIRECTION('center_axis',(0.,1.,0.));
#2651=DIRECTION('ref_axis',(1.,0.,0.));
#2652=DIRECTION('',(0.,0.,-1.));
#2653=DIRECTION('',(1.,0.,0.));
#2654=DIRECTION('',(0.,0.,-1.));
#2655=DIRECTION('center_axis',(-1.,0.,0.));
#2656=DIRECTION('ref_axis',(0.,1.,0.));
#2657=DIRECTION('',(0.,1.,0.));
#2658=DIRECTION('center_axis',(1.,2.09708793540307E-16,0.));
#2659=DIRECTION('ref_axis',(2.09708793540307E-16,-1.,0.));
#2660=DIRECTION('',(2.09708793540307E-16,-1.,0.));
#2661=DIRECTION('center_axis',(0.,0.,-1.));
#2662=DIRECTION('ref_axis',(-1.,0.,0.));
#2663=DIRECTION('center_axis',(0.,0.,-1.));
#2664=DIRECTION('ref_axis',(-1.,0.,0.));
#2665=DIRECTION('center_axis',(0.,0.,-1.));
#2666=DIRECTION('ref_axis',(-1.,0.,0.));
#2667=CARTESIAN_POINT('',(0.,0.,0.));
#2668=CARTESIAN_POINT('Origin',(58.2002374330875,33.3204795727991,32.6109231540527));
#2669=CARTESIAN_POINT('',(58.2002374330875,33.3204795727991,32.6109231540527));
#2670=CARTESIAN_POINT('',(58.2002374330875,33.3204795727991,23.9894295161428));
#2671=CARTESIAN_POINT('',(58.2002374330875,33.320479572799,33.8001763350978));
#2672=CARTESIAN_POINT('',(58.2002374330875,31.3204795727991,32.6109231540527));
#2673=CARTESIAN_POINT('',(58.2002374330875,33.3204795727991,32.6109231540527));
#2674=CARTESIAN_POINT('',(58.2002374330875,31.3204795727991,23.9894295161428));
#2675=CARTESIAN_POINT('',(58.2002374330875,31.3204795727991,23.9894295161428));
#2676=CARTESIAN_POINT('',(58.2002374330875,2.32047957279903,23.9894295161428));
#2677=CARTESIAN_POINT('Origin',(68.2002374330875,33.3204795727991,32.6109231540527));
#2678=CARTESIAN_POINT('',(68.2002374330875,33.3204795727991,32.6109231540527));
#2679=CARTESIAN_POINT('',(48.7002374330875,33.320479572799,32.6109231540527));
#2680=CARTESIAN_POINT('',(68.2002374330875,31.3204795727991,32.6109231540527));
#2681=CARTESIAN_POINT('',(68.2002374330875,33.3204795727991,32.6109231540527));
#2682=CARTESIAN_POINT('',(58.2002374330875,31.3204795727991,32.6109231540527));
#2683=CARTESIAN_POINT('Origin',(68.2002374330875,33.3204795727991,23.9894295161428));
#2684=CARTESIAN_POINT('',(68.2002374330875,33.3204795727991,23.9894295161428));
#2685=CARTESIAN_POINT('',(68.2002374330875,33.320479572799,29.4894295161428));
#2686=CARTESIAN_POINT('',(68.2002374330875,31.3204795727991,23.9894295161428));
#2687=CARTESIAN_POINT('',(68.2002374330875,2.32047957279903,23.9894295161428));
#2688=CARTESIAN_POINT('',(68.2002374330875,31.3204795727991,32.6109231540527));
#2689=CARTESIAN_POINT('Origin',(63.2002374330875,31.3204795727991,28.3001763350978));
#2690=CARTESIAN_POINT('',(77.2002374330875,31.3204795727991,23.9894295161428));
#2691=CARTESIAN_POINT('Origin',(29.2002374330875,-61.679520427201,32.6109231540527));
#2692=CARTESIAN_POINT('',(29.2002374330875,-61.679520427201,32.6109231540527));
#2693=CARTESIAN_POINT('',(29.2002374330875,-61.679520427201,23.9894295161428));
#2694=CARTESIAN_POINT('',(29.2002374330875,-61.679520427201,33.8001763350978));
#2695=CARTESIAN_POINT('',(31.2002374330875,-61.679520427201,32.6109231540527));
#2696=CARTESIAN_POINT('',(29.2002374330875,-61.679520427201,32.6109231540527));
#2697=CARTESIAN_POINT('',(31.2002374330875,-61.679520427201,23.9894295161428));
#2698=CARTESIAN_POINT('',(31.2002374330875,-61.679520427201,23.9894295161428));
#2699=CARTESIAN_POINT('',(60.2002374330875,-61.679520427201,23.9894295161428));
#2700=CARTESIAN_POINT('Origin',(29.2002374330875,-51.679520427201,32.6109231540527));
#2701=CARTESIAN_POINT('',(29.2002374330875,-51.679520427201,32.6109231540527));
#2702=CARTESIAN_POINT('',(29.2002374330875,-71.179520427201,32.6109231540527));
#2703=CARTESIAN_POINT('',(31.2002374330875,-51.679520427201,32.6109231540527));
#2704=CARTESIAN_POINT('',(29.2002374330875,-51.679520427201,32.6109231540527));
#2705=CARTESIAN_POINT('',(31.2002374330875,-61.679520427201,32.6109231540527));
#2706=CARTESIAN_POINT('Origin',(29.2002374330875,-51.679520427201,23.9894295161428));
#2707=CARTESIAN_POINT('',(29.2002374330875,-51.679520427201,23.9894295161428));
#2708=CARTESIAN_POINT('',(29.2002374330875,-51.679520427201,29.4894295161428));
#2709=CARTESIAN_POINT('',(31.2002374330875,-51.679520427201,23.9894295161428));
#2710=CARTESIAN_POINT('',(60.2002374330875,-51.679520427201,23.9894295161428));
#2711=CARTESIAN_POINT('',(31.2002374330875,-51.679520427201,32.6109231540527));
#2712=CARTESIAN_POINT('Origin',(31.2002374330875,-56.679520427201,28.3001763350978));
#2713=CARTESIAN_POINT('',(31.2002374330875,-42.679520427201,23.9894295161428));
#2714=CARTESIAN_POINT('Origin',(124.200237433088,-90.6795204272011,32.6109231540527));
#2715=CARTESIAN_POINT('',(124.200237433088,-90.6795204272011,32.6109231540527));
#2716=CARTESIAN_POINT('',(124.200237433088,-90.6795204272011,23.9894295161428));
#2717=CARTESIAN_POINT('',(124.200237433088,-90.679520427201,33.8001763350978));
#2718=CARTESIAN_POINT('',(124.200237433088,-88.6795204272011,32.6109231540527));
#2719=CARTESIAN_POINT('',(124.200237433088,-90.6795204272011,32.6109231540527));
#2720=CARTESIAN_POINT('',(124.200237433088,-88.6795204272011,23.9894295161428));
#2721=CARTESIAN_POINT('',(124.200237433088,-88.6795204272011,23.9894295161428));
#2722=CARTESIAN_POINT('',(124.200237433088,-59.679520427201,23.9894295161428));
#2723=CARTESIAN_POINT('Origin',(114.200237433088,-90.6795204272011,32.6109231540527));
#2724=CARTESIAN_POINT('',(114.200237433088,-90.6795204272011,32.6109231540527));
#2725=CARTESIAN_POINT('',(133.700237433088,-90.679520427201,32.6109231540527));
#2726=CARTESIAN_POINT('',(114.200237433088,-88.6795204272011,32.6109231540527));
#2727=CARTESIAN_POINT('',(114.200237433088,-90.6795204272011,32.6109231540527));
#2728=CARTESIAN_POINT('',(124.200237433088,-88.6795204272011,32.6109231540527));
#2729=CARTESIAN_POINT('Origin',(114.200237433088,-90.6795204272011,23.9894295161428));
#2730=CARTESIAN_POINT('',(114.200237433088,-90.6795204272011,23.9894295161428));
#2731=CARTESIAN_POINT('',(114.200237433088,-90.679520427201,29.4894295161428));
#2732=CARTESIAN_POINT('',(114.200237433088,-88.6795204272011,23.9894295161428));
#2733=CARTESIAN_POINT('',(114.200237433088,-59.679520427201,23.9894295161428));
#2734=CARTESIAN_POINT('',(114.200237433088,-88.6795204272011,32.6109231540527));
#2735=CARTESIAN_POINT('Origin',(119.200237433088,-88.6795204272011,28.3001763350978));
#2736=CARTESIAN_POINT('',(105.200237433088,-88.6795204272011,23.9894295161428));
#2737=CARTESIAN_POINT('Origin',(29.2002374330875,33.320479572799,34.9894295161428));
#2738=CARTESIAN_POINT('',(29.2002374330875,33.320479572799,23.9894295161428));
#2739=CARTESIAN_POINT('',(29.2002374330875,33.320479572799,23.9894295161428));
#2740=CARTESIAN_POINT('',(29.2002374330875,33.320479572799,34.9894295161428));
#2741=CARTESIAN_POINT('',(29.2002374330875,33.320479572799,34.9894295161428));
#2742=CARTESIAN_POINT('',(153.200237433088,33.320479572799,34.9894295161428));
#2743=CARTESIAN_POINT('',(29.2002374330875,33.320479572799,34.9894295161428));
#2744=CARTESIAN_POINT('',(153.200237433088,33.320479572799,23.9894295161428));
#2745=CARTESIAN_POINT('',(153.200237433088,33.320479572799,34.9894295161428));
#2746=CARTESIAN_POINT('',(128.200237433087,33.3204795727991,23.9894295161428));
#2747=CARTESIAN_POINT('',(29.2002374330875,33.320479572799,23.9894295161428));
#2748=CARTESIAN_POINT('',(128.200237433087,33.3204795727991,32.6109231540527));
#2749=CARTESIAN_POINT('',(128.200237433087,33.320479572799,29.4894295161428));
#2750=CARTESIAN_POINT('',(118.200237433088,33.3204795727991,32.6109231540527));
#2751=CARTESIAN_POINT('',(78.7002374330875,33.320479572799,32.6109231540527));
#2752=CARTESIAN_POINT('',(118.200237433088,33.3204795727991,23.9894295161428));
#2753=CARTESIAN_POINT('',(118.200237433088,33.320479572799,33.8001763350977));
#2754=CARTESIAN_POINT('',(29.2002374330875,33.320479572799,23.9894295161428));
#2755=CARTESIAN_POINT('Origin',(29.2002374330875,-90.679520427201,34.9894295161428));
#2756=CARTESIAN_POINT('',(29.2002374330875,-90.679520427201,23.9894295161428));
#2757=CARTESIAN_POINT('',(29.2002374330875,-90.679520427201,23.9894295161428));
#2758=CARTESIAN_POINT('',(29.2002374330875,-90.679520427201,34.9894295161428));
#2759=CARTESIAN_POINT('',(29.2002374330875,-90.679520427201,34.9894295161428));
#2760=CARTESIAN_POINT('',(29.2002374330875,-90.679520427201,34.9894295161428));
#2761=CARTESIAN_POINT('',(29.2002374330875,8.32047957279898,23.9894295161428));
#2762=CARTESIAN_POINT('',(29.2002374330875,-90.679520427201,23.9894295161428));
#2763=CARTESIAN_POINT('',(29.2002374330875,8.32047957279898,32.6109231540527));
#2764=CARTESIAN_POINT('',(29.2002374330875,8.32047957279897,29.4894295161428));
#2765=CARTESIAN_POINT('',(29.2002374330875,-1.67952042720102,32.6109231540527));
#2766=CARTESIAN_POINT('',(29.2002374330875,-41.179520427201,32.6109231540527));
#2767=CARTESIAN_POINT('',(29.2002374330875,-1.67952042720103,23.9894295161428));
#2768=CARTESIAN_POINT('',(29.2002374330875,-1.67952042720103,33.8001763350977));
#2769=CARTESIAN_POINT('',(29.2002374330875,-90.679520427201,23.9894295161428));
#2770=CARTESIAN_POINT('Origin',(153.200237433088,-90.679520427201,34.9894295161428));
#2771=CARTESIAN_POINT('',(153.200237433088,-90.679520427201,23.9894295161428));
#2772=CARTESIAN_POINT('',(153.200237433088,-90.679520427201,23.9894295161428));
#2773=CARTESIAN_POINT('',(153.200237433088,-90.679520427201,34.9894295161428));
#2774=CARTESIAN_POINT('',(153.200237433088,-90.679520427201,34.9894295161428));
#2775=CARTESIAN_POINT('',(153.200237433088,-90.679520427201,34.9894295161428));
#2776=CARTESIAN_POINT('',(54.2002374330875,-90.6795204272011,23.9894295161428));
#2777=CARTESIAN_POINT('',(153.200237433088,-90.679520427201,23.9894295161428));
#2778=CARTESIAN_POINT('',(54.2002374330875,-90.6795204272011,32.6109231540527));
#2779=CARTESIAN_POINT('',(54.2002374330875,-90.679520427201,29.4894295161428));
#2780=CARTESIAN_POINT('',(64.2002374330876,-90.6795204272011,32.6109231540527));
#2781=CARTESIAN_POINT('',(103.700237433088,-90.679520427201,32.6109231540527));
#2782=CARTESIAN_POINT('',(64.2002374330876,-90.6795204272011,23.9894295161428));
#2783=CARTESIAN_POINT('',(64.2002374330875,-90.679520427201,33.8001763350977));
#2784=CARTESIAN_POINT('',(153.200237433088,-90.679520427201,23.9894295161428));
#2785=CARTESIAN_POINT('Origin',(118.200237433088,33.3204795727991,32.6109231540527));
#2786=CARTESIAN_POINT('',(118.200237433088,31.3204795727991,32.6109231540527));
#2787=CARTESIAN_POINT('',(118.200237433088,33.3204795727991,32.6109231540527));
#2788=CARTESIAN_POINT('',(118.200237433088,31.3204795727991,23.9894295161428));
#2789=CARTESIAN_POINT('',(118.200237433088,31.3204795727991,23.9894295161428));
#2790=CARTESIAN_POINT('',(118.200237433088,2.32047957279904,23.9894295161428));
#2791=CARTESIAN_POINT('Origin',(128.200237433087,33.3204795727991,32.6109231540527));
#2792=CARTESIAN_POINT('',(128.200237433087,31.3204795727991,32.6109231540527));
#2793=CARTESIAN_POINT('',(128.200237433087,33.3204795727991,32.6109231540527));
#2794=CARTESIAN_POINT('',(118.200237433088,31.3204795727991,32.6109231540527));
#2795=CARTESIAN_POINT('Origin',(128.200237433087,33.3204795727991,23.9894295161428));
#2796=CARTESIAN_POINT('',(128.200237433087,31.3204795727991,23.9894295161428));
#2797=CARTESIAN_POINT('',(128.200237433088,2.32047957279904,23.9894295161428));
#2798=CARTESIAN_POINT('',(128.200237433087,31.3204795727991,32.6109231540527));
#2799=CARTESIAN_POINT('Origin',(123.200237433088,31.3204795727991,28.3001763350978));
#2800=CARTESIAN_POINT('',(107.200237433088,31.3204795727991,23.9894295161428));
#2801=CARTESIAN_POINT('Origin',(29.2002374330875,-1.67952042720102,32.6109231540527));
#2802=CARTESIAN_POINT('',(31.2002374330875,-1.67952042720102,32.6109231540527));
#2803=CARTESIAN_POINT('',(29.2002374330875,-1.67952042720102,32.6109231540527));
#2804=CARTESIAN_POINT('',(31.2002374330875,-1.67952042720103,23.9894295161428));
#2805=CARTESIAN_POINT('',(31.2002374330875,-1.67952042720102,23.9894295161428));
#2806=CARTESIAN_POINT('',(60.2002374330875,-1.67952042720102,23.9894295161428));
#2807=CARTESIAN_POINT('Origin',(29.2002374330875,8.32047957279898,32.6109231540527));
#2808=CARTESIAN_POINT('',(31.2002374330875,8.32047957279898,32.6109231540527));
#2809=CARTESIAN_POINT('',(29.2002374330875,8.32047957279898,32.6109231540527));
#2810=CARTESIAN_POINT('',(31.2002374330875,-1.67952042720102,32.6109231540527));
#2811=CARTESIAN_POINT('Origin',(29.2002374330875,8.32047957279898,23.9894295161428));
#2812=CARTESIAN_POINT('',(31.2002374330875,8.32047957279898,23.9894295161428));
#2813=CARTESIAN_POINT('',(60.2002374330875,8.32047957279899,23.9894295161428));
#2814=CARTESIAN_POINT('',(31.2002374330875,8.32047957279898,32.6109231540527));
#2815=CARTESIAN_POINT('Origin',(31.2002374330875,3.32047957279898,28.3001763350978));
#2816=CARTESIAN_POINT('',(31.2002374330875,-12.679520427201,23.9894295161428));
#2817=CARTESIAN_POINT('Origin',(64.2002374330876,-90.6795204272011,32.6109231540527));
#2818=CARTESIAN_POINT('',(64.2002374330876,-88.6795204272011,32.6109231540527));
#2819=CARTESIAN_POINT('',(64.2002374330876,-90.6795204272011,32.6109231540527));
#2820=CARTESIAN_POINT('',(64.2002374330876,-88.6795204272011,23.9894295161428));
#2821=CARTESIAN_POINT('',(64.2002374330876,-88.6795204272011,23.9894295161428));
#2822=CARTESIAN_POINT('',(64.2002374330875,-59.679520427201,23.9894295161428));
#2823=CARTESIAN_POINT('Origin',(54.2002374330875,-90.6795204272011,32.6109231540527));
#2824=CARTESIAN_POINT('',(54.2002374330875,-88.6795204272011,32.6109231540527));
#2825=CARTESIAN_POINT('',(54.2002374330875,-90.6795204272011,32.6109231540527));
#2826=CARTESIAN_POINT('',(64.2002374330876,-88.6795204272011,32.6109231540527));
#2827=CARTESIAN_POINT('Origin',(54.2002374330875,-90.6795204272011,23.9894295161428));
#2828=CARTESIAN_POINT('',(54.2002374330875,-88.6795204272011,23.9894295161428));
#2829=CARTESIAN_POINT('',(54.2002374330875,-59.679520427201,23.9894295161428));
#2830=CARTESIAN_POINT('',(54.2002374330875,-88.6795204272011,32.6109231540527));
#2831=CARTESIAN_POINT('Origin',(59.2002374330875,-88.6795204272011,28.3001763350978));
#2832=CARTESIAN_POINT('',(75.2002374330876,-88.6795204272011,23.9894295161428));
#2833=CARTESIAN_POINT('Origin',(153.200237433088,4.32047957279902,32.6109231540527));
#2834=CARTESIAN_POINT('',(153.200237433088,4.32047957279902,32.6109231540527));
#2835=CARTESIAN_POINT('',(153.200237433088,4.32047957279903,23.9894295161428));
#2836=CARTESIAN_POINT('',(153.200237433088,4.32047957279902,33.8001763350978));
#2837=CARTESIAN_POINT('',(151.200237433088,4.32047957279902,32.6109231540527));
#2838=CARTESIAN_POINT('',(153.200237433088,4.32047957279902,32.6109231540527));
#2839=CARTESIAN_POINT('',(151.200237433088,4.32047957279903,23.9894295161428));
#2840=CARTESIAN_POINT('',(151.200237433088,4.32047957279902,23.9894295161428));
#2841=CARTESIAN_POINT('',(122.200237433088,4.32047957279903,23.9894295161428));
#2842=CARTESIAN_POINT('Origin',(153.200237433088,-5.67952042720098,32.6109231540527));
#2843=CARTESIAN_POINT('',(153.200237433088,-5.67952042720098,32.6109231540527));
#2844=CARTESIAN_POINT('',(153.200237433088,13.820479572799,32.6109231540527));
#2845=CARTESIAN_POINT('',(151.200237433088,-5.67952042720098,32.6109231540527));
#2846=CARTESIAN_POINT('',(153.200237433088,-5.67952042720098,32.6109231540527));
#2847=CARTESIAN_POINT('',(151.200237433088,4.32047957279902,32.6109231540527));
#2848=CARTESIAN_POINT('Origin',(153.200237433088,-5.67952042720098,23.9894295161428));
#2849=CARTESIAN_POINT('',(153.200237433088,-5.67952042720098,23.9894295161428));
#2850=CARTESIAN_POINT('',(153.200237433088,-5.67952042720098,29.4894295161428));
#2851=CARTESIAN_POINT('',(151.200237433088,-5.67952042720098,23.9894295161428));
#2852=CARTESIAN_POINT('',(122.200237433088,-5.67952042720098,23.9894295161428));
#2853=CARTESIAN_POINT('',(151.200237433088,-5.67952042720098,32.6109231540527));
#2854=CARTESIAN_POINT('Origin',(151.200237433088,-0.679520427200977,28.3001763350978));
#2855=CARTESIAN_POINT('',(151.200237433088,-14.679520427201,23.9894295161428));
#2856=CARTESIAN_POINT('Origin',(153.200237433088,33.320479572799,34.9894295161428));
#2857=CARTESIAN_POINT('',(153.200237433088,33.320479572799,23.9894295161428));
#2858=CARTESIAN_POINT('',(153.200237433088,33.320479572799,34.9894295161428));
#2859=CARTESIAN_POINT('',(153.200237433088,-65.679520427201,23.9894295161428));
#2860=CARTESIAN_POINT('',(153.200237433088,33.320479572799,23.9894295161428));
#2861=CARTESIAN_POINT('',(153.200237433088,-65.679520427201,32.6109231540527));
#2862=CARTESIAN_POINT('',(153.200237433088,-65.679520427201,29.4894295161428));
#2863=CARTESIAN_POINT('',(153.200237433088,-55.679520427201,32.6109231540527));
#2864=CARTESIAN_POINT('',(153.200237433088,-16.179520427201,32.6109231540527));
#2865=CARTESIAN_POINT('',(153.200237433088,-55.679520427201,23.9894295161428));
#2866=CARTESIAN_POINT('',(153.200237433088,-55.679520427201,33.8001763350977));
#2867=CARTESIAN_POINT('',(153.200237433088,33.320479572799,23.9894295161428));
#2868=CARTESIAN_POINT('Origin',(153.200237433088,-55.679520427201,32.6109231540527));
#2869=CARTESIAN_POINT('',(151.200237433088,-55.679520427201,32.6109231540527));
#2870=CARTESIAN_POINT('',(153.200237433088,-55.679520427201,32.6109231540527));
#2871=CARTESIAN_POINT('',(151.200237433088,-55.679520427201,23.9894295161428));
#2872=CARTESIAN_POINT('',(151.200237433088,-55.679520427201,23.9894295161428));
#2873=CARTESIAN_POINT('',(122.200237433088,-55.679520427201,23.9894295161428));
#2874=CARTESIAN_POINT('Origin',(153.200237433088,-65.679520427201,32.6109231540527));
#2875=CARTESIAN_POINT('',(151.200237433088,-65.679520427201,32.6109231540527));
#2876=CARTESIAN_POINT('',(153.200237433088,-65.679520427201,32.6109231540527));
#2877=CARTESIAN_POINT('',(151.200237433088,-55.679520427201,32.6109231540527));
#2878=CARTESIAN_POINT('Origin',(153.200237433088,-65.679520427201,23.9894295161428));
#2879=CARTESIAN_POINT('',(151.200237433088,-65.679520427201,23.9894295161428));
#2880=CARTESIAN_POINT('',(122.200237433088,-65.679520427201,23.9894295161428));
#2881=CARTESIAN_POINT('',(151.200237433088,-65.679520427201,32.6109231540527));
#2882=CARTESIAN_POINT('Origin',(151.200237433088,-60.679520427201,28.3001763350978));
#2883=CARTESIAN_POINT('',(151.200237433088,-44.679520427201,23.9894295161428));
#2884=CARTESIAN_POINT('Origin',(148.700237433088,-29.8795204272023,31.9894295161375));
#2885=CARTESIAN_POINT('',(147.200237433088,-29.8795204272023,34.9894295161375));
#2886=CARTESIAN_POINT('',(147.200237433088,-29.8795204272023,31.9894295161428));
#2887=CARTESIAN_POINT('',(147.200237433088,-29.8795204272023,33.4894295161408));
#2888=CARTESIAN_POINT('',(148.500237433088,-29.8795204272023,34.9894295161375));
#2889=CARTESIAN_POINT('',(119.950237433088,-29.8795204272023,34.9894295161428));
#2890=CARTESIAN_POINT('',(148.500237433088,-29.8795204272023,31.9894295161375));
#2891=CARTESIAN_POINT('',(148.500237433088,-29.8795204272023,32.7394295161375));
#2892=CARTESIAN_POINT('',(148.700237433088,-29.8795204272023,31.9894295161375));
#2893=CARTESIAN_POINT('Origin',(148.700237433088,-27.4795204272023,34.9894295161375));
#2894=CARTESIAN_POINT('',(147.200237433088,-27.4795204272023,31.9894295161428));
#2895=CARTESIAN_POINT('',(147.200237433088,-27.4795204272023,34.9894295161375));
#2896=CARTESIAN_POINT('',(147.200237433088,-27.4795204272023,34.9894295161407));
#2897=CARTESIAN_POINT('',(148.500237433088,-27.4795204272024,31.9894295161375));
#2898=CARTESIAN_POINT('',(148.700237433088,-27.4795204272023,31.9894295161375));
#2899=CARTESIAN_POINT('',(148.500237433088,-27.4795204272023,34.9894295161375));
#2900=CARTESIAN_POINT('',(148.500237433088,-27.4795204272023,34.2394295161375));
#2901=CARTESIAN_POINT('',(119.950237433088,-27.4795204272023,34.9894295161428));
#2902=CARTESIAN_POINT('Origin',(148.500237433088,-28.6795204272023,33.4894295161375));
#2903=CARTESIAN_POINT('',(148.500237433088,-31.8795204272023,34.9894295161376));
#2904=CARTESIAN_POINT('',(148.500237433088,-28.6795204272016,34.9894295161428));
#2905=CARTESIAN_POINT('',(148.500237433088,-31.8795204272023,31.9894295161376));
#2906=CARTESIAN_POINT('',(148.500237433088,-31.8795204272023,32.7394295161376));
#2907=CARTESIAN_POINT('',(148.500237433088,-25.6795204272023,31.9894295161374));
#2908=CARTESIAN_POINT('Origin',(151.900237433088,-28.6795204272023,33.4894295161375));
#2909=CARTESIAN_POINT('',(151.900237433088,-25.4795204272023,34.9894295161374));
#2910=CARTESIAN_POINT('',(151.900237433088,-31.8795204272023,34.9894295161376));
#2911=CARTESIAN_POINT('',(151.900237433088,-28.6795204272016,34.9894295161428));
#2912=CARTESIAN_POINT('',(151.900237433088,-25.4795204272023,31.9894295161374));
#2913=CARTESIAN_POINT('',(151.900237433088,-25.4795204272023,34.2394295161374));
#2914=CARTESIAN_POINT('',(151.900237433088,-31.8795204272023,31.9894295161376));
#2915=CARTESIAN_POINT('',(151.900237433088,-25.6795204272023,31.9894295161374));
#2916=CARTESIAN_POINT('',(151.900237433088,-31.8795204272023,32.7394295161376));
#2917=CARTESIAN_POINT('Origin',(150.200237433088,-31.8795204272023,31.9894295161376));
#2918=CARTESIAN_POINT('',(120.700237433088,-31.8795204272023,34.9894295161428));
#2919=CARTESIAN_POINT('',(150.200237433088,-31.8795204272023,31.9894295161376));
#2920=CARTESIAN_POINT('Origin',(150.200237433088,-25.4795204272023,34.9894295161374));
#2921=CARTESIAN_POINT('',(148.500237433088,-25.4795204272023,31.9894295161374));
#2922=CARTESIAN_POINT('',(150.200237433088,-25.4795204272023,31.9894295161374));
#2923=CARTESIAN_POINT('',(148.500237433088,-25.4795204272023,34.9894295161374));
#2924=CARTESIAN_POINT('',(120.700237433088,-25.4795204272023,34.9894295161428));
#2925=CARTESIAN_POINT('',(148.500237433088,-25.4795204272023,34.2394295161374));
#2926=CARTESIAN_POINT('Origin',(148.500237433088,-28.6795204272023,33.4894295161375));
#2927=CARTESIAN_POINT('',(148.500237433088,-25.6795204272023,31.9894295161374));
#2928=CARTESIAN_POINT('',(148.500237433088,-28.6795204272016,34.9894295161428));
#2929=CARTESIAN_POINT('Origin',(92.4002374330889,28.820479572799,31.9894295161375));
#2930=CARTESIAN_POINT('',(92.4002374330888,27.320479572799,34.9894295161375));
#2931=CARTESIAN_POINT('',(92.4002374330889,27.320479572799,31.9894295161428));
#2932=CARTESIAN_POINT('',(92.4002374330888,27.320479572799,33.4894295161408));
#2933=CARTESIAN_POINT('',(92.4002374330888,28.620479572799,34.9894295161375));
#2934=CARTESIAN_POINT('',(92.4002374330888,0.0704795727990116,34.9894295161428));
#2935=CARTESIAN_POINT('',(92.4002374330889,28.620479572799,31.9894295161375));
#2936=CARTESIAN_POINT('',(92.4002374330889,28.620479572799,32.7394295161375));
#2937=CARTESIAN_POINT('',(92.4002374330889,28.820479572799,31.9894295161375));
#2938=CARTESIAN_POINT('Origin',(90.0002374330888,28.820479572799,34.9894295161375));
#2939=CARTESIAN_POINT('',(90.0002374330889,27.320479572799,31.9894295161428));
#2940=CARTESIAN_POINT('',(90.0002374330888,27.320479572799,34.9894295161375));
#2941=CARTESIAN_POINT('',(90.0002374330888,27.320479572799,34.9894295161407));
#2942=CARTESIAN_POINT('',(90.0002374330889,28.620479572799,31.9894295161375));
#2943=CARTESIAN_POINT('',(90.0002374330889,28.820479572799,31.9894295161375));
#2944=CARTESIAN_POINT('',(90.0002374330888,28.620479572799,34.9894295161375));
#2945=CARTESIAN_POINT('',(90.0002374330889,28.620479572799,34.2394295161375));
#2946=CARTESIAN_POINT('',(90.0002374330888,0.0704795727990114,34.9894295161428));
#2947=CARTESIAN_POINT('Origin',(91.2002374330889,28.620479572799,33.4894295161375));
#2948=CARTESIAN_POINT('',(94.4002374330888,28.620479572799,34.9894295161376));
#2949=CARTESIAN_POINT('',(91.2002374330882,28.620479572799,34.9894295161428));
#2950=CARTESIAN_POINT('',(94.4002374330889,28.620479572799,31.9894295161376));
#2951=CARTESIAN_POINT('',(94.4002374330889,28.620479572799,32.7394295161376));
#2952=CARTESIAN_POINT('',(88.2002374330889,28.620479572799,31.9894295161374));
#2953=CARTESIAN_POINT('Origin',(91.2002374330889,32.020479572799,33.4894295161375));
#2954=CARTESIAN_POINT('',(88.0002374330888,32.020479572799,34.9894295161374));
#2955=CARTESIAN_POINT('',(94.4002374330888,32.020479572799,34.9894295161376));
#2956=CARTESIAN_POINT('',(91.2002374330882,32.020479572799,34.9894295161428));
#2957=CARTESIAN_POINT('',(88.0002374330889,32.020479572799,31.9894295161374));
#2958=CARTESIAN_POINT('',(88.0002374330889,32.020479572799,34.2394295161374));
#2959=CARTESIAN_POINT('',(94.4002374330889,32.020479572799,31.9894295161376));
#2960=CARTESIAN_POINT('',(88.2002374330889,32.020479572799,31.9894295161374));
#2961=CARTESIAN_POINT('',(94.4002374330889,32.020479572799,32.7394295161376));
#2962=CARTESIAN_POINT('Origin',(94.4002374330889,30.320479572799,31.9894295161376));
#2963=CARTESIAN_POINT('',(94.4002374330888,0.820479572799014,34.9894295161428));
#2964=CARTESIAN_POINT('',(94.4002374330889,30.320479572799,31.9894295161376));
#2965=CARTESIAN_POINT('Origin',(88.0002374330888,30.320479572799,34.9894295161374));
#2966=CARTESIAN_POINT('',(88.0002374330889,28.620479572799,31.9894295161374));
#2967=CARTESIAN_POINT('',(88.0002374330889,30.320479572799,31.9894295161374));
#2968=CARTESIAN_POINT('',(88.0002374330888,28.620479572799,34.9894295161374));
#2969=CARTESIAN_POINT('',(88.0002374330888,0.820479572799013,34.9894295161428));
#2970=CARTESIAN_POINT('',(88.0002374330888,28.620479572799,34.2394295161374));
#2971=CARTESIAN_POINT('Origin',(91.2002374330889,28.620479572799,33.4894295161375));
#2972=CARTESIAN_POINT('',(88.2002374330889,28.620479572799,31.9894295161374));
#2973=CARTESIAN_POINT('',(91.2002374330882,28.620479572799,34.9894295161428));
#2974=CARTESIAN_POINT('Origin',(33.7002374330875,-27.4795204271996,31.9894295161375));
#2975=CARTESIAN_POINT('',(35.2002374330876,-27.4795204271997,34.9894295161375));
#2976=CARTESIAN_POINT('',(35.2002374330876,-27.4795204271996,31.9894295161428));
#2977=CARTESIAN_POINT('',(35.2002374330876,-27.4795204271997,33.4894295161408));
#2978=CARTESIAN_POINT('',(33.9002374330875,-27.4795204271997,34.9894295161375));
#2979=CARTESIAN_POINT('',(62.4502374330876,-27.4795204271997,34.9894295161428));
#2980=CARTESIAN_POINT('',(33.9002374330875,-27.4795204271996,31.9894295161375));
#2981=CARTESIAN_POINT('',(33.9002374330875,-27.4795204271997,32.7394295161375));
#2982=CARTESIAN_POINT('',(33.7002374330875,-27.4795204271996,31.9894295161375));
#2983=CARTESIAN_POINT('Origin',(33.7002374330875,-29.8795204271997,34.9894295161375));
#2984=CARTESIAN_POINT('',(35.2002374330876,-29.8795204271996,31.9894295161428));
#2985=CARTESIAN_POINT('',(35.2002374330876,-29.8795204271997,34.9894295161375));
#2986=CARTESIAN_POINT('',(35.2002374330876,-29.8795204271997,34.9894295161407));
#2987=CARTESIAN_POINT('',(33.9002374330875,-29.8795204271996,31.9894295161375));
#2988=CARTESIAN_POINT('',(33.7002374330875,-29.8795204271996,31.9894295161375));
#2989=CARTESIAN_POINT('',(33.9002374330875,-29.8795204271997,34.9894295161375));
#2990=CARTESIAN_POINT('',(33.9002374330875,-29.8795204271997,34.2394295161375));
#2991=CARTESIAN_POINT('',(62.4502374330876,-29.8795204271997,34.9894295161428));
#2992=CARTESIAN_POINT('Origin',(33.9002374330875,-28.6795204271997,33.4894295161375));
#2993=CARTESIAN_POINT('',(33.9002374330875,-25.4795204271997,34.9894295161376));
#2994=CARTESIAN_POINT('',(33.9002374330875,-28.6795204272003,34.9894295161428));
#2995=CARTESIAN_POINT('',(33.9002374330875,-25.4795204271996,31.9894295161376));
#2996=CARTESIAN_POINT('',(33.9002374330875,-25.4795204271997,32.7394295161376));
#2997=CARTESIAN_POINT('',(33.9002374330875,-31.6795204271996,31.9894295161374));
#2998=CARTESIAN_POINT('Origin',(30.5002374330875,-28.6795204271997,33.4894295161375));
#2999=CARTESIAN_POINT('',(30.5002374330875,-31.8795204271997,34.9894295161374));
#3000=CARTESIAN_POINT('',(30.5002374330875,-25.4795204271997,34.9894295161376));
#3001=CARTESIAN_POINT('',(30.5002374330875,-28.6795204272003,34.9894295161428));
#3002=CARTESIAN_POINT('',(30.5002374330875,-31.8795204271996,31.9894295161374));
#3003=CARTESIAN_POINT('',(30.5002374330875,-31.8795204271997,34.2394295161374));
#3004=CARTESIAN_POINT('',(30.5002374330875,-25.4795204271996,31.9894295161376));
#3005=CARTESIAN_POINT('',(30.5002374330875,-31.6795204271996,31.9894295161374));
#3006=CARTESIAN_POINT('',(30.5002374330875,-25.4795204271997,32.7394295161376));
#3007=CARTESIAN_POINT('Origin',(32.2002374330875,-25.4795204271996,31.9894295161376));
#3008=CARTESIAN_POINT('',(61.7002374330875,-25.4795204271997,34.9894295161428));
#3009=CARTESIAN_POINT('',(32.2002374330875,-25.4795204271996,31.9894295161376));
#3010=CARTESIAN_POINT('Origin',(32.2002374330875,-31.8795204271997,34.9894295161374));
#3011=CARTESIAN_POINT('',(33.9002374330875,-31.8795204271996,31.9894295161374));
#3012=CARTESIAN_POINT('',(32.2002374330875,-31.8795204271996,31.9894295161374));
#3013=CARTESIAN_POINT('',(33.9002374330875,-31.8795204271997,34.9894295161374));
#3014=CARTESIAN_POINT('',(61.7002374330875,-31.8795204271997,34.9894295161428));
#3015=CARTESIAN_POINT('',(33.9002374330875,-31.8795204271997,34.2394295161374));
#3016=CARTESIAN_POINT('Origin',(33.9002374330875,-28.6795204271997,33.4894295161375));
#3017=CARTESIAN_POINT('',(33.9002374330875,-31.6795204271996,31.9894295161374));
#3018=CARTESIAN_POINT('',(33.9002374330875,-28.6795204272003,34.9894295161428));
#3019=CARTESIAN_POINT('Origin',(147.200237433088,27.320479572799,34.9894295161428));
#3020=CARTESIAN_POINT('',(147.200237433088,27.320479572799,34.9894295161428));
#3021=CARTESIAN_POINT('',(147.200237433088,-0.679520427200977,34.9894295161428));
#3022=CARTESIAN_POINT('',(147.200237433088,27.320479572799,31.9894295161428));
#3023=CARTESIAN_POINT('',(147.200237433088,27.320479572799,34.9894295161428));
#3024=CARTESIAN_POINT('',(147.200237433088,-84.6795204272009,31.9894295161428));
#3025=CARTESIAN_POINT('Origin',(147.200237433088,27.320479572799,34.9894295161428));
#3026=CARTESIAN_POINT('',(147.200237433088,-84.6795204272009,31.9894295161428));
#3027=CARTESIAN_POINT('',(147.200237433088,-84.6795204272009,31.9894295161428));
#3028=CARTESIAN_POINT('',(147.200237433088,-84.6795204272009,34.9894295161428));
#3029=CARTESIAN_POINT('',(147.200237433088,-84.6795204272009,34.9894295161428));
#3030=CARTESIAN_POINT('',(147.200237433088,-0.679520427200977,34.9894295161428));
#3031=CARTESIAN_POINT('Origin',(35.2002374330875,27.320479572799,34.9894295161428));
#3032=CARTESIAN_POINT('',(35.2002374330876,27.320479572799,34.9894295161428));
#3033=CARTESIAN_POINT('',(63.2002374330876,27.320479572799,34.9894295161428));
#3034=CARTESIAN_POINT('',(35.2002374330876,27.320479572799,31.9894295161428));
#3035=CARTESIAN_POINT('',(35.2002374330876,27.320479572799,34.9894295161428));
#3036=CARTESIAN_POINT('',(147.200237433088,27.320479572799,31.9894295161428));
#3037=CARTESIAN_POINT('Origin',(35.2002374330875,27.320479572799,34.9894295161428));
#3038=CARTESIAN_POINT('',(147.200237433088,27.320479572799,31.9894295161428));
#3039=CARTESIAN_POINT('',(63.2002374330876,27.320479572799,34.9894295161428));
#3040=CARTESIAN_POINT('Origin',(35.2002374330876,-84.679520427201,34.9894295161428));
#3041=CARTESIAN_POINT('',(35.2002374330876,-84.679520427201,34.9894295161428));
#3042=CARTESIAN_POINT('',(35.2002374330876,-56.679520427201,34.9894295161428));
#3043=CARTESIAN_POINT('',(35.2002374330876,-84.679520427201,31.9894295161428));
#3044=CARTESIAN_POINT('',(35.2002374330876,-84.679520427201,34.9894295161428));
#3045=CARTESIAN_POINT('',(35.2002374330876,27.320479572799,31.9894295161428));
#3046=CARTESIAN_POINT('Origin',(35.2002374330876,-84.679520427201,34.9894295161428));
#3047=CARTESIAN_POINT('',(35.2002374330876,27.320479572799,31.9894295161428));
#3048=CARTESIAN_POINT('',(35.2002374330876,-56.679520427201,34.9894295161428));
#3049=CARTESIAN_POINT('Origin',(91.2002374330875,-28.679520427201,31.9894295161428));
#3050=CARTESIAN_POINT('',(90.0002374330862,-84.679520427201,31.9894295161428));
#3051=CARTESIAN_POINT('',(35.2002374330876,-84.679520427201,31.9894295161428));
#3052=CARTESIAN_POINT('',(90.0002374330862,-85.979520427201,31.9894295161375));
#3053=CARTESIAN_POINT('',(90.0002374330862,-86.179520427201,31.9894295161375));
#3054=CARTESIAN_POINT('',(88.0002374330862,-85.979520427201,31.9894295161376));
#3055=CARTESIAN_POINT('',(94.2002374330862,-85.979520427201,31.9894295161374));
#3056=CARTESIAN_POINT('',(88.0002374330862,-89.379520427201,31.9894295161376));
#3057=CARTESIAN_POINT('',(88.0002374330862,-87.679520427201,31.9894295161376));
#3058=CARTESIAN_POINT('',(94.4002374330862,-89.379520427201,31.9894295161374));
#3059=CARTESIAN_POINT('',(94.2002374330862,-89.379520427201,31.9894295161374));
#3060=CARTESIAN_POINT('',(94.4002374330862,-85.979520427201,31.9894295161374));
#3061=CARTESIAN_POINT('',(94.4002374330862,-87.679520427201,31.9894295161374));
#3062=CARTESIAN_POINT('',(92.4002374330861,-85.979520427201,31.9894295161375));
#3063=CARTESIAN_POINT('',(94.2002374330862,-85.979520427201,31.9894295161374));
#3064=CARTESIAN_POINT('',(92.4002374330861,-84.679520427201,31.9894295161428));
#3065=CARTESIAN_POINT('',(92.4002374330862,-86.179520427201,31.9894295161375));
#3066=CARTESIAN_POINT('',(35.2002374330876,-84.679520427201,31.9894295161428));
#3067=CARTESIAN_POINT('',(79.9702374330875,16.620479572799,31.9894295161428));
#3068=CARTESIAN_POINT('',(79.9702374330875,17.020479572799,31.9894295161428));
#3069=CARTESIAN_POINT('',(79.9702374330875,-5.82952042720097,31.9894295161428));
#3070=CARTESIAN_POINT('',(80.6702374330875,17.020479572799,31.9894295161428));
#3071=CARTESIAN_POINT('',(85.9352374330875,17.020479572799,31.9894295161428));
#3072=CARTESIAN_POINT('',(80.6702374330875,16.620479572799,31.9894295161428));
#3073=CARTESIAN_POINT('',(80.6702374330875,-6.02952042720097,31.9894295161428));
#3074=CARTESIAN_POINT('',(85.5852374330876,16.620479572799,31.9894295161428));
#3075=CARTESIAN_POINT('',(82.5102374330875,16.620479572799,31.9894295161428));
#3076=CARTESIAN_POINT('',(82.5102374330875,17.020479572799,31.9894295161428));
#3077=CARTESIAN_POINT('',(82.5102374330875,-5.82952042720098,31.9894295161428));
#3078=CARTESIAN_POINT('',(83.2102374330875,17.020479572799,31.9894295161428));
#3079=CARTESIAN_POINT('',(87.2052374330876,17.020479572799,31.9894295161428));
#3080=CARTESIAN_POINT('',(83.2102374330875,16.620479572799,31.9894295161428));
#3081=CARTESIAN_POINT('',(83.2102374330875,-6.02952042720098,31.9894295161428));
#3082=CARTESIAN_POINT('',(86.8552374330876,16.620479572799,31.9894295161428));
#3083=CARTESIAN_POINT('',(85.0502374330875,16.620479572799,31.9894295161428));
#3084=CARTESIAN_POINT('',(85.0502374330875,17.020479572799,31.9894295161428));
#3085=CARTESIAN_POINT('',(85.0502374330875,-5.82952042720098,31.9894295161428));
#3086=CARTESIAN_POINT('',(85.7502374330875,17.020479572799,31.9894295161428));
#3087=CARTESIAN_POINT('',(88.4752374330875,17.020479572799,31.9894295161428));
#3088=CARTESIAN_POINT('',(85.7502374330875,16.620479572799,31.9894295161428));
#3089=CARTESIAN_POINT('',(85.7502374330875,-6.02952042720098,31.9894295161428));
#3090=CARTESIAN_POINT('',(88.1252374330875,16.620479572799,31.9894295161428));
#3091=CARTESIAN_POINT('',(104.154442137646,-73.679520427201,31.9894295161428));
#3092=CARTESIAN_POINT('',(104.154442137646,-81.179520427201,31.9894295161428));
#3093=CARTESIAN_POINT('',(104.154442137646,-47.429520427201,31.9894295161428));
#3094=CARTESIAN_POINT('',(84.6979960611266,-81.179520427201,31.9894295161428));
#3095=CARTESIAN_POINT('',(97.6773397853669,-81.179520427201,31.9894295161428));
#3096=CARTESIAN_POINT('',(84.6979960611266,-73.679520427201,31.9894295161428));
#3097=CARTESIAN_POINT('',(84.6979960611266,-54.929520427201,31.9894295161428));
#3098=CARTESIAN_POINT('',(46.2002374330875,-73.679520427201,31.9894295161428));
#3099=CARTESIAN_POINT('',(113.700237433088,-73.679520427201,31.9894295161428));
#3100=CARTESIAN_POINT('',(46.2002374330875,16.320479572799,31.9894295161428));
#3101=CARTESIAN_POINT('',(46.2002374330875,-51.179520427201,31.9894295161428));
#3102=CARTESIAN_POINT('',(136.200237433088,16.320479572799,31.9894295161428));
#3103=CARTESIAN_POINT('',(68.7002374330875,16.320479572799,31.9894295161428));
#3104=CARTESIAN_POINT('',(136.200237433088,-73.679520427201,31.9894295161428));
#3105=CARTESIAN_POINT('',(136.200237433088,-6.17952042720098,31.9894295161428));
#3106=CARTESIAN_POINT('',(113.700237433088,-73.679520427201,31.9894295161428));
#3107=CARTESIAN_POINT('Origin',(90.0002374330862,-86.179520427201,31.9894295161375));
#3108=CARTESIAN_POINT('',(90.0002374330862,-84.679520427201,34.9894295161375));
#3109=CARTESIAN_POINT('',(90.0002374330862,-84.679520427201,33.4894295161408));
#3110=CARTESIAN_POINT('',(90.0002374330862,-85.979520427201,34.9894295161375));
#3111=CARTESIAN_POINT('',(90.0002374330862,-57.429520427201,34.9894295161428));
#3112=CARTESIAN_POINT('',(90.0002374330862,-85.979520427201,32.7394295161375));
#3113=CARTESIAN_POINT('Origin',(92.4002374330862,-86.179520427201,34.9894295161375));
#3114=CARTESIAN_POINT('',(92.4002374330862,-84.679520427201,34.9894295161375));
#3115=CARTESIAN_POINT('',(92.4002374330862,-84.679520427201,34.9894295161407));
#3116=CARTESIAN_POINT('',(92.4002374330862,-85.979520427201,34.9894295161375));
#3117=CARTESIAN_POINT('',(92.4002374330862,-85.979520427201,34.2394295161375));
#3118=CARTESIAN_POINT('',(92.4002374330862,-57.429520427201,34.9894295161428));
#3119=CARTESIAN_POINT('Origin',(91.2002374330862,-85.979520427201,33.4894295161375));
#3120=CARTESIAN_POINT('',(88.0002374330862,-85.979520427201,34.9894295161376));
#3121=CARTESIAN_POINT('',(91.2002374330869,-85.979520427201,34.9894295161428));
#3122=CARTESIAN_POINT('',(88.0002374330862,-85.979520427201,32.7394295161376));
#3123=CARTESIAN_POINT('Origin',(91.2002374330862,-89.379520427201,33.4894295161375));
#3124=CARTESIAN_POINT('',(94.4002374330862,-89.379520427201,34.9894295161374));
#3125=CARTESIAN_POINT('',(88.0002374330862,-89.379520427201,34.9894295161376));
#3126=CARTESIAN_POINT('',(91.2002374330869,-89.379520427201,34.9894295161428));
#3127=CARTESIAN_POINT('',(94.4002374330862,-89.379520427201,34.2394295161374));
#3128=CARTESIAN_POINT('',(88.0002374330862,-89.379520427201,32.7394295161376));
#3129=CARTESIAN_POINT('Origin',(88.0002374330862,-87.679520427201,31.9894295161376));
#3130=CARTESIAN_POINT('',(88.0002374330863,-58.179520427201,34.9894295161428));
#3131=CARTESIAN_POINT('Origin',(94.4002374330862,-87.679520427201,34.9894295161374));
#3132=CARTESIAN_POINT('',(94.4002374330862,-85.979520427201,34.9894295161374));
#3133=CARTESIAN_POINT('',(94.4002374330862,-58.179520427201,34.9894295161428));
#3134=CARTESIAN_POINT('',(94.4002374330862,-85.979520427201,34.2394295161374));
#3135=CARTESIAN_POINT('Origin',(91.2002374330862,-85.979520427201,33.4894295161375));
#3136=CARTESIAN_POINT('',(91.2002374330869,-85.979520427201,34.9894295161428));
#3137=CARTESIAN_POINT('Origin',(147.200237433088,-84.679520427201,34.9894295161428));
#3138=CARTESIAN_POINT('',(119.200237433088,-84.679520427201,34.9894295161428));
#3139=CARTESIAN_POINT('Origin',(147.200237433088,-84.679520427201,34.9894295161428));
#3140=CARTESIAN_POINT('',(119.200237433088,-84.679520427201,34.9894295161428));
#3141=CARTESIAN_POINT('Origin',(80.6702374330875,16.620479572799,35.3244295161428));
#3142=CARTESIAN_POINT('',(80.6702374330875,17.020479572799,31.3244295161428));
#3143=CARTESIAN_POINT('',(80.6702374330875,17.020479572799,35.3244295161428));
#3144=CARTESIAN_POINT('',(80.6702374330875,16.620479572799,31.3244295161428));
#3145=CARTESIAN_POINT('',(80.6702374330875,16.620479572799,31.3244295161428));
#3146=CARTESIAN_POINT('',(80.6702374330875,16.620479572799,35.3244295161428));
#3147=CARTESIAN_POINT('Origin',(79.9702374330875,16.620479572799,35.3244295161428));
#3148=CARTESIAN_POINT('',(79.9702374330875,16.620479572799,31.3244295161428));
#3149=CARTESIAN_POINT('',(79.9702374330875,16.620479572799,31.3244295161428));
#3150=CARTESIAN_POINT('',(79.9702374330875,16.620479572799,35.3244295161428));
#3151=CARTESIAN_POINT('Origin',(83.2102374330875,16.620479572799,35.3244295161428));
#3152=CARTESIAN_POINT('',(83.2102374330875,17.020479572799,31.3244295161428));
#3153=CARTESIAN_POINT('',(83.2102374330875,17.020479572799,35.3244295161428));
#3154=CARTESIAN_POINT('',(83.2102374330875,16.620479572799,31.3244295161428));
#3155=CARTESIAN_POINT('',(83.2102374330875,16.620479572799,31.3244295161428));
#3156=CARTESIAN_POINT('',(83.2102374330875,16.620479572799,35.3244295161428));
#3157=CARTESIAN_POINT('Origin',(82.5102374330875,16.620479572799,35.3244295161428));
#3158=CARTESIAN_POINT('',(82.5102374330875,16.620479572799,31.3244295161428));
#3159=CARTESIAN_POINT('',(82.5102374330875,16.620479572799,31.3244295161428));
#3160=CARTESIAN_POINT('',(82.5102374330875,16.620479572799,35.3244295161428));
#3161=CARTESIAN_POINT('Origin',(85.7502374330875,16.620479572799,35.3244295161428));
#3162=CARTESIAN_POINT('',(85.7502374330875,17.020479572799,31.3244295161428));
#3163=CARTESIAN_POINT('',(85.7502374330875,17.020479572799,35.3244295161428));
#3164=CARTESIAN_POINT('',(85.7502374330875,16.620479572799,31.3244295161428));
#3165=CARTESIAN_POINT('',(85.7502374330875,16.620479572799,31.3244295161428));
#3166=CARTESIAN_POINT('',(85.7502374330875,16.620479572799,35.3244295161428));
#3167=CARTESIAN_POINT('Origin',(85.0502374330875,16.620479572799,35.3244295161428));
#3168=CARTESIAN_POINT('',(85.0502374330875,16.620479572799,31.3244295161428));
#3169=CARTESIAN_POINT('',(85.0502374330875,16.620479572799,31.3244295161428));
#3170=CARTESIAN_POINT('',(85.0502374330875,16.620479572799,35.3244295161428));
#3171=CARTESIAN_POINT('Origin',(79.9702374330875,17.020479572799,35.3244295161428));
#3172=CARTESIAN_POINT('',(79.9702374330875,17.020479572799,31.3244295161428));
#3173=CARTESIAN_POINT('',(79.9702374330875,17.020479572799,31.3244295161428));
#3174=CARTESIAN_POINT('',(79.9702374330875,17.020479572799,35.3244295161428));
#3175=CARTESIAN_POINT('Origin',(80.6702374330875,17.020479572799,35.3244295161428));
#3176=CARTESIAN_POINT('',(80.6702374330875,17.020479572799,31.3244295161428));
#3177=CARTESIAN_POINT('Origin',(82.5102374330875,17.020479572799,35.3244295161428));
#3178=CARTESIAN_POINT('',(82.5102374330875,17.020479572799,31.3244295161428));
#3179=CARTESIAN_POINT('',(82.5102374330875,17.020479572799,31.3244295161428));
#3180=CARTESIAN_POINT('',(82.5102374330875,17.020479572799,35.3244295161428));
#3181=CARTESIAN_POINT('Origin',(83.2102374330875,17.020479572799,35.3244295161428));
#3182=CARTESIAN_POINT('',(83.2102374330875,17.020479572799,31.3244295161428));
#3183=CARTESIAN_POINT('Origin',(85.0502374330875,17.020479572799,35.3244295161428));
#3184=CARTESIAN_POINT('',(85.0502374330875,17.020479572799,31.3244295161428));
#3185=CARTESIAN_POINT('',(85.0502374330875,17.020479572799,31.3244295161428));
#3186=CARTESIAN_POINT('',(85.0502374330875,17.020479572799,35.3244295161428));
#3187=CARTESIAN_POINT('Origin',(85.7502374330875,17.020479572799,35.3244295161428));
#3188=CARTESIAN_POINT('',(85.7502374330875,17.020479572799,31.3244295161428));
#3189=CARTESIAN_POINT('Origin',(80.3202374330876,16.820479572799,31.3244295161428));
#3190=CARTESIAN_POINT('Origin',(82.8602374330875,16.820479572799,31.3244295161428));
#3191=CARTESIAN_POINT('Origin',(85.4002374330875,16.820479572799,31.3244295161428));
#3192=CARTESIAN_POINT('Origin',(104.154442137646,-66.179520427201,31.9894295161428));
#3193=CARTESIAN_POINT('',(104.154442137646,-66.179520427201,29.9894295161428));
#3194=CARTESIAN_POINT('',(104.154442137646,-73.679520427201,29.9894295161428));
#3195=CARTESIAN_POINT('',(104.154442137646,-47.429520427201,29.9894295161428));
#3196=CARTESIAN_POINT('',(104.154442137646,-66.179520427201,28.9894295161428));
#3197=CARTESIAN_POINT('',(104.154442137646,-66.179520427201,31.9894295161428));
#3198=CARTESIAN_POINT('',(104.154442137646,-81.179520427201,28.9894295161428));
#3199=CARTESIAN_POINT('',(104.154442137646,-81.179520427201,28.9894295161428));
#3200=CARTESIAN_POINT('',(104.154442137646,-81.179520427201,31.9894295161428));
#3201=CARTESIAN_POINT('',(104.154442137646,-73.679520427201,33.4894295161428));
#3202=CARTESIAN_POINT('Origin',(84.6979960611266,-66.179520427201,31.9894295161428));
#3203=CARTESIAN_POINT('',(84.6979960611266,-66.179520427201,29.9894295161428));
#3204=CARTESIAN_POINT('',(87.949116747107,-66.179520427201,29.9894295161428));
#3205=CARTESIAN_POINT('',(84.6979960611266,-66.179520427201,28.9894295161428));
#3206=CARTESIAN_POINT('',(84.6979960611266,-66.179520427201,31.9894295161428));
#3207=CARTESIAN_POINT('',(104.154442137646,-66.179520427201,28.9894295161428));
#3208=CARTESIAN_POINT('Origin',(84.6979960611266,-81.179520427201,31.9894295161428));
#3209=CARTESIAN_POINT('',(84.6979960611266,-73.679520427201,29.9894295161428));
#3210=CARTESIAN_POINT('',(84.6979960611266,-54.929520427201,29.9894295161428));
#3211=CARTESIAN_POINT('',(84.6979960611266,-73.679520427201,33.4894295161428));
#3212=CARTESIAN_POINT('',(84.6979960611266,-81.179520427201,28.9894295161428));
#3213=CARTESIAN_POINT('',(84.6979960611266,-81.179520427201,31.9894295161428));
#3214=CARTESIAN_POINT('',(84.6979960611266,-66.179520427201,28.9894295161428));
#3215=CARTESIAN_POINT('Origin',(104.154442137646,-81.179520427201,31.9894295161428));
#3216=CARTESIAN_POINT('',(84.6979960611266,-81.179520427201,28.9894295161428));
#3217=CARTESIAN_POINT('Origin',(94.4262190993864,-73.679520427201,28.9894295161428));
#3218=CARTESIAN_POINT('Origin',(136.200237433088,-73.679520427201,34.9894295161428));
#3219=CARTESIAN_POINT('',(46.2002374330875,-73.679520427201,29.9894295161428));
#3220=CARTESIAN_POINT('',(136.200237433088,-73.679520427201,29.9894295161428));
#3221=CARTESIAN_POINT('',(46.2002374330875,-73.679520427201,34.9894295161428));
#3222=CARTESIAN_POINT('Origin',(136.200237433088,-73.679520427201,34.9894295161428));
#3223=CARTESIAN_POINT('',(136.200237433088,-73.679520427201,29.9894295161428));
#3224=CARTESIAN_POINT('',(136.200237433088,-73.679520427201,34.9894295161428));
#3225=CARTESIAN_POINT('',(136.200237433088,-73.679520427201,29.9894295161428));
#3226=CARTESIAN_POINT('Origin',(46.2002374330875,16.320479572799,34.9894295161428));
#3227=CARTESIAN_POINT('',(46.2002374330875,16.320479572799,29.9894295161428));
#3228=CARTESIAN_POINT('',(46.2002374330875,16.320479572799,34.9894295161428));
#3229=CARTESIAN_POINT('',(136.200237433088,16.320479572799,29.9894295161428));
#3230=CARTESIAN_POINT('',(46.2002374330875,16.320479572799,29.9894295161428));
#3231=CARTESIAN_POINT('',(136.200237433088,16.320479572799,34.9894295161428));
#3232=CARTESIAN_POINT('Origin',(46.2002374330875,-73.679520427201,34.9894295161428));
#3233=CARTESIAN_POINT('',(46.2002374330875,-73.679520427201,29.9894295161428));
#3234=CARTESIAN_POINT('Origin',(136.200237433088,16.320479572799,34.9894295161428));
#3235=CARTESIAN_POINT('',(136.200237433088,16.320479572799,29.9894295161428));
#3236=CARTESIAN_POINT('Origin',(91.2002374330875,-28.679520427201,29.9894295161428));
#3237=CARTESIAN_POINT('Origin',(91.2002374330876,-28.679520427201,23.9894295161428));
#3238=CARTESIAN_POINT('Origin',(91.2002374330876,-28.679520427201,34.9894295161428));
#3239=CARTESIAN_POINT('',(-8.79976256691247,71.320479572799,34.9894295161428));
#3240=CARTESIAN_POINT('polyline point',(29.2002374330875,33.320479572799,
34.9894295161428));
#3241=CARTESIAN_POINT('polyline point',(153.200237433088,33.320479572799,
34.9894295161428));
#3242=CARTESIAN_POINT('polyline point',(153.200237433088,-90.679520427201,
34.9894295161428));
#3243=CARTESIAN_POINT('polyline point',(29.2002374330875,-90.679520427201,
34.9894295161428));
#3244=CARTESIAN_POINT('polyline point',(29.2002374330875,-90.679520427201,
34.9894295161428));
#3245=CARTESIAN_POINT('polyline point',(29.2002374330875,33.320479572799,
34.9894295161428));
#3246=CARTESIAN_POINT('',(-8.79976256691247,71.320479572799,34.9894295161428));
#3247=CARTESIAN_POINT('',(91.2002374330862,-84.6795204272017,33.4894295161376));
#3248=CARTESIAN_POINT('',(91.2002374330862,-87.6795204272014,33.4894295161379));
#3249=CARTESIAN_POINT('',(91.2002374330862,-84.6795204272017,33.4894295161376));
#3250=CARTESIAN_POINT('',(91.2002374330862,-87.6795204272014,33.4894295161379));
#3251=CARTESIAN_POINT('',(91.2002374330862,-87.6795204272014,33.4894295161379));
#3252=UNCERTAINTY_MEASURE_WITH_UNIT(LENGTH_MEASURE(0.01),#3256,
'DISTANCE_ACCURACY_VALUE',
'Maximum model space distance between geometric entities at asserted c
onnectivities');
#3253=UNCERTAINTY_MEASURE_WITH_UNIT(LENGTH_MEASURE(0.01),#3256,
'DISTANCE_ACCURACY_VALUE',
'Maximum model space distance between geometric entities at asserted c
onnectivities');
#3254=(
GEOMETRIC_REPRESENTATION_CONTEXT(3)
GLOBAL_UNCERTAINTY_ASSIGNED_CONTEXT((#3252))
GLOBAL_UNIT_ASSIGNED_CONTEXT((#3256,#3258,#3259))
REPRESENTATION_CONTEXT('','3D')
);
#3255=(
GEOMETRIC_REPRESENTATION_CONTEXT(3)
GLOBAL_UNCERTAINTY_ASSIGNED_CONTEXT((#3253))
GLOBAL_UNIT_ASSIGNED_CONTEXT((#3256,#3258,#3259))
REPRESENTATION_CONTEXT('','3D')
);
#3256=(
LENGTH_UNIT()
NAMED_UNIT(*)
SI_UNIT(.MILLI.,.METRE.)
);
#3257=(
LENGTH_UNIT()
NAMED_UNIT(*)
SI_UNIT(.CENTI.,.METRE.)
);
#3258=(
NAMED_UNIT(*)
PLANE_ANGLE_UNIT()
SI_UNIT($,.RADIAN.)
);
#3259=(
NAMED_UNIT(*)
SI_UNIT($,.STERADIAN.)
SOLID_ANGLE_UNIT()
);
#3260=SHAPE_DEFINITION_REPRESENTATION(#3261,#3262);
#3261=PRODUCT_DEFINITION_SHAPE('',$,#3264);
#3262=SHAPE_REPRESENTATION('',(#2079),#3254);
#3263=PRODUCT_DEFINITION_CONTEXT('part definition',#3268,'design');
#3264=PRODUCT_DEFINITION('Box_derived','Box_derived',#3265,#3263);
#3265=PRODUCT_DEFINITION_FORMATION('',$,#3270);
#3266=PRODUCT_RELATED_PRODUCT_CATEGORY('Box_derived','Box_derived',(#3270));
#3267=APPLICATION_PROTOCOL_DEFINITION('international standard',
'automotive_design',2009,#3268);
#3268=APPLICATION_CONTEXT(
'Core Data for Automotive Mechanical Design Process');
#3269=PRODUCT_CONTEXT('part definition',#3268,'mechanical');
#3270=PRODUCT('Box_derived','Box_derived',$,(#3269));
#3271=PRESENTATION_STYLE_ASSIGNMENT((#3294));
#3272=PRESENTATION_STYLE_ASSIGNMENT((#3295));
#3273=PRESENTATION_STYLE_ASSIGNMENT((#3296));
#3274=PRESENTATION_STYLE_ASSIGNMENT((#3297));
#3275=PRESENTATION_STYLE_ASSIGNMENT((#3298));
#3276=PRESENTATION_STYLE_ASSIGNMENT((#3299));
#3277=PRESENTATION_STYLE_ASSIGNMENT((#3300));
#3278=PRESENTATION_STYLE_ASSIGNMENT((#3301));
#3279=PRESENTATION_STYLE_ASSIGNMENT((#3302));
#3280=PRESENTATION_STYLE_ASSIGNMENT((#3303));
#3281=PRESENTATION_STYLE_ASSIGNMENT((#3304));
#3282=PRESENTATION_STYLE_ASSIGNMENT((#3305));
#3283=PRESENTATION_STYLE_ASSIGNMENT((#3306));
#3284=PRESENTATION_STYLE_ASSIGNMENT((#3307));
#3285=PRESENTATION_STYLE_ASSIGNMENT((#3308));
#3286=PRESENTATION_STYLE_ASSIGNMENT((#3309));
#3287=PRESENTATION_STYLE_ASSIGNMENT((#3310));
#3288=PRESENTATION_STYLE_ASSIGNMENT((#3311));
#3289=PRESENTATION_STYLE_ASSIGNMENT((#3312));
#3290=PRESENTATION_STYLE_ASSIGNMENT((#3313));
#3291=PRESENTATION_STYLE_ASSIGNMENT((#3314));
#3292=PRESENTATION_STYLE_ASSIGNMENT((#3315));
#3293=PRESENTATION_STYLE_ASSIGNMENT((#3316));
#3294=SURFACE_STYLE_USAGE(.BOTH.,#3361);
#3295=SURFACE_STYLE_USAGE(.BOTH.,#3362);
#3296=SURFACE_STYLE_USAGE(.BOTH.,#3363);
#3297=SURFACE_STYLE_USAGE(.BOTH.,#3364);
#3298=SURFACE_STYLE_USAGE(.BOTH.,#3365);
#3299=SURFACE_STYLE_USAGE(.BOTH.,#3366);
#3300=SURFACE_STYLE_USAGE(.BOTH.,#3367);
#3301=SURFACE_STYLE_USAGE(.BOTH.,#3368);
#3302=SURFACE_STYLE_USAGE(.BOTH.,#3369);
#3303=SURFACE_STYLE_USAGE(.BOTH.,#3370);
#3304=SURFACE_STYLE_USAGE(.BOTH.,#3371);
#3305=SURFACE_STYLE_USAGE(.BOTH.,#3372);
#3306=SURFACE_STYLE_USAGE(.BOTH.,#3373);
#3307=SURFACE_STYLE_USAGE(.BOTH.,#3374);
#3308=SURFACE_STYLE_USAGE(.BOTH.,#3375);
#3309=SURFACE_STYLE_USAGE(.BOTH.,#3376);
#3310=SURFACE_STYLE_USAGE(.BOTH.,#3377);
#3311=SURFACE_STYLE_USAGE(.BOTH.,#3378);
#3312=SURFACE_STYLE_USAGE(.BOTH.,#3379);
#3313=SURFACE_STYLE_USAGE(.BOTH.,#3380);
#3314=SURFACE_STYLE_USAGE(.BOTH.,#3381);
#3315=SURFACE_STYLE_USAGE(.BOTH.,#3382);
#3316=SURFACE_STYLE_USAGE(.BOTH.,#3383);
#3317=SURFACE_STYLE_RENDERING_WITH_PROPERTIES($,#3453,(#3339));
#3318=SURFACE_STYLE_RENDERING_WITH_PROPERTIES($,#3454,(#3340));
#3319=SURFACE_STYLE_RENDERING_WITH_PROPERTIES($,#3455,(#3341));
#3320=SURFACE_STYLE_RENDERING_WITH_PROPERTIES($,#3456,(#3342));
#3321=SURFACE_STYLE_RENDERING_WITH_PROPERTIES($,#3457,(#3343));
#3322=SURFACE_STYLE_RENDERING_WITH_PROPERTIES($,#3458,(#3344));
#3323=SURFACE_STYLE_RENDERING_WITH_PROPERTIES($,#3459,(#3345));
#3324=SURFACE_STYLE_RENDERING_WITH_PROPERTIES($,#3460,(#3346));
#3325=SURFACE_STYLE_RENDERING_WITH_PROPERTIES($,#3461,(#3347));
#3326=SURFACE_STYLE_RENDERING_WITH_PROPERTIES($,#3462,(#3348));
#3327=SURFACE_STYLE_RENDERING_WITH_PROPERTIES($,#3463,(#3349));
#3328=SURFACE_STYLE_RENDERING_WITH_PROPERTIES($,#3464,(#3350));
#3329=SURFACE_STYLE_RENDERING_WITH_PROPERTIES($,#3465,(#3351));
#3330=SURFACE_STYLE_RENDERING_WITH_PROPERTIES($,#3466,(#3352));
#3331=SURFACE_STYLE_RENDERING_WITH_PROPERTIES($,#3467,(#3353));
#3332=SURFACE_STYLE_RENDERING_WITH_PROPERTIES($,#3468,(#3354));
#3333=SURFACE_STYLE_RENDERING_WITH_PROPERTIES($,#3469,(#3355));
#3334=SURFACE_STYLE_RENDERING_WITH_PROPERTIES($,#3470,(#3356));
#3335=SURFACE_STYLE_RENDERING_WITH_PROPERTIES($,#3471,(#3357));
#3336=SURFACE_STYLE_RENDERING_WITH_PROPERTIES($,#3472,(#3358));
#3337=SURFACE_STYLE_RENDERING_WITH_PROPERTIES($,#3473,(#3359));
#3338=SURFACE_STYLE_RENDERING_WITH_PROPERTIES($,#3474,(#3360));
#3339=SURFACE_STYLE_TRANSPARENT(0.);
#3340=SURFACE_STYLE_TRANSPARENT(0.);
#3341=SURFACE_STYLE_TRANSPARENT(0.);
#3342=SURFACE_STYLE_TRANSPARENT(0.);
#3343=SURFACE_STYLE_TRANSPARENT(0.);
#3344=SURFACE_STYLE_TRANSPARENT(0.);
#3345=SURFACE_STYLE_TRANSPARENT(0.);
#3346=SURFACE_STYLE_TRANSPARENT(0.);
#3347=SURFACE_STYLE_TRANSPARENT(0.);
#3348=SURFACE_STYLE_TRANSPARENT(0.);
#3349=SURFACE_STYLE_TRANSPARENT(0.);
#3350=SURFACE_STYLE_TRANSPARENT(0.);
#3351=SURFACE_STYLE_TRANSPARENT(0.);
#3352=SURFACE_STYLE_TRANSPARENT(0.);
#3353=SURFACE_STYLE_TRANSPARENT(0.);
#3354=SURFACE_STYLE_TRANSPARENT(0.);
#3355=SURFACE_STYLE_TRANSPARENT(0.);
#3356=SURFACE_STYLE_TRANSPARENT(0.);
#3357=SURFACE_STYLE_TRANSPARENT(0.);
#3358=SURFACE_STYLE_TRANSPARENT(0.);
#3359=SURFACE_STYLE_TRANSPARENT(0.);
#3360=SURFACE_STYLE_TRANSPARENT(0.);
#3361=SURFACE_SIDE_STYLE('',(#3384,#3317));
#3362=SURFACE_SIDE_STYLE('',(#3385,#3318));
#3363=SURFACE_SIDE_STYLE('',(#3386,#3319));
#3364=SURFACE_SIDE_STYLE('',(#3387,#3320));
#3365=SURFACE_SIDE_STYLE('',(#3388,#3321));
#3366=SURFACE_SIDE_STYLE('',(#3389,#3322));
#3367=SURFACE_SIDE_STYLE('',(#3390,#3323));
#3368=SURFACE_SIDE_STYLE('',(#3391,#3324));
#3369=SURFACE_SIDE_STYLE('',(#3392,#3325));
#3370=SURFACE_SIDE_STYLE('',(#3393,#3326));
#3371=SURFACE_SIDE_STYLE('',(#3394,#3327));
#3372=SURFACE_SIDE_STYLE('',(#3395,#3328));
#3373=SURFACE_SIDE_STYLE('',(#3396,#3329));
#3374=SURFACE_SIDE_STYLE('',(#3397,#3330));
#3375=SURFACE_SIDE_STYLE('',(#3398,#3331));
#3376=SURFACE_SIDE_STYLE('',(#3399,#3332));
#3377=SURFACE_SIDE_STYLE('',(#3400,#3333));
#3378=SURFACE_SIDE_STYLE('',(#3401,#3334));
#3379=SURFACE_SIDE_STYLE('',(#3402,#3335));
#3380=SURFACE_SIDE_STYLE('',(#3403,#3336));
#3381=SURFACE_SIDE_STYLE('',(#3404,#3337));
#3382=SURFACE_SIDE_STYLE('',(#3405,#3338));
#3383=SURFACE_SIDE_STYLE('',(#3406));
#3384=SURFACE_STYLE_FILL_AREA(#3407);
#3385=SURFACE_STYLE_FILL_AREA(#3408);
#3386=SURFACE_STYLE_FILL_AREA(#3409);
#3387=SURFACE_STYLE_FILL_AREA(#3410);
#3388=SURFACE_STYLE_FILL_AREA(#3411);
#3389=SURFACE_STYLE_FILL_AREA(#3412);
#3390=SURFACE_STYLE_FILL_AREA(#3413);
#3391=SURFACE_STYLE_FILL_AREA(#3414);
#3392=SURFACE_STYLE_FILL_AREA(#3415);
#3393=SURFACE_STYLE_FILL_AREA(#3416);
#3394=SURFACE_STYLE_FILL_AREA(#3417);
#3395=SURFACE_STYLE_FILL_AREA(#3418);
#3396=SURFACE_STYLE_FILL_AREA(#3419);
#3397=SURFACE_STYLE_FILL_AREA(#3420);
#3398=SURFACE_STYLE_FILL_AREA(#3421);
#3399=SURFACE_STYLE_FILL_AREA(#3422);
#3400=SURFACE_STYLE_FILL_AREA(#3423);
#3401=SURFACE_STYLE_FILL_AREA(#3424);
#3402=SURFACE_STYLE_FILL_AREA(#3425);
#3403=SURFACE_STYLE_FILL_AREA(#3426);
#3404=SURFACE_STYLE_FILL_AREA(#3427);
#3405=SURFACE_STYLE_FILL_AREA(#3428);
#3406=SURFACE_STYLE_FILL_AREA(#3429);
#3407=FILL_AREA_STYLE('',(#3430));
#3408=FILL_AREA_STYLE('',(#3431));
#3409=FILL_AREA_STYLE('',(#3432));
#3410=FILL_AREA_STYLE('',(#3433));
#3411=FILL_AREA_STYLE('',(#3434));
#3412=FILL_AREA_STYLE('',(#3435));
#3413=FILL_AREA_STYLE('',(#3436));
#3414=FILL_AREA_STYLE('',(#3437));
#3415=FILL_AREA_STYLE('',(#3438));
#3416=FILL_AREA_STYLE('',(#3439));
#3417=FILL_AREA_STYLE('',(#3440));
#3418=FILL_AREA_STYLE('',(#3441));
#3419=FILL_AREA_STYLE('',(#3442));
#3420=FILL_AREA_STYLE('',(#3443));
#3421=FILL_AREA_STYLE('',(#3444));
#3422=FILL_AREA_STYLE('',(#3445));
#3423=FILL_AREA_STYLE('',(#3446));
#3424=FILL_AREA_STYLE('',(#3447));
#3425=FILL_AREA_STYLE('',(#3448));
#3426=FILL_AREA_STYLE('',(#3449));
#3427=FILL_AREA_STYLE('',(#3450));
#3428=FILL_AREA_STYLE('',(#3451));
#3429=FILL_AREA_STYLE('',(#3452));
#3430=FILL_AREA_STYLE_COLOUR('',#3453);
#3431=FILL_AREA_STYLE_COLOUR('',#3454);
#3432=FILL_AREA_STYLE_COLOUR('',#3455);
#3433=FILL_AREA_STYLE_COLOUR('',#3456);
#3434=FILL_AREA_STYLE_COLOUR('',#3457);
#3435=FILL_AREA_STYLE_COLOUR('',#3458);
#3436=FILL_AREA_STYLE_COLOUR('',#3459);
#3437=FILL_AREA_STYLE_COLOUR('',#3460);
#3438=FILL_AREA_STYLE_COLOUR('',#3461);
#3439=FILL_AREA_STYLE_COLOUR('',#3462);
#3440=FILL_AREA_STYLE_COLOUR('',#3463);
#3441=FILL_AREA_STYLE_COLOUR('',#3464);
#3442=FILL_AREA_STYLE_COLOUR('',#3465);
#3443=FILL_AREA_STYLE_COLOUR('',#3466);
#3444=FILL_AREA_STYLE_COLOUR('',#3467);
#3445=FILL_AREA_STYLE_COLOUR('',#3468);
#3446=FILL_AREA_STYLE_COLOUR('',#3469);
#3447=FILL_AREA_STYLE_COLOUR('',#3470);
#3448=FILL_AREA_STYLE_COLOUR('',#3471);
#3449=FILL_AREA_STYLE_COLOUR('',#3472);
#3450=FILL_AREA_STYLE_COLOUR('',#3473);
#3451=FILL_AREA_STYLE_COLOUR('',#3474);
#3452=FILL_AREA_STYLE_COLOUR('',#3475);
#3453=COLOUR_RGB('',0.749019607843137,0.749019607843137,0.749019607843137);
#3454=COLOUR_RGB('',0.313725490196078,0.486274509803922,0.411764705882353);
#3455=COLOUR_RGB('',0.823529411764706,0.819607843137255,0.780392156862745);
#3456=COLOUR_RGB('',0.380392156862745,0.270588235294118,0.215686274509804);
#3457=COLOUR_RGB('',0.894117647058824,0.890196078431372,0.811764705882353);
#3458=COLOUR_RGB('',0.0823529411764706,0.0862745098039216,0.0941176470588235);
#3459=COLOUR_RGB('',0.149019607843137,0.145098039215686,0.145098039215686);
#3460=COLOUR_RGB('',0.690196078431373,0.662745098039216,0.596078431372549);
#3461=COLOUR_RGB('',0.858823529411765,0.737254901960784,0.494117647058824);
#3462=COLOUR_RGB('',0.341176470588235,0.67843137254902,0.443137254901961);
#3463=COLOUR_RGB('',0.968627450980392,0.87843137254902,0.6);
#3464=COLOUR_RGB('',0.101960784313725,0.101960784313725,0.101960784313725);
#3465=COLOUR_RGB('',0.,0.,0.6);
#3466=COLOUR_RGB('',0.92156862745098,0.92156862745098,0.92156862745098);
#3467=COLOUR_RGB('',0.215686274509804,0.215686274509804,0.215686274509804);
#3468=COLOUR_RGB('',1.,1.,0.752941176470588);
#3469=COLOUR_RGB('',0.,0.,0.8);
#3470=COLOUR_RGB('',0.823529411764706,0.705882352941177,0.431372549019608);
#3471=COLOUR_RGB('',0.752941176470588,0.752941176470588,0.752941176470588);
#3472=COLOUR_RGB('',1.,0.67843137254902,0.356862745098039);
#3473=COLOUR_RGB('',0.,0.,1.);
#3474=COLOUR_RGB('',1.,1.,0.87843137254902);
#3475=COLOUR_RGB('',0.913725490196078,0.913725490196078,0.);
ENDSEC;
END-ISO-10303-21;
