ISO-10303-21;
HEADER;
/* Generated by software containing ST-Developer
 * from STEP Tools, Inc. (www.steptools.com) 
 */

FILE_DESCRIPTION(
/* description */ (''),
/* implementation_level */ '2;1');

FILE_NAME(
/* name */ 'Top_part_improved.stp',
/* time_stamp */ '2026-05-13T17:50:41+02:00',
/* author */ ('thomas'),
/* organization */ (''),
/* preprocessor_version */ 'ST-DEVELOPER v20.1',
/* originating_system */ 'Autodesk Inventor 2027',
/* authorisation */ '');

FILE_SCHEMA (('AUTOMOTIVE_DESIGN { 1 0 10303 214 3 1 1 }'));
ENDSEC;

DATA;
#10=MECHANICAL_DESIGN_GEOMETRIC_PRESENTATION_REPRESENTATION('',(#13),#4694);
#11=SHAPE_REPRESENTATION_RELATIONSHIP('SRR','None',#4701,#12);
#12=ADVANCED_BREP_SHAPE_REPRESENTATION('',(#14),#4693);
#13=STYLED_ITEM('',(#4710),#14);
#14=MANIFOLD_SOLID_BREP('Solid5',#2901);
#15=FACE_BOUND('',#309,.T.);
#16=FACE_BOUND('',#310,.T.);
#17=FACE_BOUND('',#311,.T.);
#18=FACE_BOUND('',#313,.T.);
#19=FACE_BOUND('',#344,.T.);
#20=FACE_BOUND('',#347,.T.);
#21=FACE_BOUND('',#349,.T.);
#22=FACE_BOUND('',#350,.T.);
#23=FACE_BOUND('',#351,.T.);
#24=FACE_BOUND('',#353,.T.);
#25=FACE_BOUND('',#354,.T.);
#26=FACE_BOUND('',#355,.T.);
#27=FACE_BOUND('',#357,.T.);
#28=FACE_BOUND('',#358,.T.);
#29=FACE_BOUND('',#360,.T.);
#30=CYLINDRICAL_SURFACE('',#2931,4.21120448722101);
#31=CYLINDRICAL_SURFACE('',#2937,2.21120448722098);
#32=CYLINDRICAL_SURFACE('',#2950,4.21120448722101);
#33=CYLINDRICAL_SURFACE('',#2956,2.21120448722098);
#34=CYLINDRICAL_SURFACE('',#2969,4.21120448722101);
#35=CYLINDRICAL_SURFACE('',#2975,2.21120448722098);
#36=CYLINDRICAL_SURFACE('',#2996,4.21120448722101);
#37=CYLINDRICAL_SURFACE('',#3002,2.21120448722098);
#38=CYLINDRICAL_SURFACE('',#3011,4.21120448722101);
#39=CYLINDRICAL_SURFACE('',#3017,2.21120448722098);
#40=CYLINDRICAL_SURFACE('',#3026,4.21120448722101);
#41=CYLINDRICAL_SURFACE('',#3032,2.21120448722098);
#42=CYLINDRICAL_SURFACE('',#3045,4.21120448722101);
#43=CYLINDRICAL_SURFACE('',#3051,2.21120448722098);
#44=CYLINDRICAL_SURFACE('',#3068,2.);
#45=CYLINDRICAL_SURFACE('',#3070,1.99999999999999);
#46=CYLINDRICAL_SURFACE('',#3072,2.);
#47=CYLINDRICAL_SURFACE('',#3076,1.99999999999999);
#48=CYLINDRICAL_SURFACE('',#3080,2.);
#49=CYLINDRICAL_SURFACE('',#3084,1.99999999999999);
#50=CYLINDRICAL_SURFACE('',#3093,4.21120448722101);
#51=CYLINDRICAL_SURFACE('',#3097,2.21120448722098);
#52=FACE_OUTER_BOUND('',#199,.T.);
#53=FACE_OUTER_BOUND('',#200,.T.);
#54=FACE_OUTER_BOUND('',#201,.T.);
#55=FACE_OUTER_BOUND('',#202,.T.);
#56=FACE_OUTER_BOUND('',#203,.T.);
#57=FACE_OUTER_BOUND('',#204,.T.);
#58=FACE_OUTER_BOUND('',#205,.T.);
#59=FACE_OUTER_BOUND('',#206,.T.);
#60=FACE_OUTER_BOUND('',#207,.T.);
#61=FACE_OUTER_BOUND('',#208,.T.);
#62=FACE_OUTER_BOUND('',#209,.T.);
#63=FACE_OUTER_BOUND('',#210,.T.);
#64=FACE_OUTER_BOUND('',#211,.T.);
#65=FACE_OUTER_BOUND('',#212,.T.);
#66=FACE_OUTER_BOUND('',#213,.T.);
#67=FACE_OUTER_BOUND('',#214,.T.);
#68=FACE_OUTER_BOUND('',#215,.T.);
#69=FACE_OUTER_BOUND('',#216,.T.);
#70=FACE_OUTER_BOUND('',#217,.T.);
#71=FACE_OUTER_BOUND('',#218,.T.);
#72=FACE_OUTER_BOUND('',#219,.T.);
#73=FACE_OUTER_BOUND('',#220,.T.);
#74=FACE_OUTER_BOUND('',#221,.T.);
#75=FACE_OUTER_BOUND('',#222,.T.);
#76=FACE_OUTER_BOUND('',#223,.T.);
#77=FACE_OUTER_BOUND('',#224,.T.);
#78=FACE_OUTER_BOUND('',#225,.T.);
#79=FACE_OUTER_BOUND('',#226,.T.);
#80=FACE_OUTER_BOUND('',#227,.T.);
#81=FACE_OUTER_BOUND('',#228,.T.);
#82=FACE_OUTER_BOUND('',#229,.T.);
#83=FACE_OUTER_BOUND('',#230,.T.);
#84=FACE_OUTER_BOUND('',#231,.T.);
#85=FACE_OUTER_BOUND('',#232,.T.);
#86=FACE_OUTER_BOUND('',#233,.T.);
#87=FACE_OUTER_BOUND('',#234,.T.);
#88=FACE_OUTER_BOUND('',#235,.T.);
#89=FACE_OUTER_BOUND('',#236,.T.);
#90=FACE_OUTER_BOUND('',#237,.T.);
#91=FACE_OUTER_BOUND('',#238,.T.);
#92=FACE_OUTER_BOUND('',#239,.T.);
#93=FACE_OUTER_BOUND('',#240,.T.);
#94=FACE_OUTER_BOUND('',#241,.T.);
#95=FACE_OUTER_BOUND('',#242,.T.);
#96=FACE_OUTER_BOUND('',#243,.T.);
#97=FACE_OUTER_BOUND('',#244,.T.);
#98=FACE_OUTER_BOUND('',#245,.T.);
#99=FACE_OUTER_BOUND('',#246,.T.);
#100=FACE_OUTER_BOUND('',#247,.T.);
#101=FACE_OUTER_BOUND('',#248,.T.);
#102=FACE_OUTER_BOUND('',#249,.T.);
#103=FACE_OUTER_BOUND('',#250,.T.);
#104=FACE_OUTER_BOUND('',#251,.T.);
#105=FACE_OUTER_BOUND('',#252,.T.);
#106=FACE_OUTER_BOUND('',#253,.T.);
#107=FACE_OUTER_BOUND('',#254,.T.);
#108=FACE_OUTER_BOUND('',#255,.T.);
#109=FACE_OUTER_BOUND('',#256,.T.);
#110=FACE_OUTER_BOUND('',#257,.T.);
#111=FACE_OUTER_BOUND('',#258,.T.);
#112=FACE_OUTER_BOUND('',#259,.T.);
#113=FACE_OUTER_BOUND('',#260,.T.);
#114=FACE_OUTER_BOUND('',#261,.T.);
#115=FACE_OUTER_BOUND('',#262,.T.);
#116=FACE_OUTER_BOUND('',#263,.T.);
#117=FACE_OUTER_BOUND('',#264,.T.);
#118=FACE_OUTER_BOUND('',#265,.T.);
#119=FACE_OUTER_BOUND('',#266,.T.);
#120=FACE_OUTER_BOUND('',#267,.T.);
#121=FACE_OUTER_BOUND('',#268,.T.);
#122=FACE_OUTER_BOUND('',#269,.T.);
#123=FACE_OUTER_BOUND('',#270,.T.);
#124=FACE_OUTER_BOUND('',#271,.T.);
#125=FACE_OUTER_BOUND('',#272,.T.);
#126=FACE_OUTER_BOUND('',#273,.T.);
#127=FACE_OUTER_BOUND('',#274,.T.);
#128=FACE_OUTER_BOUND('',#275,.T.);
#129=FACE_OUTER_BOUND('',#276,.T.);
#130=FACE_OUTER_BOUND('',#277,.T.);
#131=FACE_OUTER_BOUND('',#278,.T.);
#132=FACE_OUTER_BOUND('',#279,.T.);
#133=FACE_OUTER_BOUND('',#280,.T.);
#134=FACE_OUTER_BOUND('',#281,.T.);
#135=FACE_OUTER_BOUND('',#282,.T.);
#136=FACE_OUTER_BOUND('',#283,.T.);
#137=FACE_OUTER_BOUND('',#284,.T.);
#138=FACE_OUTER_BOUND('',#285,.T.);
#139=FACE_OUTER_BOUND('',#286,.T.);
#140=FACE_OUTER_BOUND('',#287,.T.);
#141=FACE_OUTER_BOUND('',#288,.T.);
#142=FACE_OUTER_BOUND('',#289,.T.);
#143=FACE_OUTER_BOUND('',#290,.T.);
#144=FACE_OUTER_BOUND('',#291,.T.);
#145=FACE_OUTER_BOUND('',#292,.T.);
#146=FACE_OUTER_BOUND('',#293,.T.);
#147=FACE_OUTER_BOUND('',#294,.T.);
#148=FACE_OUTER_BOUND('',#295,.T.);
#149=FACE_OUTER_BOUND('',#296,.T.);
#150=FACE_OUTER_BOUND('',#297,.T.);
#151=FACE_OUTER_BOUND('',#298,.T.);
#152=FACE_OUTER_BOUND('',#299,.T.);
#153=FACE_OUTER_BOUND('',#300,.T.);
#154=FACE_OUTER_BOUND('',#301,.T.);
#155=FACE_OUTER_BOUND('',#302,.T.);
#156=FACE_OUTER_BOUND('',#303,.T.);
#157=FACE_OUTER_BOUND('',#304,.T.);
#158=FACE_OUTER_BOUND('',#305,.T.);
#159=FACE_OUTER_BOUND('',#306,.T.);
#160=FACE_OUTER_BOUND('',#307,.T.);
#161=FACE_OUTER_BOUND('',#308,.T.);
#162=FACE_OUTER_BOUND('',#312,.T.);
#163=FACE_OUTER_BOUND('',#314,.T.);
#164=FACE_OUTER_BOUND('',#315,.T.);
#165=FACE_OUTER_BOUND('',#316,.T.);
#166=FACE_OUTER_BOUND('',#317,.T.);
#167=FACE_OUTER_BOUND('',#318,.T.);
#168=FACE_OUTER_BOUND('',#319,.T.);
#169=FACE_OUTER_BOUND('',#320,.T.);
#170=FACE_OUTER_BOUND('',#321,.T.);
#171=FACE_OUTER_BOUND('',#322,.T.);
#172=FACE_OUTER_BOUND('',#323,.T.);
#173=FACE_OUTER_BOUND('',#324,.T.);
#174=FACE_OUTER_BOUND('',#325,.T.);
#175=FACE_OUTER_BOUND('',#326,.T.);
#176=FACE_OUTER_BOUND('',#327,.T.);
#177=FACE_OUTER_BOUND('',#328,.T.);
#178=FACE_OUTER_BOUND('',#329,.T.);
#179=FACE_OUTER_BOUND('',#330,.T.);
#180=FACE_OUTER_BOUND('',#331,.T.);
#181=FACE_OUTER_BOUND('',#332,.T.);
#182=FACE_OUTER_BOUND('',#333,.T.);
#183=FACE_OUTER_BOUND('',#334,.T.);
#184=FACE_OUTER_BOUND('',#335,.T.);
#185=FACE_OUTER_BOUND('',#336,.T.);
#186=FACE_OUTER_BOUND('',#337,.T.);
#187=FACE_OUTER_BOUND('',#338,.T.);
#188=FACE_OUTER_BOUND('',#339,.T.);
#189=FACE_OUTER_BOUND('',#340,.T.);
#190=FACE_OUTER_BOUND('',#341,.T.);
#191=FACE_OUTER_BOUND('',#342,.T.);
#192=FACE_OUTER_BOUND('',#343,.T.);
#193=FACE_OUTER_BOUND('',#345,.T.);
#194=FACE_OUTER_BOUND('',#346,.T.);
#195=FACE_OUTER_BOUND('',#348,.T.);
#196=FACE_OUTER_BOUND('',#352,.T.);
#197=FACE_OUTER_BOUND('',#356,.T.);
#198=FACE_OUTER_BOUND('',#359,.T.);
#199=EDGE_LOOP('',(#1813,#1814,#1815,#1816,#1817,#1818,#1819,#1820,#1821,
#1822,#1823,#1824,#1825));
#200=EDGE_LOOP('',(#1826,#1827,#1828,#1829,#1830,#1831));
#201=EDGE_LOOP('',(#1832,#1833,#1834,#1835,#1836,#1837,#1838,#1839,#1840,
#1841,#1842,#1843));
#202=EDGE_LOOP('',(#1844,#1845,#1846,#1847));
#203=EDGE_LOOP('',(#1848,#1849,#1850));
#204=EDGE_LOOP('',(#1851,#1852,#1853,#1854));
#205=EDGE_LOOP('',(#1855,#1856,#1857,#1858,#1859,#1860));
#206=EDGE_LOOP('',(#1861,#1862,#1863,#1864));
#207=EDGE_LOOP('',(#1865,#1866,#1867,#1868));
#208=EDGE_LOOP('',(#1869,#1870,#1871,#1872));
#209=EDGE_LOOP('',(#1873,#1874,#1875,#1876));
#210=EDGE_LOOP('',(#1877,#1878,#1879,#1880));
#211=EDGE_LOOP('',(#1881,#1882,#1883,#1884));
#212=EDGE_LOOP('',(#1885,#1886,#1887,#1888));
#213=EDGE_LOOP('',(#1889,#1890,#1891,#1892));
#214=EDGE_LOOP('',(#1893,#1894,#1895,#1896,#1897,#1898,#1899,#1900,#1901,
#1902,#1903,#1904,#1905));
#215=EDGE_LOOP('',(#1906,#1907,#1908,#1909,#1910,#1911));
#216=EDGE_LOOP('',(#1912,#1913,#1914,#1915,#1916,#1917,#1918,#1919,#1920,
#1921,#1922,#1923));
#217=EDGE_LOOP('',(#1924,#1925,#1926,#1927));
#218=EDGE_LOOP('',(#1928,#1929,#1930));
#219=EDGE_LOOP('',(#1931,#1932,#1933,#1934));
#220=EDGE_LOOP('',(#1935,#1936,#1937,#1938,#1939,#1940));
#221=EDGE_LOOP('',(#1941,#1942,#1943,#1944));
#222=EDGE_LOOP('',(#1945,#1946,#1947,#1948));
#223=EDGE_LOOP('',(#1949,#1950,#1951,#1952));
#224=EDGE_LOOP('',(#1953,#1954,#1955,#1956));
#225=EDGE_LOOP('',(#1957,#1958,#1959,#1960));
#226=EDGE_LOOP('',(#1961,#1962,#1963,#1964));
#227=EDGE_LOOP('',(#1965,#1966,#1967,#1968));
#228=EDGE_LOOP('',(#1969,#1970,#1971,#1972));
#229=EDGE_LOOP('',(#1973,#1974,#1975,#1976,#1977,#1978,#1979,#1980,#1981,
#1982,#1983,#1984,#1985));
#230=EDGE_LOOP('',(#1986,#1987,#1988,#1989,#1990,#1991));
#231=EDGE_LOOP('',(#1992,#1993,#1994,#1995,#1996,#1997,#1998,#1999,#2000,
#2001,#2002,#2003));
#232=EDGE_LOOP('',(#2004,#2005,#2006,#2007));
#233=EDGE_LOOP('',(#2008,#2009,#2010));
#234=EDGE_LOOP('',(#2011,#2012,#2013,#2014));
#235=EDGE_LOOP('',(#2015,#2016,#2017,#2018,#2019,#2020));
#236=EDGE_LOOP('',(#2021,#2022,#2023,#2024));
#237=EDGE_LOOP('',(#2025,#2026,#2027,#2028));
#238=EDGE_LOOP('',(#2029,#2030,#2031,#2032));
#239=EDGE_LOOP('',(#2033,#2034,#2035,#2036));
#240=EDGE_LOOP('',(#2037,#2038,#2039,#2040));
#241=EDGE_LOOP('',(#2041,#2042,#2043,#2044));
#242=EDGE_LOOP('',(#2045,#2046,#2047,#2048));
#243=EDGE_LOOP('',(#2049,#2050,#2051,#2052));
#244=EDGE_LOOP('',(#2053,#2054,#2055,#2056,#2057,#2058,#2059,#2060,#2061,
#2062,#2063,#2064,#2065));
#245=EDGE_LOOP('',(#2066,#2067,#2068,#2069,#2070,#2071));
#246=EDGE_LOOP('',(#2072,#2073,#2074,#2075,#2076,#2077,#2078,#2079,#2080,
#2081,#2082,#2083,#2084));
#247=EDGE_LOOP('',(#2085,#2086,#2087,#2088,#2089,#2090));
#248=EDGE_LOOP('',(#2091,#2092,#2093,#2094,#2095,#2096,#2097,#2098,#2099,
#2100,#2101,#2102,#2103));
#249=EDGE_LOOP('',(#2104,#2105,#2106,#2107,#2108,#2109));
#250=EDGE_LOOP('',(#2110,#2111,#2112,#2113,#2114,#2115,#2116,#2117,#2118,
#2119,#2120,#2121));
#251=EDGE_LOOP('',(#2122,#2123,#2124,#2125));
#252=EDGE_LOOP('',(#2126,#2127,#2128));
#253=EDGE_LOOP('',(#2129,#2130,#2131,#2132));
#254=EDGE_LOOP('',(#2133,#2134,#2135,#2136,#2137,#2138));
#255=EDGE_LOOP('',(#2139,#2140,#2141,#2142));
#256=EDGE_LOOP('',(#2143,#2144,#2145,#2146));
#257=EDGE_LOOP('',(#2147,#2148,#2149,#2150));
#258=EDGE_LOOP('',(#2151,#2152,#2153,#2154));
#259=EDGE_LOOP('',(#2155,#2156,#2157,#2158));
#260=EDGE_LOOP('',(#2159,#2160,#2161,#2162));
#261=EDGE_LOOP('',(#2163,#2164,#2165,#2166));
#262=EDGE_LOOP('',(#2167,#2168,#2169,#2170));
#263=EDGE_LOOP('',(#2171,#2172,#2173,#2174,#2175,#2176,#2177,#2178,#2179,
#2180,#2181,#2182));
#264=EDGE_LOOP('',(#2183,#2184,#2185,#2186));
#265=EDGE_LOOP('',(#2187,#2188,#2189));
#266=EDGE_LOOP('',(#2190,#2191,#2192,#2193));
#267=EDGE_LOOP('',(#2194,#2195,#2196,#2197,#2198,#2199));
#268=EDGE_LOOP('',(#2200,#2201,#2202,#2203));
#269=EDGE_LOOP('',(#2204,#2205,#2206,#2207));
#270=EDGE_LOOP('',(#2208,#2209,#2210,#2211));
#271=EDGE_LOOP('',(#2212,#2213,#2214,#2215));
#272=EDGE_LOOP('',(#2216,#2217,#2218,#2219));
#273=EDGE_LOOP('',(#2220,#2221,#2222,#2223));
#274=EDGE_LOOP('',(#2224,#2225,#2226,#2227));
#275=EDGE_LOOP('',(#2228,#2229,#2230,#2231));
#276=EDGE_LOOP('',(#2232,#2233,#2234,#2235,#2236,#2237,#2238,#2239,#2240,
#2241,#2242,#2243));
#277=EDGE_LOOP('',(#2244,#2245,#2246,#2247));
#278=EDGE_LOOP('',(#2248,#2249,#2250));
#279=EDGE_LOOP('',(#2251,#2252,#2253,#2254));
#280=EDGE_LOOP('',(#2255,#2256,#2257,#2258,#2259,#2260));
#281=EDGE_LOOP('',(#2261,#2262,#2263,#2264));
#282=EDGE_LOOP('',(#2265,#2266,#2267,#2268));
#283=EDGE_LOOP('',(#2269,#2270,#2271,#2272));
#284=EDGE_LOOP('',(#2273,#2274,#2275,#2276));
#285=EDGE_LOOP('',(#2277,#2278,#2279,#2280));
#286=EDGE_LOOP('',(#2281,#2282,#2283,#2284));
#287=EDGE_LOOP('',(#2285,#2286,#2287,#2288));
#288=EDGE_LOOP('',(#2289,#2290,#2291,#2292));
#289=EDGE_LOOP('',(#2293,#2294,#2295,#2296,#2297,#2298,#2299,#2300,#2301,
#2302,#2303,#2304,#2305));
#290=EDGE_LOOP('',(#2306,#2307,#2308,#2309,#2310,#2311));
#291=EDGE_LOOP('',(#2312,#2313,#2314,#2315,#2316,#2317,#2318,#2319,#2320,
#2321,#2322,#2323));
#292=EDGE_LOOP('',(#2324,#2325,#2326,#2327));
#293=EDGE_LOOP('',(#2328,#2329,#2330));
#294=EDGE_LOOP('',(#2331,#2332,#2333,#2334));
#295=EDGE_LOOP('',(#2335,#2336,#2337,#2338,#2339,#2340));
#296=EDGE_LOOP('',(#2341,#2342,#2343,#2344));
#297=EDGE_LOOP('',(#2345,#2346,#2347,#2348));
#298=EDGE_LOOP('',(#2349,#2350,#2351,#2352));
#299=EDGE_LOOP('',(#2353,#2354,#2355,#2356));
#300=EDGE_LOOP('',(#2357,#2358,#2359,#2360));
#301=EDGE_LOOP('',(#2361,#2362,#2363,#2364));
#302=EDGE_LOOP('',(#2365,#2366,#2367,#2368));
#303=EDGE_LOOP('',(#2369,#2370,#2371,#2372));
#304=EDGE_LOOP('',(#2373,#2374,#2375,#2376));
#305=EDGE_LOOP('',(#2377,#2378,#2379,#2380));
#306=EDGE_LOOP('',(#2381,#2382,#2383,#2384));
#307=EDGE_LOOP('',(#2385,#2386,#2387,#2388));
#308=EDGE_LOOP('',(#2389,#2390,#2391,#2392));
#309=EDGE_LOOP('',(#2393,#2394,#2395,#2396));
#310=EDGE_LOOP('',(#2397,#2398,#2399,#2400));
#311=EDGE_LOOP('',(#2401,#2402,#2403,#2404));
#312=EDGE_LOOP('',(#2405,#2406,#2407,#2408,#2409,#2410,#2411,#2412));
#313=EDGE_LOOP('',(#2413,#2414,#2415,#2416));
#314=EDGE_LOOP('',(#2417,#2418,#2419,#2420));
#315=EDGE_LOOP('',(#2421,#2422,#2423,#2424));
#316=EDGE_LOOP('',(#2425,#2426,#2427,#2428));
#317=EDGE_LOOP('',(#2429,#2430,#2431,#2432));
#318=EDGE_LOOP('',(#2433,#2434,#2435,#2436));
#319=EDGE_LOOP('',(#2437,#2438,#2439,#2440));
#320=EDGE_LOOP('',(#2441,#2442,#2443,#2444));
#321=EDGE_LOOP('',(#2445,#2446,#2447,#2448));
#322=EDGE_LOOP('',(#2449,#2450,#2451,#2452));
#323=EDGE_LOOP('',(#2453,#2454,#2455,#2456));
#324=EDGE_LOOP('',(#2457,#2458,#2459,#2460));
#325=EDGE_LOOP('',(#2461,#2462,#2463,#2464));
#326=EDGE_LOOP('',(#2465,#2466,#2467));
#327=EDGE_LOOP('',(#2468,#2469,#2470,#2471));
#328=EDGE_LOOP('',(#2472,#2473,#2474,#2475,#2476,#2477));
#329=EDGE_LOOP('',(#2478,#2479,#2480,#2481,#2482,#2483,#2484,#2485,#2486,
#2487,#2488,#2489));
#330=EDGE_LOOP('',(#2490,#2491,#2492,#2493));
#331=EDGE_LOOP('',(#2494,#2495,#2496,#2497));
#332=EDGE_LOOP('',(#2498,#2499,#2500,#2501));
#333=EDGE_LOOP('',(#2502,#2503,#2504,#2505));
#334=EDGE_LOOP('',(#2506,#2507,#2508,#2509));
#335=EDGE_LOOP('',(#2510,#2511,#2512,#2513));
#336=EDGE_LOOP('',(#2514,#2515,#2516,#2517,#2518,#2519));
#337=EDGE_LOOP('',(#2520,#2521,#2522,#2523,#2524,#2525,#2526,#2527,#2528,
#2529,#2530,#2531,#2532));
#338=EDGE_LOOP('',(#2533,#2534,#2535,#2536));
#339=EDGE_LOOP('',(#2537,#2538,#2539,#2540));
#340=EDGE_LOOP('',(#2541,#2542,#2543,#2544));
#341=EDGE_LOOP('',(#2545,#2546,#2547,#2548));
#342=EDGE_LOOP('',(#2549,#2550,#2551,#2552));
#343=EDGE_LOOP('',(#2553,#2554,#2555,#2556));
#344=EDGE_LOOP('',(#2557,#2558,#2559,#2560));
#345=EDGE_LOOP('',(#2561,#2562,#2563,#2564,#2565,#2566,#2567,#2568));
#346=EDGE_LOOP('',(#2569,#2570,#2571,#2572));
#347=EDGE_LOOP('',(#2573,#2574,#2575,#2576));
#348=EDGE_LOOP('',(#2577,#2578,#2579,#2580));
#349=EDGE_LOOP('',(#2581,#2582,#2583,#2584));
#350=EDGE_LOOP('',(#2585,#2586,#2587,#2588));
#351=EDGE_LOOP('',(#2589,#2590,#2591,#2592));
#352=EDGE_LOOP('',(#2593,#2594,#2595,#2596));
#353=EDGE_LOOP('',(#2597,#2598,#2599,#2600));
#354=EDGE_LOOP('',(#2601,#2602,#2603,#2604));
#355=EDGE_LOOP('',(#2605,#2606,#2607,#2608));
#356=EDGE_LOOP('',(#2609,#2610,#2611,#2612));
#357=EDGE_LOOP('',(#2613,#2614,#2615,#2616));
#358=EDGE_LOOP('',(#2617,#2618,#2619,#2620));
#359=EDGE_LOOP('',(#2621,#2622,#2623,#2624));
#360=EDGE_LOOP('',(#2625,#2626,#2627,#2628));
#361=CIRCLE('',#2925,4.21120448722101);
#362=CIRCLE('',#2926,2.21120448722098);
#363=CIRCLE('',#2929,4.211204487221);
#364=CIRCLE('',#2930,2.21120448722098);
#365=CIRCLE('',#2944,4.21120448722101);
#366=CIRCLE('',#2945,2.21120448722098);
#367=CIRCLE('',#2948,4.211204487221);
#368=CIRCLE('',#2949,2.21120448722098);
#369=CIRCLE('',#2963,4.21120448722101);
#370=CIRCLE('',#2964,2.21120448722098);
#371=CIRCLE('',#2967,4.211204487221);
#372=CIRCLE('',#2968,2.21120448722098);
#373=CIRCLE('',#2982,4.21120448722101);
#374=CIRCLE('',#2983,2.21120448722098);
#375=CIRCLE('',#2986,4.21120448722101);
#376=CIRCLE('',#2987,2.21120448722098);
#377=CIRCLE('',#2990,4.21120448722101);
#378=CIRCLE('',#2991,2.21120448722098);
#379=CIRCLE('',#2994,4.211204487221);
#380=CIRCLE('',#2995,2.21120448722098);
#381=CIRCLE('',#3009,4.211204487221);
#382=CIRCLE('',#3010,2.21120448722098);
#383=CIRCLE('',#3024,4.211204487221);
#384=CIRCLE('',#3025,2.21120448722098);
#385=CIRCLE('',#3039,4.21120448722101);
#386=CIRCLE('',#3040,2.21120448722098);
#387=CIRCLE('',#3043,4.211204487221);
#388=CIRCLE('',#3044,2.21120448722098);
#389=CIRCLE('',#3062,1.99999999999999);
#390=CIRCLE('',#3063,2.);
#391=CIRCLE('',#3065,2.);
#392=CIRCLE('',#3066,1.99999999999999);
#393=CIRCLE('',#3073,2.);
#394=CIRCLE('',#3074,2.);
#395=CIRCLE('',#3077,1.99999999999999);
#396=CIRCLE('',#3078,1.99999999999999);
#397=CIRCLE('',#3081,2.);
#398=CIRCLE('',#3082,2.);
#399=CIRCLE('',#3085,1.99999999999999);
#400=CIRCLE('',#3086,1.99999999999999);
#401=CIRCLE('',#3091,4.211204487221);
#402=CIRCLE('',#3092,2.21120448722098);
#403=CIRCLE('',#3094,4.21120448722101);
#404=CIRCLE('',#3098,2.21120448722098);
#405=LINE('',#3867,#769);
#406=LINE('',#3869,#770);
#407=LINE('',#3871,#771);
#408=LINE('',#3873,#772);
#409=LINE('',#3875,#773);
#410=LINE('',#3877,#774);
#411=LINE('',#3879,#775);
#412=LINE('',#3883,#776);
#413=LINE('',#3885,#777);
#414=LINE('',#3889,#778);
#415=LINE('',#3890,#779);
#416=LINE('',#3894,#780);
#417=LINE('',#3896,#781);
#418=LINE('',#3897,#782);
#419=LINE('',#3899,#783);
#420=LINE('',#3900,#784);
#421=LINE('',#3904,#785);
#422=LINE('',#3908,#786);
#423=LINE('',#3910,#787);
#424=LINE('',#3912,#788);
#425=LINE('',#3914,#789);
#426=LINE('',#3915,#790);
#427=LINE('',#3917,#791);
#428=LINE('',#3919,#792);
#429=LINE('',#3922,#793);
#430=LINE('',#3924,#794);
#431=LINE('',#3925,#795);
#432=LINE('',#3928,#796);
#433=LINE('',#3929,#797);
#434=LINE('',#3931,#798);
#435=LINE('',#3933,#799);
#436=LINE('',#3935,#800);
#437=LINE('',#3936,#801);
#438=LINE('',#3938,#802);
#439=LINE('',#3941,#803);
#440=LINE('',#3943,#804);
#441=LINE('',#3945,#805);
#442=LINE('',#3947,#806);
#443=LINE('',#3952,#807);
#444=LINE('',#3954,#808);
#445=LINE('',#3956,#809);
#446=LINE('',#3958,#810);
#447=LINE('',#3960,#811);
#448=LINE('',#3962,#812);
#449=LINE('',#3964,#813);
#450=LINE('',#3968,#814);
#451=LINE('',#3970,#815);
#452=LINE('',#3974,#816);
#453=LINE('',#3975,#817);
#454=LINE('',#3979,#818);
#455=LINE('',#3981,#819);
#456=LINE('',#3982,#820);
#457=LINE('',#3984,#821);
#458=LINE('',#3985,#822);
#459=LINE('',#3989,#823);
#460=LINE('',#3993,#824);
#461=LINE('',#3995,#825);
#462=LINE('',#3997,#826);
#463=LINE('',#3999,#827);
#464=LINE('',#4000,#828);
#465=LINE('',#4002,#829);
#466=LINE('',#4004,#830);
#467=LINE('',#4007,#831);
#468=LINE('',#4009,#832);
#469=LINE('',#4010,#833);
#470=LINE('',#4013,#834);
#471=LINE('',#4014,#835);
#472=LINE('',#4016,#836);
#473=LINE('',#4018,#837);
#474=LINE('',#4020,#838);
#475=LINE('',#4021,#839);
#476=LINE('',#4023,#840);
#477=LINE('',#4026,#841);
#478=LINE('',#4028,#842);
#479=LINE('',#4030,#843);
#480=LINE('',#4032,#844);
#481=LINE('',#4037,#845);
#482=LINE('',#4039,#846);
#483=LINE('',#4041,#847);
#484=LINE('',#4043,#848);
#485=LINE('',#4045,#849);
#486=LINE('',#4047,#850);
#487=LINE('',#4049,#851);
#488=LINE('',#4053,#852);
#489=LINE('',#4055,#853);
#490=LINE('',#4059,#854);
#491=LINE('',#4060,#855);
#492=LINE('',#4064,#856);
#493=LINE('',#4066,#857);
#494=LINE('',#4067,#858);
#495=LINE('',#4069,#859);
#496=LINE('',#4070,#860);
#497=LINE('',#4074,#861);
#498=LINE('',#4078,#862);
#499=LINE('',#4080,#863);
#500=LINE('',#4082,#864);
#501=LINE('',#4084,#865);
#502=LINE('',#4085,#866);
#503=LINE('',#4087,#867);
#504=LINE('',#4089,#868);
#505=LINE('',#4092,#869);
#506=LINE('',#4094,#870);
#507=LINE('',#4095,#871);
#508=LINE('',#4098,#872);
#509=LINE('',#4099,#873);
#510=LINE('',#4101,#874);
#511=LINE('',#4103,#875);
#512=LINE('',#4105,#876);
#513=LINE('',#4106,#877);
#514=LINE('',#4108,#878);
#515=LINE('',#4111,#879);
#516=LINE('',#4113,#880);
#517=LINE('',#4115,#881);
#518=LINE('',#4117,#882);
#519=LINE('',#4122,#883);
#520=LINE('',#4124,#884);
#521=LINE('',#4126,#885);
#522=LINE('',#4128,#886);
#523=LINE('',#4130,#887);
#524=LINE('',#4132,#888);
#525=LINE('',#4134,#889);
#526=LINE('',#4138,#890);
#527=LINE('',#4140,#891);
#528=LINE('',#4144,#892);
#529=LINE('',#4145,#893);
#530=LINE('',#4149,#894);
#531=LINE('',#4151,#895);
#532=LINE('',#4152,#896);
#533=LINE('',#4154,#897);
#534=LINE('',#4155,#898);
#535=LINE('',#4159,#899);
#536=LINE('',#4161,#900);
#537=LINE('',#4163,#901);
#538=LINE('',#4165,#902);
#539=LINE('',#4167,#903);
#540=LINE('',#4169,#904);
#541=LINE('',#4171,#905);
#542=LINE('',#4175,#906);
#543=LINE('',#4177,#907);
#544=LINE('',#4181,#908);
#545=LINE('',#4182,#909);
#546=LINE('',#4186,#910);
#547=LINE('',#4188,#911);
#548=LINE('',#4189,#912);
#549=LINE('',#4191,#913);
#550=LINE('',#4192,#914);
#551=LINE('',#4196,#915);
#552=LINE('',#4198,#916);
#553=LINE('',#4200,#917);
#554=LINE('',#4202,#918);
#555=LINE('',#4204,#919);
#556=LINE('',#4206,#920);
#557=LINE('',#4208,#921);
#558=LINE('',#4212,#922);
#559=LINE('',#4214,#923);
#560=LINE('',#4218,#924);
#561=LINE('',#4219,#925);
#562=LINE('',#4223,#926);
#563=LINE('',#4225,#927);
#564=LINE('',#4226,#928);
#565=LINE('',#4228,#929);
#566=LINE('',#4229,#930);
#567=LINE('',#4233,#931);
#568=LINE('',#4237,#932);
#569=LINE('',#4239,#933);
#570=LINE('',#4241,#934);
#571=LINE('',#4243,#935);
#572=LINE('',#4244,#936);
#573=LINE('',#4246,#937);
#574=LINE('',#4248,#938);
#575=LINE('',#4251,#939);
#576=LINE('',#4253,#940);
#577=LINE('',#4254,#941);
#578=LINE('',#4257,#942);
#579=LINE('',#4258,#943);
#580=LINE('',#4260,#944);
#581=LINE('',#4262,#945);
#582=LINE('',#4264,#946);
#583=LINE('',#4265,#947);
#584=LINE('',#4267,#948);
#585=LINE('',#4270,#949);
#586=LINE('',#4272,#950);
#587=LINE('',#4274,#951);
#588=LINE('',#4276,#952);
#589=LINE('',#4281,#953);
#590=LINE('',#4285,#954);
#591=LINE('',#4287,#955);
#592=LINE('',#4289,#956);
#593=LINE('',#4291,#957);
#594=LINE('',#4292,#958);
#595=LINE('',#4294,#959);
#596=LINE('',#4296,#960);
#597=LINE('',#4299,#961);
#598=LINE('',#4301,#962);
#599=LINE('',#4302,#963);
#600=LINE('',#4305,#964);
#601=LINE('',#4306,#965);
#602=LINE('',#4308,#966);
#603=LINE('',#4310,#967);
#604=LINE('',#4312,#968);
#605=LINE('',#4313,#969);
#606=LINE('',#4315,#970);
#607=LINE('',#4318,#971);
#608=LINE('',#4320,#972);
#609=LINE('',#4322,#973);
#610=LINE('',#4324,#974);
#611=LINE('',#4329,#975);
#612=LINE('',#4333,#976);
#613=LINE('',#4335,#977);
#614=LINE('',#4337,#978);
#615=LINE('',#4339,#979);
#616=LINE('',#4340,#980);
#617=LINE('',#4342,#981);
#618=LINE('',#4344,#982);
#619=LINE('',#4347,#983);
#620=LINE('',#4349,#984);
#621=LINE('',#4350,#985);
#622=LINE('',#4353,#986);
#623=LINE('',#4354,#987);
#624=LINE('',#4356,#988);
#625=LINE('',#4358,#989);
#626=LINE('',#4360,#990);
#627=LINE('',#4361,#991);
#628=LINE('',#4363,#992);
#629=LINE('',#4366,#993);
#630=LINE('',#4368,#994);
#631=LINE('',#4370,#995);
#632=LINE('',#4372,#996);
#633=LINE('',#4377,#997);
#634=LINE('',#4379,#998);
#635=LINE('',#4381,#999);
#636=LINE('',#4383,#1000);
#637=LINE('',#4385,#1001);
#638=LINE('',#4387,#1002);
#639=LINE('',#4389,#1003);
#640=LINE('',#4393,#1004);
#641=LINE('',#4395,#1005);
#642=LINE('',#4399,#1006);
#643=LINE('',#4400,#1007);
#644=LINE('',#4404,#1008);
#645=LINE('',#4406,#1009);
#646=LINE('',#4407,#1010);
#647=LINE('',#4409,#1011);
#648=LINE('',#4410,#1012);
#649=LINE('',#4414,#1013);
#650=LINE('',#4418,#1014);
#651=LINE('',#4420,#1015);
#652=LINE('',#4422,#1016);
#653=LINE('',#4424,#1017);
#654=LINE('',#4425,#1018);
#655=LINE('',#4427,#1019);
#656=LINE('',#4429,#1020);
#657=LINE('',#4432,#1021);
#658=LINE('',#4434,#1022);
#659=LINE('',#4435,#1023);
#660=LINE('',#4438,#1024);
#661=LINE('',#4439,#1025);
#662=LINE('',#4441,#1026);
#663=LINE('',#4443,#1027);
#664=LINE('',#4445,#1028);
#665=LINE('',#4446,#1029);
#666=LINE('',#4448,#1030);
#667=LINE('',#4451,#1031);
#668=LINE('',#4453,#1032);
#669=LINE('',#4455,#1033);
#670=LINE('',#4457,#1034);
#671=LINE('',#4462,#1035);
#672=LINE('',#4464,#1036);
#673=LINE('',#4466,#1037);
#674=LINE('',#4467,#1038);
#675=LINE('',#4470,#1039);
#676=LINE('',#4472,#1040);
#677=LINE('',#4473,#1041);
#678=LINE('',#4476,#1042);
#679=LINE('',#4477,#1043);
#680=LINE('',#4480,#1044);
#681=LINE('',#4481,#1045);
#682=LINE('',#4485,#1046);
#683=LINE('',#4487,#1047);
#684=LINE('',#4489,#1048);
#685=LINE('',#4490,#1049);
#686=LINE('',#4493,#1050);
#687=LINE('',#4497,#1051);
#688=LINE('',#4501,#1052);
#689=LINE('',#4503,#1053);
#690=LINE('',#4505,#1054);
#691=LINE('',#4507,#1055);
#692=LINE('',#4508,#1056);
#693=LINE('',#4511,#1057);
#694=LINE('',#4515,#1058);
#695=LINE('',#4518,#1059);
#696=LINE('',#4519,#1060);
#697=LINE('',#4521,#1061);
#698=LINE('',#4523,#1062);
#699=LINE('',#4528,#1063);
#700=LINE('',#4530,#1064);
#701=LINE('',#4532,#1065);
#702=LINE('',#4533,#1066);
#703=LINE('',#4538,#1067);
#704=LINE('',#4542,#1068);
#705=LINE('',#4544,#1069);
#706=LINE('',#4545,#1070);
#707=LINE('',#4552,#1071);
#708=LINE('',#4554,#1072);
#709=LINE('',#4556,#1073);
#710=LINE('',#4557,#1074);
#711=LINE('',#4562,#1075);
#712=LINE('',#4566,#1076);
#713=LINE('',#4568,#1077);
#714=LINE('',#4569,#1078);
#715=LINE('',#4576,#1079);
#716=LINE('',#4578,#1080);
#717=LINE('',#4579,#1081);
#718=LINE('',#4582,#1082);
#719=LINE('',#4584,#1083);
#720=LINE('',#4585,#1084);
#721=LINE('',#4588,#1085);
#722=LINE('',#4590,#1086);
#723=LINE('',#4592,#1087);
#724=LINE('',#4593,#1088);
#725=LINE('',#4597,#1089);
#726=LINE('',#4601,#1090);
#727=LINE('',#4603,#1091);
#728=LINE('',#4605,#1092);
#729=LINE('',#4607,#1093);
#730=LINE('',#4609,#1094);
#731=LINE('',#4610,#1095);
#732=LINE('',#4612,#1096);
#733=LINE('',#4615,#1097);
#734=LINE('',#4618,#1098);
#735=LINE('',#4621,#1099);
#736=LINE('',#4624,#1100);
#737=LINE('',#4626,#1101);
#738=LINE('',#4627,#1102);
#739=LINE('',#4630,#1103);
#740=LINE('',#4631,#1104);
#741=LINE('',#4636,#1105);
#742=LINE('',#4637,#1106);
#743=LINE('',#4640,#1107);
#744=LINE('',#4641,#1108);
#745=LINE('',#4644,#1109);
#746=LINE('',#4645,#1110);
#747=LINE('',#4648,#1111);
#748=LINE('',#4650,#1112);
#749=LINE('',#4651,#1113);
#750=LINE('',#4652,#1114);
#751=LINE('',#4654,#1115);
#752=LINE('',#4656,#1116);
#753=LINE('',#4661,#1117);
#754=LINE('',#4662,#1118);
#755=LINE('',#4663,#1119);
#756=LINE('',#4666,#1120);
#757=LINE('',#4668,#1121);
#758=LINE('',#4669,#1122);
#759=LINE('',#4673,#1123);
#760=LINE('',#4674,#1124);
#761=LINE('',#4675,#1125);
#762=LINE('',#4677,#1126);
#763=LINE('',#4679,#1127);
#764=LINE('',#4683,#1128);
#765=LINE('',#4684,#1129);
#766=LINE('',#4685,#1130);
#767=LINE('',#4687,#1131);
#768=LINE('',#4689,#1132);
#769=VECTOR('',#3119,10.);
#770=VECTOR('',#3120,10.);
#771=VECTOR('',#3121,10.);
#772=VECTOR('',#3122,10.);
#773=VECTOR('',#3123,10.);
#774=VECTOR('',#3124,10.);
#775=VECTOR('',#3125,10.);
#776=VECTOR('',#3128,10.);
#777=VECTOR('',#3129,10.);
#778=VECTOR('',#3132,10.);
#779=VECTOR('',#3133,10.);
#780=VECTOR('',#3136,10.);
#781=VECTOR('',#3137,10.);
#782=VECTOR('',#3138,10.);
#783=VECTOR('',#3139,10.);
#784=VECTOR('',#3140,10.);
#785=VECTOR('',#3143,10.);
#786=VECTOR('',#3146,10.);
#787=VECTOR('',#3147,10.);
#788=VECTOR('',#3148,10.);
#789=VECTOR('',#3149,10.);
#790=VECTOR('',#3150,10.);
#791=VECTOR('',#3151,10.);
#792=VECTOR('',#3152,10.);
#793=VECTOR('',#3155,10.);
#794=VECTOR('',#3158,10.);
#795=VECTOR('',#3159,10.);
#796=VECTOR('',#3162,10.);
#797=VECTOR('',#3163,10.);
#798=VECTOR('',#3166,10.);
#799=VECTOR('',#3169,10.);
#800=VECTOR('',#3172,10.);
#801=VECTOR('',#3173,10.);
#802=VECTOR('',#3176,10.);
#803=VECTOR('',#3181,10.);
#804=VECTOR('',#3184,10.);
#805=VECTOR('',#3187,10.);
#806=VECTOR('',#3190,10.);
#807=VECTOR('',#3195,10.);
#808=VECTOR('',#3196,10.);
#809=VECTOR('',#3197,10.);
#810=VECTOR('',#3198,10.);
#811=VECTOR('',#3199,10.);
#812=VECTOR('',#3200,10.);
#813=VECTOR('',#3201,10.);
#814=VECTOR('',#3204,10.);
#815=VECTOR('',#3205,10.);
#816=VECTOR('',#3208,10.);
#817=VECTOR('',#3209,10.);
#818=VECTOR('',#3212,10.);
#819=VECTOR('',#3213,10.);
#820=VECTOR('',#3214,10.);
#821=VECTOR('',#3215,10.);
#822=VECTOR('',#3216,10.);
#823=VECTOR('',#3219,10.);
#824=VECTOR('',#3222,10.);
#825=VECTOR('',#3223,10.);
#826=VECTOR('',#3224,10.);
#827=VECTOR('',#3225,10.);
#828=VECTOR('',#3226,10.);
#829=VECTOR('',#3227,10.);
#830=VECTOR('',#3228,10.);
#831=VECTOR('',#3231,10.);
#832=VECTOR('',#3234,10.);
#833=VECTOR('',#3235,10.);
#834=VECTOR('',#3238,10.);
#835=VECTOR('',#3239,10.);
#836=VECTOR('',#3242,10.);
#837=VECTOR('',#3245,10.);
#838=VECTOR('',#3248,10.);
#839=VECTOR('',#3249,10.);
#840=VECTOR('',#3252,10.);
#841=VECTOR('',#3257,10.);
#842=VECTOR('',#3260,10.);
#843=VECTOR('',#3263,10.);
#844=VECTOR('',#3266,10.);
#845=VECTOR('',#3271,10.);
#846=VECTOR('',#3272,10.);
#847=VECTOR('',#3273,10.);
#848=VECTOR('',#3274,10.);
#849=VECTOR('',#3275,10.);
#850=VECTOR('',#3276,10.);
#851=VECTOR('',#3277,10.);
#852=VECTOR('',#3280,10.);
#853=VECTOR('',#3281,10.);
#854=VECTOR('',#3284,10.);
#855=VECTOR('',#3285,10.);
#856=VECTOR('',#3288,10.);
#857=VECTOR('',#3289,10.);
#858=VECTOR('',#3290,10.);
#859=VECTOR('',#3291,10.);
#860=VECTOR('',#3292,10.);
#861=VECTOR('',#3295,10.);
#862=VECTOR('',#3298,10.);
#863=VECTOR('',#3299,10.);
#864=VECTOR('',#3300,10.);
#865=VECTOR('',#3301,10.);
#866=VECTOR('',#3302,10.);
#867=VECTOR('',#3303,10.);
#868=VECTOR('',#3304,10.);
#869=VECTOR('',#3307,10.);
#870=VECTOR('',#3310,10.);
#871=VECTOR('',#3311,10.);
#872=VECTOR('',#3314,10.);
#873=VECTOR('',#3315,10.);
#874=VECTOR('',#3318,10.);
#875=VECTOR('',#3321,10.);
#876=VECTOR('',#3324,10.);
#877=VECTOR('',#3325,10.);
#878=VECTOR('',#3328,10.);
#879=VECTOR('',#3333,10.);
#880=VECTOR('',#3336,10.);
#881=VECTOR('',#3339,10.);
#882=VECTOR('',#3342,10.);
#883=VECTOR('',#3347,10.);
#884=VECTOR('',#3348,10.);
#885=VECTOR('',#3349,10.);
#886=VECTOR('',#3350,10.);
#887=VECTOR('',#3351,10.);
#888=VECTOR('',#3352,10.);
#889=VECTOR('',#3353,10.);
#890=VECTOR('',#3356,10.);
#891=VECTOR('',#3357,10.);
#892=VECTOR('',#3360,10.);
#893=VECTOR('',#3361,10.);
#894=VECTOR('',#3364,10.);
#895=VECTOR('',#3365,10.);
#896=VECTOR('',#3366,10.);
#897=VECTOR('',#3367,10.);
#898=VECTOR('',#3368,10.);
#899=VECTOR('',#3371,10.);
#900=VECTOR('',#3372,10.);
#901=VECTOR('',#3373,10.);
#902=VECTOR('',#3374,10.);
#903=VECTOR('',#3375,10.);
#904=VECTOR('',#3376,10.);
#905=VECTOR('',#3377,10.);
#906=VECTOR('',#3380,10.);
#907=VECTOR('',#3381,10.);
#908=VECTOR('',#3384,10.);
#909=VECTOR('',#3385,10.);
#910=VECTOR('',#3388,10.);
#911=VECTOR('',#3389,10.);
#912=VECTOR('',#3390,10.);
#913=VECTOR('',#3391,10.);
#914=VECTOR('',#3392,10.);
#915=VECTOR('',#3395,10.);
#916=VECTOR('',#3396,10.);
#917=VECTOR('',#3397,10.);
#918=VECTOR('',#3398,10.);
#919=VECTOR('',#3399,10.);
#920=VECTOR('',#3400,10.);
#921=VECTOR('',#3401,10.);
#922=VECTOR('',#3404,10.);
#923=VECTOR('',#3405,10.);
#924=VECTOR('',#3408,10.);
#925=VECTOR('',#3409,10.);
#926=VECTOR('',#3412,10.);
#927=VECTOR('',#3413,10.);
#928=VECTOR('',#3414,10.);
#929=VECTOR('',#3415,10.);
#930=VECTOR('',#3416,10.);
#931=VECTOR('',#3419,10.);
#932=VECTOR('',#3422,10.);
#933=VECTOR('',#3423,10.);
#934=VECTOR('',#3424,10.);
#935=VECTOR('',#3425,10.);
#936=VECTOR('',#3426,10.);
#937=VECTOR('',#3427,10.);
#938=VECTOR('',#3428,10.);
#939=VECTOR('',#3431,10.);
#940=VECTOR('',#3434,10.);
#941=VECTOR('',#3435,10.);
#942=VECTOR('',#3438,10.);
#943=VECTOR('',#3439,10.);
#944=VECTOR('',#3442,10.);
#945=VECTOR('',#3445,10.);
#946=VECTOR('',#3448,10.);
#947=VECTOR('',#3449,10.);
#948=VECTOR('',#3452,10.);
#949=VECTOR('',#3457,10.);
#950=VECTOR('',#3460,10.);
#951=VECTOR('',#3463,10.);
#952=VECTOR('',#3466,10.);
#953=VECTOR('',#3471,10.);
#954=VECTOR('',#3474,10.);
#955=VECTOR('',#3475,10.);
#956=VECTOR('',#3476,10.);
#957=VECTOR('',#3477,10.);
#958=VECTOR('',#3478,10.);
#959=VECTOR('',#3479,10.);
#960=VECTOR('',#3480,10.);
#961=VECTOR('',#3483,10.);
#962=VECTOR('',#3486,10.);
#963=VECTOR('',#3487,10.);
#964=VECTOR('',#3490,10.);
#965=VECTOR('',#3491,10.);
#966=VECTOR('',#3494,10.);
#967=VECTOR('',#3497,10.);
#968=VECTOR('',#3500,10.);
#969=VECTOR('',#3501,10.);
#970=VECTOR('',#3504,10.);
#971=VECTOR('',#3509,10.);
#972=VECTOR('',#3512,10.);
#973=VECTOR('',#3515,10.);
#974=VECTOR('',#3518,10.);
#975=VECTOR('',#3523,10.);
#976=VECTOR('',#3526,10.);
#977=VECTOR('',#3527,10.);
#978=VECTOR('',#3528,10.);
#979=VECTOR('',#3529,10.);
#980=VECTOR('',#3530,10.);
#981=VECTOR('',#3531,10.);
#982=VECTOR('',#3532,10.);
#983=VECTOR('',#3535,10.);
#984=VECTOR('',#3538,10.);
#985=VECTOR('',#3539,10.);
#986=VECTOR('',#3542,10.);
#987=VECTOR('',#3543,10.);
#988=VECTOR('',#3546,10.);
#989=VECTOR('',#3549,10.);
#990=VECTOR('',#3552,10.);
#991=VECTOR('',#3553,10.);
#992=VECTOR('',#3556,10.);
#993=VECTOR('',#3561,10.);
#994=VECTOR('',#3564,10.);
#995=VECTOR('',#3567,10.);
#996=VECTOR('',#3570,10.);
#997=VECTOR('',#3575,10.);
#998=VECTOR('',#3576,10.);
#999=VECTOR('',#3577,10.);
#1000=VECTOR('',#3578,10.);
#1001=VECTOR('',#3579,10.);
#1002=VECTOR('',#3580,10.);
#1003=VECTOR('',#3581,10.);
#1004=VECTOR('',#3584,10.);
#1005=VECTOR('',#3585,10.);
#1006=VECTOR('',#3588,10.);
#1007=VECTOR('',#3589,10.);
#1008=VECTOR('',#3592,10.);
#1009=VECTOR('',#3593,10.);
#1010=VECTOR('',#3594,10.);
#1011=VECTOR('',#3595,10.);
#1012=VECTOR('',#3596,10.);
#1013=VECTOR('',#3599,10.);
#1014=VECTOR('',#3602,10.);
#1015=VECTOR('',#3603,10.);
#1016=VECTOR('',#3604,10.);
#1017=VECTOR('',#3605,10.);
#1018=VECTOR('',#3606,10.);
#1019=VECTOR('',#3607,10.);
#1020=VECTOR('',#3608,10.);
#1021=VECTOR('',#3611,10.);
#1022=VECTOR('',#3614,10.);
#1023=VECTOR('',#3615,10.);
#1024=VECTOR('',#3618,10.);
#1025=VECTOR('',#3619,10.);
#1026=VECTOR('',#3622,10.);
#1027=VECTOR('',#3625,10.);
#1028=VECTOR('',#3628,10.);
#1029=VECTOR('',#3629,10.);
#1030=VECTOR('',#3632,10.);
#1031=VECTOR('',#3637,10.);
#1032=VECTOR('',#3640,10.);
#1033=VECTOR('',#3643,10.);
#1034=VECTOR('',#3646,10.);
#1035=VECTOR('',#3651,10.);
#1036=VECTOR('',#3652,10.);
#1037=VECTOR('',#3653,10.);
#1038=VECTOR('',#3654,10.);
#1039=VECTOR('',#3657,10.);
#1040=VECTOR('',#3658,10.);
#1041=VECTOR('',#3659,10.);
#1042=VECTOR('',#3662,10.);
#1043=VECTOR('',#3663,10.);
#1044=VECTOR('',#3666,10.);
#1045=VECTOR('',#3667,10.);
#1046=VECTOR('',#3670,10.);
#1047=VECTOR('',#3671,10.);
#1048=VECTOR('',#3672,10.);
#1049=VECTOR('',#3673,10.);
#1050=VECTOR('',#3674,10.);
#1051=VECTOR('',#3677,10.);
#1052=VECTOR('',#3682,10.);
#1053=VECTOR('',#3683,10.);
#1054=VECTOR('',#3684,10.);
#1055=VECTOR('',#3685,10.);
#1056=VECTOR('',#3686,10.);
#1057=VECTOR('',#3687,10.);
#1058=VECTOR('',#3690,10.);
#1059=VECTOR('',#3695,10.);
#1060=VECTOR('',#3696,10.);
#1061=VECTOR('',#3699,10.);
#1062=VECTOR('',#3702,10.);
#1063=VECTOR('',#3707,10.);
#1064=VECTOR('',#3708,10.);
#1065=VECTOR('',#3709,10.);
#1066=VECTOR('',#3710,10.);
#1067=VECTOR('',#3715,10.);
#1068=VECTOR('',#3720,10.);
#1069=VECTOR('',#3721,10.);
#1070=VECTOR('',#3722,10.);
#1071=VECTOR('',#3731,10.);
#1072=VECTOR('',#3732,10.);
#1073=VECTOR('',#3733,10.);
#1074=VECTOR('',#3734,10.);
#1075=VECTOR('',#3739,10.);
#1076=VECTOR('',#3744,10.);
#1077=VECTOR('',#3745,10.);
#1078=VECTOR('',#3746,10.);
#1079=VECTOR('',#3755,10.);
#1080=VECTOR('',#3756,10.);
#1081=VECTOR('',#3757,10.);
#1082=VECTOR('',#3760,10.);
#1083=VECTOR('',#3761,10.);
#1084=VECTOR('',#3762,10.);
#1085=VECTOR('',#3765,10.);
#1086=VECTOR('',#3766,10.);
#1087=VECTOR('',#3767,10.);
#1088=VECTOR('',#3768,10.);
#1089=VECTOR('',#3771,10.);
#1090=VECTOR('',#3774,10.);
#1091=VECTOR('',#3775,10.);
#1092=VECTOR('',#3776,10.);
#1093=VECTOR('',#3777,10.);
#1094=VECTOR('',#3778,10.);
#1095=VECTOR('',#3779,10.);
#1096=VECTOR('',#3780,10.);
#1097=VECTOR('',#3783,10.);
#1098=VECTOR('',#3786,10.);
#1099=VECTOR('',#3789,10.);
#1100=VECTOR('',#3792,10.);
#1101=VECTOR('',#3793,10.);
#1102=VECTOR('',#3794,10.);
#1103=VECTOR('',#3797,10.);
#1104=VECTOR('',#3798,10.);
#1105=VECTOR('',#3805,10.);
#1106=VECTOR('',#3806,10.);
#1107=VECTOR('',#3809,10.);
#1108=VECTOR('',#3810,10.);
#1109=VECTOR('',#3813,10.);
#1110=VECTOR('',#3814,10.);
#1111=VECTOR('',#3817,10.);
#1112=VECTOR('',#3818,10.);
#1113=VECTOR('',#3819,10.);
#1114=VECTOR('',#3820,10.);
#1115=VECTOR('',#3823,10.);
#1116=VECTOR('',#3826,10.);
#1117=VECTOR('',#3831,10.);
#1118=VECTOR('',#3832,10.);
#1119=VECTOR('',#3833,10.);
#1120=VECTOR('',#3836,10.);
#1121=VECTOR('',#3837,10.);
#1122=VECTOR('',#3838,10.);
#1123=VECTOR('',#3841,10.);
#1124=VECTOR('',#3842,10.);
#1125=VECTOR('',#3843,10.);
#1126=VECTOR('',#3846,10.);
#1127=VECTOR('',#3849,10.);
#1128=VECTOR('',#3852,10.);
#1129=VECTOR('',#3853,10.);
#1130=VECTOR('',#3854,10.);
#1131=VECTOR('',#3857,10.);
#1132=VECTOR('',#3860,10.);
#1133=VERTEX_POINT('',#3865);
#1134=VERTEX_POINT('',#3866);
#1135=VERTEX_POINT('',#3868);
#1136=VERTEX_POINT('',#3870);
#1137=VERTEX_POINT('',#3872);
#1138=VERTEX_POINT('',#3874);
#1139=VERTEX_POINT('',#3876);
#1140=VERTEX_POINT('',#3878);
#1141=VERTEX_POINT('',#3880);
#1142=VERTEX_POINT('',#3882);
#1143=VERTEX_POINT('',#3884);
#1144=VERTEX_POINT('',#3886);
#1145=VERTEX_POINT('',#3888);
#1146=VERTEX_POINT('',#3892);
#1147=VERTEX_POINT('',#3893);
#1148=VERTEX_POINT('',#3895);
#1149=VERTEX_POINT('',#3898);
#1150=VERTEX_POINT('',#3902);
#1151=VERTEX_POINT('',#3903);
#1152=VERTEX_POINT('',#3905);
#1153=VERTEX_POINT('',#3907);
#1154=VERTEX_POINT('',#3909);
#1155=VERTEX_POINT('',#3911);
#1156=VERTEX_POINT('',#3913);
#1157=VERTEX_POINT('',#3916);
#1158=VERTEX_POINT('',#3918);
#1159=VERTEX_POINT('',#3920);
#1160=VERTEX_POINT('',#3927);
#1161=VERTEX_POINT('',#3950);
#1162=VERTEX_POINT('',#3951);
#1163=VERTEX_POINT('',#3953);
#1164=VERTEX_POINT('',#3955);
#1165=VERTEX_POINT('',#3957);
#1166=VERTEX_POINT('',#3959);
#1167=VERTEX_POINT('',#3961);
#1168=VERTEX_POINT('',#3963);
#1169=VERTEX_POINT('',#3965);
#1170=VERTEX_POINT('',#3967);
#1171=VERTEX_POINT('',#3969);
#1172=VERTEX_POINT('',#3971);
#1173=VERTEX_POINT('',#3973);
#1174=VERTEX_POINT('',#3977);
#1175=VERTEX_POINT('',#3978);
#1176=VERTEX_POINT('',#3980);
#1177=VERTEX_POINT('',#3983);
#1178=VERTEX_POINT('',#3987);
#1179=VERTEX_POINT('',#3988);
#1180=VERTEX_POINT('',#3990);
#1181=VERTEX_POINT('',#3992);
#1182=VERTEX_POINT('',#3994);
#1183=VERTEX_POINT('',#3996);
#1184=VERTEX_POINT('',#3998);
#1185=VERTEX_POINT('',#4001);
#1186=VERTEX_POINT('',#4003);
#1187=VERTEX_POINT('',#4005);
#1188=VERTEX_POINT('',#4012);
#1189=VERTEX_POINT('',#4035);
#1190=VERTEX_POINT('',#4036);
#1191=VERTEX_POINT('',#4038);
#1192=VERTEX_POINT('',#4040);
#1193=VERTEX_POINT('',#4042);
#1194=VERTEX_POINT('',#4044);
#1195=VERTEX_POINT('',#4046);
#1196=VERTEX_POINT('',#4048);
#1197=VERTEX_POINT('',#4050);
#1198=VERTEX_POINT('',#4052);
#1199=VERTEX_POINT('',#4054);
#1200=VERTEX_POINT('',#4056);
#1201=VERTEX_POINT('',#4058);
#1202=VERTEX_POINT('',#4062);
#1203=VERTEX_POINT('',#4063);
#1204=VERTEX_POINT('',#4065);
#1205=VERTEX_POINT('',#4068);
#1206=VERTEX_POINT('',#4072);
#1207=VERTEX_POINT('',#4073);
#1208=VERTEX_POINT('',#4075);
#1209=VERTEX_POINT('',#4077);
#1210=VERTEX_POINT('',#4079);
#1211=VERTEX_POINT('',#4081);
#1212=VERTEX_POINT('',#4083);
#1213=VERTEX_POINT('',#4086);
#1214=VERTEX_POINT('',#4088);
#1215=VERTEX_POINT('',#4090);
#1216=VERTEX_POINT('',#4097);
#1217=VERTEX_POINT('',#4120);
#1218=VERTEX_POINT('',#4121);
#1219=VERTEX_POINT('',#4123);
#1220=VERTEX_POINT('',#4125);
#1221=VERTEX_POINT('',#4127);
#1222=VERTEX_POINT('',#4129);
#1223=VERTEX_POINT('',#4131);
#1224=VERTEX_POINT('',#4133);
#1225=VERTEX_POINT('',#4135);
#1226=VERTEX_POINT('',#4137);
#1227=VERTEX_POINT('',#4139);
#1228=VERTEX_POINT('',#4141);
#1229=VERTEX_POINT('',#4143);
#1230=VERTEX_POINT('',#4147);
#1231=VERTEX_POINT('',#4148);
#1232=VERTEX_POINT('',#4150);
#1233=VERTEX_POINT('',#4153);
#1234=VERTEX_POINT('',#4157);
#1235=VERTEX_POINT('',#4158);
#1236=VERTEX_POINT('',#4160);
#1237=VERTEX_POINT('',#4162);
#1238=VERTEX_POINT('',#4164);
#1239=VERTEX_POINT('',#4166);
#1240=VERTEX_POINT('',#4168);
#1241=VERTEX_POINT('',#4170);
#1242=VERTEX_POINT('',#4172);
#1243=VERTEX_POINT('',#4174);
#1244=VERTEX_POINT('',#4176);
#1245=VERTEX_POINT('',#4178);
#1246=VERTEX_POINT('',#4180);
#1247=VERTEX_POINT('',#4184);
#1248=VERTEX_POINT('',#4185);
#1249=VERTEX_POINT('',#4187);
#1250=VERTEX_POINT('',#4190);
#1251=VERTEX_POINT('',#4194);
#1252=VERTEX_POINT('',#4195);
#1253=VERTEX_POINT('',#4197);
#1254=VERTEX_POINT('',#4199);
#1255=VERTEX_POINT('',#4201);
#1256=VERTEX_POINT('',#4203);
#1257=VERTEX_POINT('',#4205);
#1258=VERTEX_POINT('',#4207);
#1259=VERTEX_POINT('',#4209);
#1260=VERTEX_POINT('',#4211);
#1261=VERTEX_POINT('',#4213);
#1262=VERTEX_POINT('',#4215);
#1263=VERTEX_POINT('',#4217);
#1264=VERTEX_POINT('',#4221);
#1265=VERTEX_POINT('',#4222);
#1266=VERTEX_POINT('',#4224);
#1267=VERTEX_POINT('',#4227);
#1268=VERTEX_POINT('',#4231);
#1269=VERTEX_POINT('',#4232);
#1270=VERTEX_POINT('',#4234);
#1271=VERTEX_POINT('',#4236);
#1272=VERTEX_POINT('',#4238);
#1273=VERTEX_POINT('',#4240);
#1274=VERTEX_POINT('',#4242);
#1275=VERTEX_POINT('',#4245);
#1276=VERTEX_POINT('',#4247);
#1277=VERTEX_POINT('',#4249);
#1278=VERTEX_POINT('',#4256);
#1279=VERTEX_POINT('',#4279);
#1280=VERTEX_POINT('',#4280);
#1281=VERTEX_POINT('',#4282);
#1282=VERTEX_POINT('',#4284);
#1283=VERTEX_POINT('',#4286);
#1284=VERTEX_POINT('',#4288);
#1285=VERTEX_POINT('',#4290);
#1286=VERTEX_POINT('',#4293);
#1287=VERTEX_POINT('',#4295);
#1288=VERTEX_POINT('',#4297);
#1289=VERTEX_POINT('',#4304);
#1290=VERTEX_POINT('',#4327);
#1291=VERTEX_POINT('',#4328);
#1292=VERTEX_POINT('',#4330);
#1293=VERTEX_POINT('',#4332);
#1294=VERTEX_POINT('',#4334);
#1295=VERTEX_POINT('',#4336);
#1296=VERTEX_POINT('',#4338);
#1297=VERTEX_POINT('',#4341);
#1298=VERTEX_POINT('',#4343);
#1299=VERTEX_POINT('',#4345);
#1300=VERTEX_POINT('',#4352);
#1301=VERTEX_POINT('',#4375);
#1302=VERTEX_POINT('',#4376);
#1303=VERTEX_POINT('',#4378);
#1304=VERTEX_POINT('',#4380);
#1305=VERTEX_POINT('',#4382);
#1306=VERTEX_POINT('',#4384);
#1307=VERTEX_POINT('',#4386);
#1308=VERTEX_POINT('',#4388);
#1309=VERTEX_POINT('',#4390);
#1310=VERTEX_POINT('',#4392);
#1311=VERTEX_POINT('',#4394);
#1312=VERTEX_POINT('',#4396);
#1313=VERTEX_POINT('',#4398);
#1314=VERTEX_POINT('',#4402);
#1315=VERTEX_POINT('',#4403);
#1316=VERTEX_POINT('',#4405);
#1317=VERTEX_POINT('',#4408);
#1318=VERTEX_POINT('',#4412);
#1319=VERTEX_POINT('',#4413);
#1320=VERTEX_POINT('',#4415);
#1321=VERTEX_POINT('',#4417);
#1322=VERTEX_POINT('',#4419);
#1323=VERTEX_POINT('',#4421);
#1324=VERTEX_POINT('',#4423);
#1325=VERTEX_POINT('',#4426);
#1326=VERTEX_POINT('',#4428);
#1327=VERTEX_POINT('',#4430);
#1328=VERTEX_POINT('',#4437);
#1329=VERTEX_POINT('',#4460);
#1330=VERTEX_POINT('',#4461);
#1331=VERTEX_POINT('',#4463);
#1332=VERTEX_POINT('',#4465);
#1333=VERTEX_POINT('',#4469);
#1334=VERTEX_POINT('',#4471);
#1335=VERTEX_POINT('',#4475);
#1336=VERTEX_POINT('',#4479);
#1337=VERTEX_POINT('',#4483);
#1338=VERTEX_POINT('',#4484);
#1339=VERTEX_POINT('',#4486);
#1340=VERTEX_POINT('',#4488);
#1341=VERTEX_POINT('',#4491);
#1342=VERTEX_POINT('',#4492);
#1343=VERTEX_POINT('',#4494);
#1344=VERTEX_POINT('',#4496);
#1345=VERTEX_POINT('',#4500);
#1346=VERTEX_POINT('',#4502);
#1347=VERTEX_POINT('',#4504);
#1348=VERTEX_POINT('',#4506);
#1349=VERTEX_POINT('',#4509);
#1350=VERTEX_POINT('',#4510);
#1351=VERTEX_POINT('',#4512);
#1352=VERTEX_POINT('',#4514);
#1353=VERTEX_POINT('',#4526);
#1354=VERTEX_POINT('',#4527);
#1355=VERTEX_POINT('',#4529);
#1356=VERTEX_POINT('',#4531);
#1357=VERTEX_POINT('',#4535);
#1358=VERTEX_POINT('',#4537);
#1359=VERTEX_POINT('',#4541);
#1360=VERTEX_POINT('',#4543);
#1361=VERTEX_POINT('',#4550);
#1362=VERTEX_POINT('',#4551);
#1363=VERTEX_POINT('',#4553);
#1364=VERTEX_POINT('',#4555);
#1365=VERTEX_POINT('',#4559);
#1366=VERTEX_POINT('',#4561);
#1367=VERTEX_POINT('',#4565);
#1368=VERTEX_POINT('',#4567);
#1369=VERTEX_POINT('',#4574);
#1370=VERTEX_POINT('',#4575);
#1371=VERTEX_POINT('',#4577);
#1372=VERTEX_POINT('',#4581);
#1373=VERTEX_POINT('',#4583);
#1374=VERTEX_POINT('',#4587);
#1375=VERTEX_POINT('',#4589);
#1376=VERTEX_POINT('',#4591);
#1377=VERTEX_POINT('',#4595);
#1378=VERTEX_POINT('',#4596);
#1379=VERTEX_POINT('',#4598);
#1380=VERTEX_POINT('',#4600);
#1381=VERTEX_POINT('',#4602);
#1382=VERTEX_POINT('',#4604);
#1383=VERTEX_POINT('',#4606);
#1384=VERTEX_POINT('',#4608);
#1385=VERTEX_POINT('',#4611);
#1386=VERTEX_POINT('',#4613);
#1387=VERTEX_POINT('',#4617);
#1388=VERTEX_POINT('',#4619);
#1389=VERTEX_POINT('',#4623);
#1390=VERTEX_POINT('',#4625);
#1391=VERTEX_POINT('',#4629);
#1392=VERTEX_POINT('',#4635);
#1393=VERTEX_POINT('',#4639);
#1394=VERTEX_POINT('',#4643);
#1395=VERTEX_POINT('',#4647);
#1396=VERTEX_POINT('',#4649);
#1397=VERTEX_POINT('',#4659);
#1398=VERTEX_POINT('',#4660);
#1399=VERTEX_POINT('',#4665);
#1400=VERTEX_POINT('',#4667);
#1401=VERTEX_POINT('',#4671);
#1402=VERTEX_POINT('',#4672);
#1403=VERTEX_POINT('',#4681);
#1404=VERTEX_POINT('',#4682);
#1405=EDGE_CURVE('',#1133,#1134,#405,.T.);
#1406=EDGE_CURVE('',#1135,#1133,#406,.T.);
#1407=EDGE_CURVE('',#1136,#1135,#407,.T.);
#1408=EDGE_CURVE('',#1137,#1136,#408,.T.);
#1409=EDGE_CURVE('',#1137,#1138,#409,.T.);
#1410=EDGE_CURVE('',#1138,#1139,#410,.T.);
#1411=EDGE_CURVE('',#1139,#1140,#411,.T.);
#1412=EDGE_CURVE('',#1140,#1141,#361,.T.);
#1413=EDGE_CURVE('',#1142,#1141,#412,.T.);
#1414=EDGE_CURVE('',#1143,#1142,#413,.T.);
#1415=EDGE_CURVE('',#1144,#1143,#362,.T.);
#1416=EDGE_CURVE('',#1144,#1145,#414,.T.);
#1417=EDGE_CURVE('',#1145,#1134,#415,.T.);
#1418=EDGE_CURVE('',#1146,#1147,#416,.T.);
#1419=EDGE_CURVE('',#1147,#1148,#417,.T.);
#1420=EDGE_CURVE('',#1135,#1148,#418,.T.);
#1421=EDGE_CURVE('',#1149,#1133,#419,.T.);
#1422=EDGE_CURVE('',#1146,#1149,#420,.T.);
#1423=EDGE_CURVE('',#1150,#1151,#421,.T.);
#1424=EDGE_CURVE('',#1152,#1150,#363,.T.);
#1425=EDGE_CURVE('',#1153,#1152,#422,.T.);
#1426=EDGE_CURVE('',#1154,#1153,#423,.T.);
#1427=EDGE_CURVE('',#1155,#1154,#424,.T.);
#1428=EDGE_CURVE('',#1156,#1155,#425,.T.);
#1429=EDGE_CURVE('',#1156,#1148,#426,.T.);
#1430=EDGE_CURVE('',#1157,#1147,#427,.T.);
#1431=EDGE_CURVE('',#1158,#1157,#428,.T.);
#1432=EDGE_CURVE('',#1158,#1159,#364,.T.);
#1433=EDGE_CURVE('',#1159,#1151,#429,.T.);
#1434=EDGE_CURVE('',#1141,#1150,#430,.T.);
#1435=EDGE_CURVE('',#1152,#1140,#431,.T.);
#1436=EDGE_CURVE('',#1146,#1160,#432,.T.);
#1437=EDGE_CURVE('',#1160,#1149,#433,.T.);
#1438=EDGE_CURVE('',#1160,#1134,#434,.T.);
#1439=EDGE_CURVE('',#1145,#1157,#435,.T.);
#1440=EDGE_CURVE('',#1151,#1142,#436,.T.);
#1441=EDGE_CURVE('',#1143,#1159,#437,.T.);
#1442=EDGE_CURVE('',#1144,#1158,#438,.T.);
#1443=EDGE_CURVE('',#1153,#1139,#439,.T.);
#1444=EDGE_CURVE('',#1154,#1138,#440,.T.);
#1445=EDGE_CURVE('',#1136,#1156,#441,.T.);
#1446=EDGE_CURVE('',#1155,#1137,#442,.T.);
#1447=EDGE_CURVE('',#1161,#1162,#443,.T.);
#1448=EDGE_CURVE('',#1163,#1161,#444,.T.);
#1449=EDGE_CURVE('',#1164,#1163,#445,.T.);
#1450=EDGE_CURVE('',#1165,#1164,#446,.T.);
#1451=EDGE_CURVE('',#1165,#1166,#447,.T.);
#1452=EDGE_CURVE('',#1166,#1167,#448,.T.);
#1453=EDGE_CURVE('',#1167,#1168,#449,.T.);
#1454=EDGE_CURVE('',#1168,#1169,#365,.T.);
#1455=EDGE_CURVE('',#1170,#1169,#450,.T.);
#1456=EDGE_CURVE('',#1171,#1170,#451,.T.);
#1457=EDGE_CURVE('',#1172,#1171,#366,.T.);
#1458=EDGE_CURVE('',#1172,#1173,#452,.T.);
#1459=EDGE_CURVE('',#1173,#1162,#453,.T.);
#1460=EDGE_CURVE('',#1174,#1175,#454,.T.);
#1461=EDGE_CURVE('',#1175,#1176,#455,.T.);
#1462=EDGE_CURVE('',#1163,#1176,#456,.T.);
#1463=EDGE_CURVE('',#1177,#1161,#457,.T.);
#1464=EDGE_CURVE('',#1174,#1177,#458,.T.);
#1465=EDGE_CURVE('',#1178,#1179,#459,.T.);
#1466=EDGE_CURVE('',#1180,#1178,#367,.T.);
#1467=EDGE_CURVE('',#1181,#1180,#460,.T.);
#1468=EDGE_CURVE('',#1182,#1181,#461,.T.);
#1469=EDGE_CURVE('',#1183,#1182,#462,.T.);
#1470=EDGE_CURVE('',#1184,#1183,#463,.T.);
#1471=EDGE_CURVE('',#1184,#1176,#464,.T.);
#1472=EDGE_CURVE('',#1185,#1175,#465,.T.);
#1473=EDGE_CURVE('',#1186,#1185,#466,.T.);
#1474=EDGE_CURVE('',#1186,#1187,#368,.T.);
#1475=EDGE_CURVE('',#1187,#1179,#467,.T.);
#1476=EDGE_CURVE('',#1169,#1178,#468,.T.);
#1477=EDGE_CURVE('',#1180,#1168,#469,.T.);
#1478=EDGE_CURVE('',#1174,#1188,#470,.T.);
#1479=EDGE_CURVE('',#1188,#1177,#471,.T.);
#1480=EDGE_CURVE('',#1188,#1162,#472,.T.);
#1481=EDGE_CURVE('',#1173,#1185,#473,.T.);
#1482=EDGE_CURVE('',#1179,#1170,#474,.T.);
#1483=EDGE_CURVE('',#1171,#1187,#475,.T.);
#1484=EDGE_CURVE('',#1172,#1186,#476,.T.);
#1485=EDGE_CURVE('',#1181,#1167,#477,.T.);
#1486=EDGE_CURVE('',#1182,#1166,#478,.T.);
#1487=EDGE_CURVE('',#1164,#1184,#479,.T.);
#1488=EDGE_CURVE('',#1183,#1165,#480,.T.);
#1489=EDGE_CURVE('',#1189,#1190,#481,.T.);
#1490=EDGE_CURVE('',#1191,#1189,#482,.T.);
#1491=EDGE_CURVE('',#1192,#1191,#483,.T.);
#1492=EDGE_CURVE('',#1193,#1192,#484,.T.);
#1493=EDGE_CURVE('',#1193,#1194,#485,.T.);
#1494=EDGE_CURVE('',#1194,#1195,#486,.T.);
#1495=EDGE_CURVE('',#1195,#1196,#487,.T.);
#1496=EDGE_CURVE('',#1196,#1197,#369,.T.);
#1497=EDGE_CURVE('',#1198,#1197,#488,.T.);
#1498=EDGE_CURVE('',#1199,#1198,#489,.T.);
#1499=EDGE_CURVE('',#1200,#1199,#370,.T.);
#1500=EDGE_CURVE('',#1200,#1201,#490,.T.);
#1501=EDGE_CURVE('',#1201,#1190,#491,.T.);
#1502=EDGE_CURVE('',#1202,#1203,#492,.T.);
#1503=EDGE_CURVE('',#1203,#1204,#493,.T.);
#1504=EDGE_CURVE('',#1191,#1204,#494,.T.);
#1505=EDGE_CURVE('',#1205,#1189,#495,.T.);
#1506=EDGE_CURVE('',#1202,#1205,#496,.T.);
#1507=EDGE_CURVE('',#1206,#1207,#497,.T.);
#1508=EDGE_CURVE('',#1208,#1206,#371,.T.);
#1509=EDGE_CURVE('',#1209,#1208,#498,.T.);
#1510=EDGE_CURVE('',#1210,#1209,#499,.T.);
#1511=EDGE_CURVE('',#1211,#1210,#500,.T.);
#1512=EDGE_CURVE('',#1212,#1211,#501,.T.);
#1513=EDGE_CURVE('',#1212,#1204,#502,.T.);
#1514=EDGE_CURVE('',#1213,#1203,#503,.T.);
#1515=EDGE_CURVE('',#1214,#1213,#504,.T.);
#1516=EDGE_CURVE('',#1214,#1215,#372,.T.);
#1517=EDGE_CURVE('',#1215,#1207,#505,.T.);
#1518=EDGE_CURVE('',#1197,#1206,#506,.T.);
#1519=EDGE_CURVE('',#1208,#1196,#507,.T.);
#1520=EDGE_CURVE('',#1202,#1216,#508,.T.);
#1521=EDGE_CURVE('',#1216,#1205,#509,.T.);
#1522=EDGE_CURVE('',#1216,#1190,#510,.T.);
#1523=EDGE_CURVE('',#1201,#1213,#511,.T.);
#1524=EDGE_CURVE('',#1207,#1198,#512,.T.);
#1525=EDGE_CURVE('',#1199,#1215,#513,.T.);
#1526=EDGE_CURVE('',#1200,#1214,#514,.T.);
#1527=EDGE_CURVE('',#1209,#1195,#515,.T.);
#1528=EDGE_CURVE('',#1210,#1194,#516,.T.);
#1529=EDGE_CURVE('',#1192,#1212,#517,.T.);
#1530=EDGE_CURVE('',#1211,#1193,#518,.T.);
#1531=EDGE_CURVE('',#1217,#1218,#519,.T.);
#1532=EDGE_CURVE('',#1219,#1217,#520,.T.);
#1533=EDGE_CURVE('',#1220,#1219,#521,.T.);
#1534=EDGE_CURVE('',#1221,#1220,#522,.T.);
#1535=EDGE_CURVE('',#1221,#1222,#523,.T.);
#1536=EDGE_CURVE('',#1222,#1223,#524,.T.);
#1537=EDGE_CURVE('',#1223,#1224,#525,.T.);
#1538=EDGE_CURVE('',#1224,#1225,#373,.T.);
#1539=EDGE_CURVE('',#1226,#1225,#526,.T.);
#1540=EDGE_CURVE('',#1227,#1226,#527,.T.);
#1541=EDGE_CURVE('',#1228,#1227,#374,.T.);
#1542=EDGE_CURVE('',#1228,#1229,#528,.T.);
#1543=EDGE_CURVE('',#1229,#1218,#529,.T.);
#1544=EDGE_CURVE('',#1230,#1231,#530,.T.);
#1545=EDGE_CURVE('',#1231,#1232,#531,.T.);
#1546=EDGE_CURVE('',#1219,#1232,#532,.T.);
#1547=EDGE_CURVE('',#1233,#1217,#533,.T.);
#1548=EDGE_CURVE('',#1230,#1233,#534,.T.);
#1549=EDGE_CURVE('',#1234,#1235,#535,.T.);
#1550=EDGE_CURVE('',#1236,#1234,#536,.T.);
#1551=EDGE_CURVE('',#1237,#1236,#537,.T.);
#1552=EDGE_CURVE('',#1238,#1237,#538,.T.);
#1553=EDGE_CURVE('',#1238,#1239,#539,.T.);
#1554=EDGE_CURVE('',#1239,#1240,#540,.T.);
#1555=EDGE_CURVE('',#1240,#1241,#541,.T.);
#1556=EDGE_CURVE('',#1241,#1242,#375,.T.);
#1557=EDGE_CURVE('',#1243,#1242,#542,.T.);
#1558=EDGE_CURVE('',#1244,#1243,#543,.T.);
#1559=EDGE_CURVE('',#1245,#1244,#376,.T.);
#1560=EDGE_CURVE('',#1245,#1246,#544,.T.);
#1561=EDGE_CURVE('',#1246,#1235,#545,.T.);
#1562=EDGE_CURVE('',#1247,#1248,#546,.T.);
#1563=EDGE_CURVE('',#1248,#1249,#547,.T.);
#1564=EDGE_CURVE('',#1236,#1249,#548,.T.);
#1565=EDGE_CURVE('',#1250,#1234,#549,.T.);
#1566=EDGE_CURVE('',#1247,#1250,#550,.T.);
#1567=EDGE_CURVE('',#1251,#1252,#551,.T.);
#1568=EDGE_CURVE('',#1253,#1251,#552,.T.);
#1569=EDGE_CURVE('',#1254,#1253,#553,.T.);
#1570=EDGE_CURVE('',#1255,#1254,#554,.T.);
#1571=EDGE_CURVE('',#1255,#1256,#555,.T.);
#1572=EDGE_CURVE('',#1256,#1257,#556,.T.);
#1573=EDGE_CURVE('',#1257,#1258,#557,.T.);
#1574=EDGE_CURVE('',#1258,#1259,#377,.T.);
#1575=EDGE_CURVE('',#1260,#1259,#558,.T.);
#1576=EDGE_CURVE('',#1261,#1260,#559,.T.);
#1577=EDGE_CURVE('',#1262,#1261,#378,.T.);
#1578=EDGE_CURVE('',#1262,#1263,#560,.T.);
#1579=EDGE_CURVE('',#1263,#1252,#561,.T.);
#1580=EDGE_CURVE('',#1264,#1265,#562,.T.);
#1581=EDGE_CURVE('',#1265,#1266,#563,.T.);
#1582=EDGE_CURVE('',#1253,#1266,#564,.T.);
#1583=EDGE_CURVE('',#1267,#1251,#565,.T.);
#1584=EDGE_CURVE('',#1264,#1267,#566,.T.);
#1585=EDGE_CURVE('',#1268,#1269,#567,.T.);
#1586=EDGE_CURVE('',#1270,#1268,#379,.T.);
#1587=EDGE_CURVE('',#1271,#1270,#568,.T.);
#1588=EDGE_CURVE('',#1272,#1271,#569,.T.);
#1589=EDGE_CURVE('',#1273,#1272,#570,.T.);
#1590=EDGE_CURVE('',#1274,#1273,#571,.T.);
#1591=EDGE_CURVE('',#1274,#1232,#572,.T.);
#1592=EDGE_CURVE('',#1275,#1231,#573,.T.);
#1593=EDGE_CURVE('',#1276,#1275,#574,.T.);
#1594=EDGE_CURVE('',#1276,#1277,#380,.T.);
#1595=EDGE_CURVE('',#1277,#1269,#575,.T.);
#1596=EDGE_CURVE('',#1225,#1268,#576,.T.);
#1597=EDGE_CURVE('',#1270,#1224,#577,.T.);
#1598=EDGE_CURVE('',#1230,#1278,#578,.T.);
#1599=EDGE_CURVE('',#1278,#1233,#579,.T.);
#1600=EDGE_CURVE('',#1278,#1218,#580,.T.);
#1601=EDGE_CURVE('',#1229,#1275,#581,.T.);
#1602=EDGE_CURVE('',#1269,#1226,#582,.T.);
#1603=EDGE_CURVE('',#1227,#1277,#583,.T.);
#1604=EDGE_CURVE('',#1228,#1276,#584,.T.);
#1605=EDGE_CURVE('',#1271,#1223,#585,.T.);
#1606=EDGE_CURVE('',#1272,#1222,#586,.T.);
#1607=EDGE_CURVE('',#1220,#1274,#587,.T.);
#1608=EDGE_CURVE('',#1273,#1221,#588,.T.);
#1609=EDGE_CURVE('',#1279,#1280,#589,.T.);
#1610=EDGE_CURVE('',#1281,#1279,#381,.T.);
#1611=EDGE_CURVE('',#1282,#1281,#590,.T.);
#1612=EDGE_CURVE('',#1283,#1282,#591,.T.);
#1613=EDGE_CURVE('',#1284,#1283,#592,.T.);
#1614=EDGE_CURVE('',#1285,#1284,#593,.T.);
#1615=EDGE_CURVE('',#1285,#1249,#594,.T.);
#1616=EDGE_CURVE('',#1286,#1248,#595,.T.);
#1617=EDGE_CURVE('',#1287,#1286,#596,.T.);
#1618=EDGE_CURVE('',#1287,#1288,#382,.T.);
#1619=EDGE_CURVE('',#1288,#1280,#597,.T.);
#1620=EDGE_CURVE('',#1242,#1279,#598,.T.);
#1621=EDGE_CURVE('',#1281,#1241,#599,.T.);
#1622=EDGE_CURVE('',#1247,#1289,#600,.T.);
#1623=EDGE_CURVE('',#1289,#1250,#601,.T.);
#1624=EDGE_CURVE('',#1289,#1235,#602,.T.);
#1625=EDGE_CURVE('',#1246,#1286,#603,.T.);
#1626=EDGE_CURVE('',#1280,#1243,#604,.T.);
#1627=EDGE_CURVE('',#1244,#1288,#605,.T.);
#1628=EDGE_CURVE('',#1245,#1287,#606,.T.);
#1629=EDGE_CURVE('',#1282,#1240,#607,.T.);
#1630=EDGE_CURVE('',#1283,#1239,#608,.T.);
#1631=EDGE_CURVE('',#1237,#1285,#609,.T.);
#1632=EDGE_CURVE('',#1284,#1238,#610,.T.);
#1633=EDGE_CURVE('',#1290,#1291,#611,.T.);
#1634=EDGE_CURVE('',#1292,#1290,#383,.T.);
#1635=EDGE_CURVE('',#1293,#1292,#612,.T.);
#1636=EDGE_CURVE('',#1294,#1293,#613,.T.);
#1637=EDGE_CURVE('',#1295,#1294,#614,.T.);
#1638=EDGE_CURVE('',#1296,#1295,#615,.T.);
#1639=EDGE_CURVE('',#1296,#1266,#616,.T.);
#1640=EDGE_CURVE('',#1297,#1265,#617,.T.);
#1641=EDGE_CURVE('',#1298,#1297,#618,.T.);
#1642=EDGE_CURVE('',#1298,#1299,#384,.T.);
#1643=EDGE_CURVE('',#1299,#1291,#619,.T.);
#1644=EDGE_CURVE('',#1259,#1290,#620,.T.);
#1645=EDGE_CURVE('',#1292,#1258,#621,.T.);
#1646=EDGE_CURVE('',#1264,#1300,#622,.T.);
#1647=EDGE_CURVE('',#1300,#1267,#623,.T.);
#1648=EDGE_CURVE('',#1300,#1252,#624,.T.);
#1649=EDGE_CURVE('',#1263,#1297,#625,.T.);
#1650=EDGE_CURVE('',#1291,#1260,#626,.T.);
#1651=EDGE_CURVE('',#1261,#1299,#627,.T.);
#1652=EDGE_CURVE('',#1262,#1298,#628,.T.);
#1653=EDGE_CURVE('',#1293,#1257,#629,.T.);
#1654=EDGE_CURVE('',#1294,#1256,#630,.T.);
#1655=EDGE_CURVE('',#1254,#1296,#631,.T.);
#1656=EDGE_CURVE('',#1295,#1255,#632,.T.);
#1657=EDGE_CURVE('',#1301,#1302,#633,.T.);
#1658=EDGE_CURVE('',#1303,#1301,#634,.T.);
#1659=EDGE_CURVE('',#1304,#1303,#635,.T.);
#1660=EDGE_CURVE('',#1305,#1304,#636,.T.);
#1661=EDGE_CURVE('',#1305,#1306,#637,.T.);
#1662=EDGE_CURVE('',#1306,#1307,#638,.T.);
#1663=EDGE_CURVE('',#1307,#1308,#639,.T.);
#1664=EDGE_CURVE('',#1308,#1309,#385,.T.);
#1665=EDGE_CURVE('',#1310,#1309,#640,.T.);
#1666=EDGE_CURVE('',#1311,#1310,#641,.T.);
#1667=EDGE_CURVE('',#1312,#1311,#386,.T.);
#1668=EDGE_CURVE('',#1312,#1313,#642,.T.);
#1669=EDGE_CURVE('',#1313,#1302,#643,.T.);
#1670=EDGE_CURVE('',#1314,#1315,#644,.T.);
#1671=EDGE_CURVE('',#1315,#1316,#645,.T.);
#1672=EDGE_CURVE('',#1303,#1316,#646,.T.);
#1673=EDGE_CURVE('',#1317,#1301,#647,.T.);
#1674=EDGE_CURVE('',#1314,#1317,#648,.T.);
#1675=EDGE_CURVE('',#1318,#1319,#649,.T.);
#1676=EDGE_CURVE('',#1320,#1318,#387,.T.);
#1677=EDGE_CURVE('',#1321,#1320,#650,.T.);
#1678=EDGE_CURVE('',#1322,#1321,#651,.T.);
#1679=EDGE_CURVE('',#1323,#1322,#652,.T.);
#1680=EDGE_CURVE('',#1324,#1323,#653,.T.);
#1681=EDGE_CURVE('',#1324,#1316,#654,.T.);
#1682=EDGE_CURVE('',#1325,#1315,#655,.T.);
#1683=EDGE_CURVE('',#1326,#1325,#656,.T.);
#1684=EDGE_CURVE('',#1326,#1327,#388,.T.);
#1685=EDGE_CURVE('',#1327,#1319,#657,.T.);
#1686=EDGE_CURVE('',#1309,#1318,#658,.T.);
#1687=EDGE_CURVE('',#1320,#1308,#659,.T.);
#1688=EDGE_CURVE('',#1314,#1328,#660,.T.);
#1689=EDGE_CURVE('',#1328,#1317,#661,.T.);
#1690=EDGE_CURVE('',#1328,#1302,#662,.T.);
#1691=EDGE_CURVE('',#1313,#1325,#663,.T.);
#1692=EDGE_CURVE('',#1319,#1310,#664,.T.);
#1693=EDGE_CURVE('',#1311,#1327,#665,.T.);
#1694=EDGE_CURVE('',#1312,#1326,#666,.T.);
#1695=EDGE_CURVE('',#1321,#1307,#667,.T.);
#1696=EDGE_CURVE('',#1322,#1306,#668,.T.);
#1697=EDGE_CURVE('',#1304,#1324,#669,.T.);
#1698=EDGE_CURVE('',#1323,#1305,#670,.T.);
#1699=EDGE_CURVE('',#1329,#1330,#671,.T.);
#1700=EDGE_CURVE('',#1331,#1329,#672,.T.);
#1701=EDGE_CURVE('',#1332,#1331,#673,.T.);
#1702=EDGE_CURVE('',#1330,#1332,#674,.T.);
#1703=EDGE_CURVE('',#1333,#1331,#675,.T.);
#1704=EDGE_CURVE('',#1333,#1334,#676,.T.);
#1705=EDGE_CURVE('',#1334,#1332,#677,.T.);
#1706=EDGE_CURVE('',#1330,#1335,#678,.T.);
#1707=EDGE_CURVE('',#1335,#1334,#679,.T.);
#1708=EDGE_CURVE('',#1335,#1336,#680,.T.);
#1709=EDGE_CURVE('',#1336,#1333,#681,.T.);
#1710=EDGE_CURVE('',#1337,#1338,#682,.T.);
#1711=EDGE_CURVE('',#1337,#1339,#683,.T.);
#1712=EDGE_CURVE('',#1339,#1340,#684,.T.);
#1713=EDGE_CURVE('',#1338,#1340,#685,.T.);
#1714=EDGE_CURVE('',#1341,#1342,#686,.T.);
#1715=EDGE_CURVE('',#1342,#1343,#389,.T.);
#1716=EDGE_CURVE('',#1343,#1344,#687,.T.);
#1717=EDGE_CURVE('',#1344,#1341,#390,.T.);
#1718=EDGE_CURVE('',#1336,#1345,#688,.T.);
#1719=EDGE_CURVE('',#1346,#1345,#689,.T.);
#1720=EDGE_CURVE('',#1347,#1346,#690,.T.);
#1721=EDGE_CURVE('',#1347,#1348,#691,.T.);
#1722=EDGE_CURVE('',#1348,#1329,#692,.T.);
#1723=EDGE_CURVE('',#1349,#1350,#693,.T.);
#1724=EDGE_CURVE('',#1350,#1351,#391,.T.);
#1725=EDGE_CURVE('',#1351,#1352,#694,.T.);
#1726=EDGE_CURVE('',#1352,#1349,#392,.T.);
#1727=EDGE_CURVE('',#1341,#1350,#695,.T.);
#1728=EDGE_CURVE('',#1342,#1349,#696,.T.);
#1729=EDGE_CURVE('',#1344,#1351,#697,.T.);
#1730=EDGE_CURVE('',#1343,#1352,#698,.T.);
#1731=EDGE_CURVE('',#1353,#1354,#699,.T.);
#1732=EDGE_CURVE('',#1353,#1355,#700,.T.);
#1733=EDGE_CURVE('',#1356,#1355,#701,.T.);
#1734=EDGE_CURVE('',#1354,#1356,#702,.T.);
#1735=EDGE_CURVE('',#1357,#1353,#393,.T.);
#1736=EDGE_CURVE('',#1357,#1358,#703,.T.);
#1737=EDGE_CURVE('',#1355,#1358,#394,.T.);
#1738=EDGE_CURVE('',#1359,#1357,#704,.T.);
#1739=EDGE_CURVE('',#1359,#1360,#705,.T.);
#1740=EDGE_CURVE('',#1358,#1360,#706,.T.);
#1741=EDGE_CURVE('',#1354,#1359,#395,.T.);
#1742=EDGE_CURVE('',#1360,#1356,#396,.T.);
#1743=EDGE_CURVE('',#1361,#1362,#707,.T.);
#1744=EDGE_CURVE('',#1361,#1363,#708,.T.);
#1745=EDGE_CURVE('',#1364,#1363,#709,.T.);
#1746=EDGE_CURVE('',#1362,#1364,#710,.T.);
#1747=EDGE_CURVE('',#1365,#1361,#397,.T.);
#1748=EDGE_CURVE('',#1365,#1366,#711,.T.);
#1749=EDGE_CURVE('',#1363,#1366,#398,.T.);
#1750=EDGE_CURVE('',#1367,#1365,#712,.T.);
#1751=EDGE_CURVE('',#1367,#1368,#713,.T.);
#1752=EDGE_CURVE('',#1366,#1368,#714,.T.);
#1753=EDGE_CURVE('',#1362,#1367,#399,.T.);
#1754=EDGE_CURVE('',#1368,#1364,#400,.T.);
#1755=EDGE_CURVE('',#1369,#1370,#715,.T.);
#1756=EDGE_CURVE('',#1369,#1371,#716,.T.);
#1757=EDGE_CURVE('',#1370,#1371,#717,.T.);
#1758=EDGE_CURVE('',#1370,#1372,#718,.T.);
#1759=EDGE_CURVE('',#1371,#1373,#719,.T.);
#1760=EDGE_CURVE('',#1373,#1372,#720,.T.);
#1761=EDGE_CURVE('',#1374,#1372,#721,.T.);
#1762=EDGE_CURVE('',#1374,#1375,#722,.T.);
#1763=EDGE_CURVE('',#1375,#1376,#723,.T.);
#1764=EDGE_CURVE('',#1369,#1376,#724,.T.);
#1765=EDGE_CURVE('',#1377,#1378,#725,.T.);
#1766=EDGE_CURVE('',#1379,#1377,#401,.T.);
#1767=EDGE_CURVE('',#1380,#1379,#726,.T.);
#1768=EDGE_CURVE('',#1381,#1380,#727,.T.);
#1769=EDGE_CURVE('',#1382,#1381,#728,.T.);
#1770=EDGE_CURVE('',#1383,#1382,#729,.T.);
#1771=EDGE_CURVE('',#1383,#1384,#730,.T.);
#1772=EDGE_CURVE('',#1376,#1384,#731,.T.);
#1773=EDGE_CURVE('',#1385,#1375,#732,.T.);
#1774=EDGE_CURVE('',#1385,#1386,#402,.T.);
#1775=EDGE_CURVE('',#1386,#1378,#733,.T.);
#1776=EDGE_CURVE('',#1387,#1377,#734,.T.);
#1777=EDGE_CURVE('',#1388,#1387,#403,.T.);
#1778=EDGE_CURVE('',#1379,#1388,#735,.T.);
#1779=EDGE_CURVE('',#1378,#1389,#736,.T.);
#1780=EDGE_CURVE('',#1390,#1386,#737,.T.);
#1781=EDGE_CURVE('',#1390,#1389,#738,.T.);
#1782=EDGE_CURVE('',#1391,#1374,#739,.T.);
#1783=EDGE_CURVE('',#1391,#1385,#740,.T.);
#1784=EDGE_CURVE('',#1391,#1390,#404,.T.);
#1785=EDGE_CURVE('',#1392,#1388,#741,.T.);
#1786=EDGE_CURVE('',#1380,#1392,#742,.T.);
#1787=EDGE_CURVE('',#1393,#1392,#743,.T.);
#1788=EDGE_CURVE('',#1381,#1393,#744,.T.);
#1789=EDGE_CURVE('',#1394,#1373,#745,.T.);
#1790=EDGE_CURVE('',#1394,#1384,#746,.T.);
#1791=EDGE_CURVE('',#1395,#1394,#747,.T.);
#1792=EDGE_CURVE('',#1396,#1395,#748,.T.);
#1793=EDGE_CURVE('',#1396,#1393,#749,.T.);
#1794=EDGE_CURVE('',#1389,#1387,#750,.T.);
#1795=EDGE_CURVE('',#1395,#1383,#751,.T.);
#1796=EDGE_CURVE('',#1382,#1396,#752,.T.);
#1797=EDGE_CURVE('',#1397,#1398,#753,.T.);
#1798=EDGE_CURVE('',#1398,#1346,#754,.T.);
#1799=EDGE_CURVE('',#1345,#1397,#755,.T.);
#1800=EDGE_CURVE('',#1340,#1399,#756,.T.);
#1801=EDGE_CURVE('',#1399,#1400,#757,.T.);
#1802=EDGE_CURVE('',#1400,#1338,#758,.T.);
#1803=EDGE_CURVE('',#1401,#1402,#759,.T.);
#1804=EDGE_CURVE('',#1402,#1398,#760,.T.);
#1805=EDGE_CURVE('',#1401,#1397,#761,.T.);
#1806=EDGE_CURVE('',#1348,#1401,#762,.T.);
#1807=EDGE_CURVE('',#1402,#1347,#763,.T.);
#1808=EDGE_CURVE('',#1403,#1404,#764,.T.);
#1809=EDGE_CURVE('',#1404,#1400,#765,.T.);
#1810=EDGE_CURVE('',#1403,#1399,#766,.T.);
#1811=EDGE_CURVE('',#1339,#1403,#767,.T.);
#1812=EDGE_CURVE('',#1404,#1337,#768,.T.);
#1813=ORIENTED_EDGE('',*,*,#1405,.F.);
#1814=ORIENTED_EDGE('',*,*,#1406,.F.);
#1815=ORIENTED_EDGE('',*,*,#1407,.F.);
#1816=ORIENTED_EDGE('',*,*,#1408,.F.);
#1817=ORIENTED_EDGE('',*,*,#1409,.T.);
#1818=ORIENTED_EDGE('',*,*,#1410,.T.);
#1819=ORIENTED_EDGE('',*,*,#1411,.T.);
#1820=ORIENTED_EDGE('',*,*,#1412,.T.);
#1821=ORIENTED_EDGE('',*,*,#1413,.F.);
#1822=ORIENTED_EDGE('',*,*,#1414,.F.);
#1823=ORIENTED_EDGE('',*,*,#1415,.F.);
#1824=ORIENTED_EDGE('',*,*,#1416,.T.);
#1825=ORIENTED_EDGE('',*,*,#1417,.T.);
#1826=ORIENTED_EDGE('',*,*,#1418,.T.);
#1827=ORIENTED_EDGE('',*,*,#1419,.T.);
#1828=ORIENTED_EDGE('',*,*,#1420,.F.);
#1829=ORIENTED_EDGE('',*,*,#1406,.T.);
#1830=ORIENTED_EDGE('',*,*,#1421,.F.);
#1831=ORIENTED_EDGE('',*,*,#1422,.F.);
#1832=ORIENTED_EDGE('',*,*,#1423,.F.);
#1833=ORIENTED_EDGE('',*,*,#1424,.F.);
#1834=ORIENTED_EDGE('',*,*,#1425,.F.);
#1835=ORIENTED_EDGE('',*,*,#1426,.F.);
#1836=ORIENTED_EDGE('',*,*,#1427,.F.);
#1837=ORIENTED_EDGE('',*,*,#1428,.F.);
#1838=ORIENTED_EDGE('',*,*,#1429,.T.);
#1839=ORIENTED_EDGE('',*,*,#1419,.F.);
#1840=ORIENTED_EDGE('',*,*,#1430,.F.);
#1841=ORIENTED_EDGE('',*,*,#1431,.F.);
#1842=ORIENTED_EDGE('',*,*,#1432,.T.);
#1843=ORIENTED_EDGE('',*,*,#1433,.T.);
#1844=ORIENTED_EDGE('',*,*,#1434,.F.);
#1845=ORIENTED_EDGE('',*,*,#1412,.F.);
#1846=ORIENTED_EDGE('',*,*,#1435,.F.);
#1847=ORIENTED_EDGE('',*,*,#1424,.T.);
#1848=ORIENTED_EDGE('',*,*,#1436,.F.);
#1849=ORIENTED_EDGE('',*,*,#1422,.T.);
#1850=ORIENTED_EDGE('',*,*,#1437,.F.);
#1851=ORIENTED_EDGE('',*,*,#1438,.F.);
#1852=ORIENTED_EDGE('',*,*,#1437,.T.);
#1853=ORIENTED_EDGE('',*,*,#1421,.T.);
#1854=ORIENTED_EDGE('',*,*,#1405,.T.);
#1855=ORIENTED_EDGE('',*,*,#1436,.T.);
#1856=ORIENTED_EDGE('',*,*,#1438,.T.);
#1857=ORIENTED_EDGE('',*,*,#1417,.F.);
#1858=ORIENTED_EDGE('',*,*,#1439,.T.);
#1859=ORIENTED_EDGE('',*,*,#1430,.T.);
#1860=ORIENTED_EDGE('',*,*,#1418,.F.);
#1861=ORIENTED_EDGE('',*,*,#1440,.F.);
#1862=ORIENTED_EDGE('',*,*,#1433,.F.);
#1863=ORIENTED_EDGE('',*,*,#1441,.F.);
#1864=ORIENTED_EDGE('',*,*,#1414,.T.);
#1865=ORIENTED_EDGE('',*,*,#1439,.F.);
#1866=ORIENTED_EDGE('',*,*,#1416,.F.);
#1867=ORIENTED_EDGE('',*,*,#1442,.T.);
#1868=ORIENTED_EDGE('',*,*,#1431,.T.);
#1869=ORIENTED_EDGE('',*,*,#1441,.T.);
#1870=ORIENTED_EDGE('',*,*,#1432,.F.);
#1871=ORIENTED_EDGE('',*,*,#1442,.F.);
#1872=ORIENTED_EDGE('',*,*,#1415,.T.);
#1873=ORIENTED_EDGE('',*,*,#1435,.T.);
#1874=ORIENTED_EDGE('',*,*,#1411,.F.);
#1875=ORIENTED_EDGE('',*,*,#1443,.F.);
#1876=ORIENTED_EDGE('',*,*,#1425,.T.);
#1877=ORIENTED_EDGE('',*,*,#1443,.T.);
#1878=ORIENTED_EDGE('',*,*,#1410,.F.);
#1879=ORIENTED_EDGE('',*,*,#1444,.F.);
#1880=ORIENTED_EDGE('',*,*,#1426,.T.);
#1881=ORIENTED_EDGE('',*,*,#1445,.F.);
#1882=ORIENTED_EDGE('',*,*,#1407,.T.);
#1883=ORIENTED_EDGE('',*,*,#1420,.T.);
#1884=ORIENTED_EDGE('',*,*,#1429,.F.);
#1885=ORIENTED_EDGE('',*,*,#1444,.T.);
#1886=ORIENTED_EDGE('',*,*,#1409,.F.);
#1887=ORIENTED_EDGE('',*,*,#1446,.F.);
#1888=ORIENTED_EDGE('',*,*,#1427,.T.);
#1889=ORIENTED_EDGE('',*,*,#1446,.T.);
#1890=ORIENTED_EDGE('',*,*,#1408,.T.);
#1891=ORIENTED_EDGE('',*,*,#1445,.T.);
#1892=ORIENTED_EDGE('',*,*,#1428,.T.);
#1893=ORIENTED_EDGE('',*,*,#1447,.F.);
#1894=ORIENTED_EDGE('',*,*,#1448,.F.);
#1895=ORIENTED_EDGE('',*,*,#1449,.F.);
#1896=ORIENTED_EDGE('',*,*,#1450,.F.);
#1897=ORIENTED_EDGE('',*,*,#1451,.T.);
#1898=ORIENTED_EDGE('',*,*,#1452,.T.);
#1899=ORIENTED_EDGE('',*,*,#1453,.T.);
#1900=ORIENTED_EDGE('',*,*,#1454,.T.);
#1901=ORIENTED_EDGE('',*,*,#1455,.F.);
#1902=ORIENTED_EDGE('',*,*,#1456,.F.);
#1903=ORIENTED_EDGE('',*,*,#1457,.F.);
#1904=ORIENTED_EDGE('',*,*,#1458,.T.);
#1905=ORIENTED_EDGE('',*,*,#1459,.T.);
#1906=ORIENTED_EDGE('',*,*,#1460,.T.);
#1907=ORIENTED_EDGE('',*,*,#1461,.T.);
#1908=ORIENTED_EDGE('',*,*,#1462,.F.);
#1909=ORIENTED_EDGE('',*,*,#1448,.T.);
#1910=ORIENTED_EDGE('',*,*,#1463,.F.);
#1911=ORIENTED_EDGE('',*,*,#1464,.F.);
#1912=ORIENTED_EDGE('',*,*,#1465,.F.);
#1913=ORIENTED_EDGE('',*,*,#1466,.F.);
#1914=ORIENTED_EDGE('',*,*,#1467,.F.);
#1915=ORIENTED_EDGE('',*,*,#1468,.F.);
#1916=ORIENTED_EDGE('',*,*,#1469,.F.);
#1917=ORIENTED_EDGE('',*,*,#1470,.F.);
#1918=ORIENTED_EDGE('',*,*,#1471,.T.);
#1919=ORIENTED_EDGE('',*,*,#1461,.F.);
#1920=ORIENTED_EDGE('',*,*,#1472,.F.);
#1921=ORIENTED_EDGE('',*,*,#1473,.F.);
#1922=ORIENTED_EDGE('',*,*,#1474,.T.);
#1923=ORIENTED_EDGE('',*,*,#1475,.T.);
#1924=ORIENTED_EDGE('',*,*,#1476,.F.);
#1925=ORIENTED_EDGE('',*,*,#1454,.F.);
#1926=ORIENTED_EDGE('',*,*,#1477,.F.);
#1927=ORIENTED_EDGE('',*,*,#1466,.T.);
#1928=ORIENTED_EDGE('',*,*,#1478,.F.);
#1929=ORIENTED_EDGE('',*,*,#1464,.T.);
#1930=ORIENTED_EDGE('',*,*,#1479,.F.);
#1931=ORIENTED_EDGE('',*,*,#1480,.F.);
#1932=ORIENTED_EDGE('',*,*,#1479,.T.);
#1933=ORIENTED_EDGE('',*,*,#1463,.T.);
#1934=ORIENTED_EDGE('',*,*,#1447,.T.);
#1935=ORIENTED_EDGE('',*,*,#1478,.T.);
#1936=ORIENTED_EDGE('',*,*,#1480,.T.);
#1937=ORIENTED_EDGE('',*,*,#1459,.F.);
#1938=ORIENTED_EDGE('',*,*,#1481,.T.);
#1939=ORIENTED_EDGE('',*,*,#1472,.T.);
#1940=ORIENTED_EDGE('',*,*,#1460,.F.);
#1941=ORIENTED_EDGE('',*,*,#1482,.F.);
#1942=ORIENTED_EDGE('',*,*,#1475,.F.);
#1943=ORIENTED_EDGE('',*,*,#1483,.F.);
#1944=ORIENTED_EDGE('',*,*,#1456,.T.);
#1945=ORIENTED_EDGE('',*,*,#1481,.F.);
#1946=ORIENTED_EDGE('',*,*,#1458,.F.);
#1947=ORIENTED_EDGE('',*,*,#1484,.T.);
#1948=ORIENTED_EDGE('',*,*,#1473,.T.);
#1949=ORIENTED_EDGE('',*,*,#1483,.T.);
#1950=ORIENTED_EDGE('',*,*,#1474,.F.);
#1951=ORIENTED_EDGE('',*,*,#1484,.F.);
#1952=ORIENTED_EDGE('',*,*,#1457,.T.);
#1953=ORIENTED_EDGE('',*,*,#1477,.T.);
#1954=ORIENTED_EDGE('',*,*,#1453,.F.);
#1955=ORIENTED_EDGE('',*,*,#1485,.F.);
#1956=ORIENTED_EDGE('',*,*,#1467,.T.);
#1957=ORIENTED_EDGE('',*,*,#1485,.T.);
#1958=ORIENTED_EDGE('',*,*,#1452,.F.);
#1959=ORIENTED_EDGE('',*,*,#1486,.F.);
#1960=ORIENTED_EDGE('',*,*,#1468,.T.);
#1961=ORIENTED_EDGE('',*,*,#1487,.F.);
#1962=ORIENTED_EDGE('',*,*,#1449,.T.);
#1963=ORIENTED_EDGE('',*,*,#1462,.T.);
#1964=ORIENTED_EDGE('',*,*,#1471,.F.);
#1965=ORIENTED_EDGE('',*,*,#1486,.T.);
#1966=ORIENTED_EDGE('',*,*,#1451,.F.);
#1967=ORIENTED_EDGE('',*,*,#1488,.F.);
#1968=ORIENTED_EDGE('',*,*,#1469,.T.);
#1969=ORIENTED_EDGE('',*,*,#1488,.T.);
#1970=ORIENTED_EDGE('',*,*,#1450,.T.);
#1971=ORIENTED_EDGE('',*,*,#1487,.T.);
#1972=ORIENTED_EDGE('',*,*,#1470,.T.);
#1973=ORIENTED_EDGE('',*,*,#1489,.F.);
#1974=ORIENTED_EDGE('',*,*,#1490,.F.);
#1975=ORIENTED_EDGE('',*,*,#1491,.F.);
#1976=ORIENTED_EDGE('',*,*,#1492,.F.);
#1977=ORIENTED_EDGE('',*,*,#1493,.T.);
#1978=ORIENTED_EDGE('',*,*,#1494,.T.);
#1979=ORIENTED_EDGE('',*,*,#1495,.T.);
#1980=ORIENTED_EDGE('',*,*,#1496,.T.);
#1981=ORIENTED_EDGE('',*,*,#1497,.F.);
#1982=ORIENTED_EDGE('',*,*,#1498,.F.);
#1983=ORIENTED_EDGE('',*,*,#1499,.F.);
#1984=ORIENTED_EDGE('',*,*,#1500,.T.);
#1985=ORIENTED_EDGE('',*,*,#1501,.T.);
#1986=ORIENTED_EDGE('',*,*,#1502,.T.);
#1987=ORIENTED_EDGE('',*,*,#1503,.T.);
#1988=ORIENTED_EDGE('',*,*,#1504,.F.);
#1989=ORIENTED_EDGE('',*,*,#1490,.T.);
#1990=ORIENTED_EDGE('',*,*,#1505,.F.);
#1991=ORIENTED_EDGE('',*,*,#1506,.F.);
#1992=ORIENTED_EDGE('',*,*,#1507,.F.);
#1993=ORIENTED_EDGE('',*,*,#1508,.F.);
#1994=ORIENTED_EDGE('',*,*,#1509,.F.);
#1995=ORIENTED_EDGE('',*,*,#1510,.F.);
#1996=ORIENTED_EDGE('',*,*,#1511,.F.);
#1997=ORIENTED_EDGE('',*,*,#1512,.F.);
#1998=ORIENTED_EDGE('',*,*,#1513,.T.);
#1999=ORIENTED_EDGE('',*,*,#1503,.F.);
#2000=ORIENTED_EDGE('',*,*,#1514,.F.);
#2001=ORIENTED_EDGE('',*,*,#1515,.F.);
#2002=ORIENTED_EDGE('',*,*,#1516,.T.);
#2003=ORIENTED_EDGE('',*,*,#1517,.T.);
#2004=ORIENTED_EDGE('',*,*,#1518,.F.);
#2005=ORIENTED_EDGE('',*,*,#1496,.F.);
#2006=ORIENTED_EDGE('',*,*,#1519,.F.);
#2007=ORIENTED_EDGE('',*,*,#1508,.T.);
#2008=ORIENTED_EDGE('',*,*,#1520,.F.);
#2009=ORIENTED_EDGE('',*,*,#1506,.T.);
#2010=ORIENTED_EDGE('',*,*,#1521,.F.);
#2011=ORIENTED_EDGE('',*,*,#1522,.F.);
#2012=ORIENTED_EDGE('',*,*,#1521,.T.);
#2013=ORIENTED_EDGE('',*,*,#1505,.T.);
#2014=ORIENTED_EDGE('',*,*,#1489,.T.);
#2015=ORIENTED_EDGE('',*,*,#1520,.T.);
#2016=ORIENTED_EDGE('',*,*,#1522,.T.);
#2017=ORIENTED_EDGE('',*,*,#1501,.F.);
#2018=ORIENTED_EDGE('',*,*,#1523,.T.);
#2019=ORIENTED_EDGE('',*,*,#1514,.T.);
#2020=ORIENTED_EDGE('',*,*,#1502,.F.);
#2021=ORIENTED_EDGE('',*,*,#1524,.F.);
#2022=ORIENTED_EDGE('',*,*,#1517,.F.);
#2023=ORIENTED_EDGE('',*,*,#1525,.F.);
#2024=ORIENTED_EDGE('',*,*,#1498,.T.);
#2025=ORIENTED_EDGE('',*,*,#1523,.F.);
#2026=ORIENTED_EDGE('',*,*,#1500,.F.);
#2027=ORIENTED_EDGE('',*,*,#1526,.T.);
#2028=ORIENTED_EDGE('',*,*,#1515,.T.);
#2029=ORIENTED_EDGE('',*,*,#1525,.T.);
#2030=ORIENTED_EDGE('',*,*,#1516,.F.);
#2031=ORIENTED_EDGE('',*,*,#1526,.F.);
#2032=ORIENTED_EDGE('',*,*,#1499,.T.);
#2033=ORIENTED_EDGE('',*,*,#1519,.T.);
#2034=ORIENTED_EDGE('',*,*,#1495,.F.);
#2035=ORIENTED_EDGE('',*,*,#1527,.F.);
#2036=ORIENTED_EDGE('',*,*,#1509,.T.);
#2037=ORIENTED_EDGE('',*,*,#1527,.T.);
#2038=ORIENTED_EDGE('',*,*,#1494,.F.);
#2039=ORIENTED_EDGE('',*,*,#1528,.F.);
#2040=ORIENTED_EDGE('',*,*,#1510,.T.);
#2041=ORIENTED_EDGE('',*,*,#1529,.F.);
#2042=ORIENTED_EDGE('',*,*,#1491,.T.);
#2043=ORIENTED_EDGE('',*,*,#1504,.T.);
#2044=ORIENTED_EDGE('',*,*,#1513,.F.);
#2045=ORIENTED_EDGE('',*,*,#1528,.T.);
#2046=ORIENTED_EDGE('',*,*,#1493,.F.);
#2047=ORIENTED_EDGE('',*,*,#1530,.F.);
#2048=ORIENTED_EDGE('',*,*,#1511,.T.);
#2049=ORIENTED_EDGE('',*,*,#1530,.T.);
#2050=ORIENTED_EDGE('',*,*,#1492,.T.);
#2051=ORIENTED_EDGE('',*,*,#1529,.T.);
#2052=ORIENTED_EDGE('',*,*,#1512,.T.);
#2053=ORIENTED_EDGE('',*,*,#1531,.F.);
#2054=ORIENTED_EDGE('',*,*,#1532,.F.);
#2055=ORIENTED_EDGE('',*,*,#1533,.F.);
#2056=ORIENTED_EDGE('',*,*,#1534,.F.);
#2057=ORIENTED_EDGE('',*,*,#1535,.T.);
#2058=ORIENTED_EDGE('',*,*,#1536,.T.);
#2059=ORIENTED_EDGE('',*,*,#1537,.T.);
#2060=ORIENTED_EDGE('',*,*,#1538,.T.);
#2061=ORIENTED_EDGE('',*,*,#1539,.F.);
#2062=ORIENTED_EDGE('',*,*,#1540,.F.);
#2063=ORIENTED_EDGE('',*,*,#1541,.F.);
#2064=ORIENTED_EDGE('',*,*,#1542,.T.);
#2065=ORIENTED_EDGE('',*,*,#1543,.T.);
#2066=ORIENTED_EDGE('',*,*,#1544,.T.);
#2067=ORIENTED_EDGE('',*,*,#1545,.T.);
#2068=ORIENTED_EDGE('',*,*,#1546,.F.);
#2069=ORIENTED_EDGE('',*,*,#1532,.T.);
#2070=ORIENTED_EDGE('',*,*,#1547,.F.);
#2071=ORIENTED_EDGE('',*,*,#1548,.F.);
#2072=ORIENTED_EDGE('',*,*,#1549,.F.);
#2073=ORIENTED_EDGE('',*,*,#1550,.F.);
#2074=ORIENTED_EDGE('',*,*,#1551,.F.);
#2075=ORIENTED_EDGE('',*,*,#1552,.F.);
#2076=ORIENTED_EDGE('',*,*,#1553,.T.);
#2077=ORIENTED_EDGE('',*,*,#1554,.T.);
#2078=ORIENTED_EDGE('',*,*,#1555,.T.);
#2079=ORIENTED_EDGE('',*,*,#1556,.T.);
#2080=ORIENTED_EDGE('',*,*,#1557,.F.);
#2081=ORIENTED_EDGE('',*,*,#1558,.F.);
#2082=ORIENTED_EDGE('',*,*,#1559,.F.);
#2083=ORIENTED_EDGE('',*,*,#1560,.T.);
#2084=ORIENTED_EDGE('',*,*,#1561,.T.);
#2085=ORIENTED_EDGE('',*,*,#1562,.T.);
#2086=ORIENTED_EDGE('',*,*,#1563,.T.);
#2087=ORIENTED_EDGE('',*,*,#1564,.F.);
#2088=ORIENTED_EDGE('',*,*,#1550,.T.);
#2089=ORIENTED_EDGE('',*,*,#1565,.F.);
#2090=ORIENTED_EDGE('',*,*,#1566,.F.);
#2091=ORIENTED_EDGE('',*,*,#1567,.F.);
#2092=ORIENTED_EDGE('',*,*,#1568,.F.);
#2093=ORIENTED_EDGE('',*,*,#1569,.F.);
#2094=ORIENTED_EDGE('',*,*,#1570,.F.);
#2095=ORIENTED_EDGE('',*,*,#1571,.T.);
#2096=ORIENTED_EDGE('',*,*,#1572,.T.);
#2097=ORIENTED_EDGE('',*,*,#1573,.T.);
#2098=ORIENTED_EDGE('',*,*,#1574,.T.);
#2099=ORIENTED_EDGE('',*,*,#1575,.F.);
#2100=ORIENTED_EDGE('',*,*,#1576,.F.);
#2101=ORIENTED_EDGE('',*,*,#1577,.F.);
#2102=ORIENTED_EDGE('',*,*,#1578,.T.);
#2103=ORIENTED_EDGE('',*,*,#1579,.T.);
#2104=ORIENTED_EDGE('',*,*,#1580,.T.);
#2105=ORIENTED_EDGE('',*,*,#1581,.T.);
#2106=ORIENTED_EDGE('',*,*,#1582,.F.);
#2107=ORIENTED_EDGE('',*,*,#1568,.T.);
#2108=ORIENTED_EDGE('',*,*,#1583,.F.);
#2109=ORIENTED_EDGE('',*,*,#1584,.F.);
#2110=ORIENTED_EDGE('',*,*,#1585,.F.);
#2111=ORIENTED_EDGE('',*,*,#1586,.F.);
#2112=ORIENTED_EDGE('',*,*,#1587,.F.);
#2113=ORIENTED_EDGE('',*,*,#1588,.F.);
#2114=ORIENTED_EDGE('',*,*,#1589,.F.);
#2115=ORIENTED_EDGE('',*,*,#1590,.F.);
#2116=ORIENTED_EDGE('',*,*,#1591,.T.);
#2117=ORIENTED_EDGE('',*,*,#1545,.F.);
#2118=ORIENTED_EDGE('',*,*,#1592,.F.);
#2119=ORIENTED_EDGE('',*,*,#1593,.F.);
#2120=ORIENTED_EDGE('',*,*,#1594,.T.);
#2121=ORIENTED_EDGE('',*,*,#1595,.T.);
#2122=ORIENTED_EDGE('',*,*,#1596,.F.);
#2123=ORIENTED_EDGE('',*,*,#1538,.F.);
#2124=ORIENTED_EDGE('',*,*,#1597,.F.);
#2125=ORIENTED_EDGE('',*,*,#1586,.T.);
#2126=ORIENTED_EDGE('',*,*,#1598,.F.);
#2127=ORIENTED_EDGE('',*,*,#1548,.T.);
#2128=ORIENTED_EDGE('',*,*,#1599,.F.);
#2129=ORIENTED_EDGE('',*,*,#1600,.F.);
#2130=ORIENTED_EDGE('',*,*,#1599,.T.);
#2131=ORIENTED_EDGE('',*,*,#1547,.T.);
#2132=ORIENTED_EDGE('',*,*,#1531,.T.);
#2133=ORIENTED_EDGE('',*,*,#1598,.T.);
#2134=ORIENTED_EDGE('',*,*,#1600,.T.);
#2135=ORIENTED_EDGE('',*,*,#1543,.F.);
#2136=ORIENTED_EDGE('',*,*,#1601,.T.);
#2137=ORIENTED_EDGE('',*,*,#1592,.T.);
#2138=ORIENTED_EDGE('',*,*,#1544,.F.);
#2139=ORIENTED_EDGE('',*,*,#1602,.F.);
#2140=ORIENTED_EDGE('',*,*,#1595,.F.);
#2141=ORIENTED_EDGE('',*,*,#1603,.F.);
#2142=ORIENTED_EDGE('',*,*,#1540,.T.);
#2143=ORIENTED_EDGE('',*,*,#1601,.F.);
#2144=ORIENTED_EDGE('',*,*,#1542,.F.);
#2145=ORIENTED_EDGE('',*,*,#1604,.T.);
#2146=ORIENTED_EDGE('',*,*,#1593,.T.);
#2147=ORIENTED_EDGE('',*,*,#1603,.T.);
#2148=ORIENTED_EDGE('',*,*,#1594,.F.);
#2149=ORIENTED_EDGE('',*,*,#1604,.F.);
#2150=ORIENTED_EDGE('',*,*,#1541,.T.);
#2151=ORIENTED_EDGE('',*,*,#1597,.T.);
#2152=ORIENTED_EDGE('',*,*,#1537,.F.);
#2153=ORIENTED_EDGE('',*,*,#1605,.F.);
#2154=ORIENTED_EDGE('',*,*,#1587,.T.);
#2155=ORIENTED_EDGE('',*,*,#1605,.T.);
#2156=ORIENTED_EDGE('',*,*,#1536,.F.);
#2157=ORIENTED_EDGE('',*,*,#1606,.F.);
#2158=ORIENTED_EDGE('',*,*,#1588,.T.);
#2159=ORIENTED_EDGE('',*,*,#1607,.F.);
#2160=ORIENTED_EDGE('',*,*,#1533,.T.);
#2161=ORIENTED_EDGE('',*,*,#1546,.T.);
#2162=ORIENTED_EDGE('',*,*,#1591,.F.);
#2163=ORIENTED_EDGE('',*,*,#1606,.T.);
#2164=ORIENTED_EDGE('',*,*,#1535,.F.);
#2165=ORIENTED_EDGE('',*,*,#1608,.F.);
#2166=ORIENTED_EDGE('',*,*,#1589,.T.);
#2167=ORIENTED_EDGE('',*,*,#1608,.T.);
#2168=ORIENTED_EDGE('',*,*,#1534,.T.);
#2169=ORIENTED_EDGE('',*,*,#1607,.T.);
#2170=ORIENTED_EDGE('',*,*,#1590,.T.);
#2171=ORIENTED_EDGE('',*,*,#1609,.F.);
#2172=ORIENTED_EDGE('',*,*,#1610,.F.);
#2173=ORIENTED_EDGE('',*,*,#1611,.F.);
#2174=ORIENTED_EDGE('',*,*,#1612,.F.);
#2175=ORIENTED_EDGE('',*,*,#1613,.F.);
#2176=ORIENTED_EDGE('',*,*,#1614,.F.);
#2177=ORIENTED_EDGE('',*,*,#1615,.T.);
#2178=ORIENTED_EDGE('',*,*,#1563,.F.);
#2179=ORIENTED_EDGE('',*,*,#1616,.F.);
#2180=ORIENTED_EDGE('',*,*,#1617,.F.);
#2181=ORIENTED_EDGE('',*,*,#1618,.T.);
#2182=ORIENTED_EDGE('',*,*,#1619,.T.);
#2183=ORIENTED_EDGE('',*,*,#1620,.F.);
#2184=ORIENTED_EDGE('',*,*,#1556,.F.);
#2185=ORIENTED_EDGE('',*,*,#1621,.F.);
#2186=ORIENTED_EDGE('',*,*,#1610,.T.);
#2187=ORIENTED_EDGE('',*,*,#1622,.F.);
#2188=ORIENTED_EDGE('',*,*,#1566,.T.);
#2189=ORIENTED_EDGE('',*,*,#1623,.F.);
#2190=ORIENTED_EDGE('',*,*,#1624,.F.);
#2191=ORIENTED_EDGE('',*,*,#1623,.T.);
#2192=ORIENTED_EDGE('',*,*,#1565,.T.);
#2193=ORIENTED_EDGE('',*,*,#1549,.T.);
#2194=ORIENTED_EDGE('',*,*,#1622,.T.);
#2195=ORIENTED_EDGE('',*,*,#1624,.T.);
#2196=ORIENTED_EDGE('',*,*,#1561,.F.);
#2197=ORIENTED_EDGE('',*,*,#1625,.T.);
#2198=ORIENTED_EDGE('',*,*,#1616,.T.);
#2199=ORIENTED_EDGE('',*,*,#1562,.F.);
#2200=ORIENTED_EDGE('',*,*,#1626,.F.);
#2201=ORIENTED_EDGE('',*,*,#1619,.F.);
#2202=ORIENTED_EDGE('',*,*,#1627,.F.);
#2203=ORIENTED_EDGE('',*,*,#1558,.T.);
#2204=ORIENTED_EDGE('',*,*,#1625,.F.);
#2205=ORIENTED_EDGE('',*,*,#1560,.F.);
#2206=ORIENTED_EDGE('',*,*,#1628,.T.);
#2207=ORIENTED_EDGE('',*,*,#1617,.T.);
#2208=ORIENTED_EDGE('',*,*,#1627,.T.);
#2209=ORIENTED_EDGE('',*,*,#1618,.F.);
#2210=ORIENTED_EDGE('',*,*,#1628,.F.);
#2211=ORIENTED_EDGE('',*,*,#1559,.T.);
#2212=ORIENTED_EDGE('',*,*,#1621,.T.);
#2213=ORIENTED_EDGE('',*,*,#1555,.F.);
#2214=ORIENTED_EDGE('',*,*,#1629,.F.);
#2215=ORIENTED_EDGE('',*,*,#1611,.T.);
#2216=ORIENTED_EDGE('',*,*,#1629,.T.);
#2217=ORIENTED_EDGE('',*,*,#1554,.F.);
#2218=ORIENTED_EDGE('',*,*,#1630,.F.);
#2219=ORIENTED_EDGE('',*,*,#1612,.T.);
#2220=ORIENTED_EDGE('',*,*,#1631,.F.);
#2221=ORIENTED_EDGE('',*,*,#1551,.T.);
#2222=ORIENTED_EDGE('',*,*,#1564,.T.);
#2223=ORIENTED_EDGE('',*,*,#1615,.F.);
#2224=ORIENTED_EDGE('',*,*,#1630,.T.);
#2225=ORIENTED_EDGE('',*,*,#1553,.F.);
#2226=ORIENTED_EDGE('',*,*,#1632,.F.);
#2227=ORIENTED_EDGE('',*,*,#1613,.T.);
#2228=ORIENTED_EDGE('',*,*,#1632,.T.);
#2229=ORIENTED_EDGE('',*,*,#1552,.T.);
#2230=ORIENTED_EDGE('',*,*,#1631,.T.);
#2231=ORIENTED_EDGE('',*,*,#1614,.T.);
#2232=ORIENTED_EDGE('',*,*,#1633,.F.);
#2233=ORIENTED_EDGE('',*,*,#1634,.F.);
#2234=ORIENTED_EDGE('',*,*,#1635,.F.);
#2235=ORIENTED_EDGE('',*,*,#1636,.F.);
#2236=ORIENTED_EDGE('',*,*,#1637,.F.);
#2237=ORIENTED_EDGE('',*,*,#1638,.F.);
#2238=ORIENTED_EDGE('',*,*,#1639,.T.);
#2239=ORIENTED_EDGE('',*,*,#1581,.F.);
#2240=ORIENTED_EDGE('',*,*,#1640,.F.);
#2241=ORIENTED_EDGE('',*,*,#1641,.F.);
#2242=ORIENTED_EDGE('',*,*,#1642,.T.);
#2243=ORIENTED_EDGE('',*,*,#1643,.T.);
#2244=ORIENTED_EDGE('',*,*,#1644,.F.);
#2245=ORIENTED_EDGE('',*,*,#1574,.F.);
#2246=ORIENTED_EDGE('',*,*,#1645,.F.);
#2247=ORIENTED_EDGE('',*,*,#1634,.T.);
#2248=ORIENTED_EDGE('',*,*,#1646,.F.);
#2249=ORIENTED_EDGE('',*,*,#1584,.T.);
#2250=ORIENTED_EDGE('',*,*,#1647,.F.);
#2251=ORIENTED_EDGE('',*,*,#1648,.F.);
#2252=ORIENTED_EDGE('',*,*,#1647,.T.);
#2253=ORIENTED_EDGE('',*,*,#1583,.T.);
#2254=ORIENTED_EDGE('',*,*,#1567,.T.);
#2255=ORIENTED_EDGE('',*,*,#1646,.T.);
#2256=ORIENTED_EDGE('',*,*,#1648,.T.);
#2257=ORIENTED_EDGE('',*,*,#1579,.F.);
#2258=ORIENTED_EDGE('',*,*,#1649,.T.);
#2259=ORIENTED_EDGE('',*,*,#1640,.T.);
#2260=ORIENTED_EDGE('',*,*,#1580,.F.);
#2261=ORIENTED_EDGE('',*,*,#1650,.F.);
#2262=ORIENTED_EDGE('',*,*,#1643,.F.);
#2263=ORIENTED_EDGE('',*,*,#1651,.F.);
#2264=ORIENTED_EDGE('',*,*,#1576,.T.);
#2265=ORIENTED_EDGE('',*,*,#1649,.F.);
#2266=ORIENTED_EDGE('',*,*,#1578,.F.);
#2267=ORIENTED_EDGE('',*,*,#1652,.T.);
#2268=ORIENTED_EDGE('',*,*,#1641,.T.);
#2269=ORIENTED_EDGE('',*,*,#1651,.T.);
#2270=ORIENTED_EDGE('',*,*,#1642,.F.);
#2271=ORIENTED_EDGE('',*,*,#1652,.F.);
#2272=ORIENTED_EDGE('',*,*,#1577,.T.);
#2273=ORIENTED_EDGE('',*,*,#1645,.T.);
#2274=ORIENTED_EDGE('',*,*,#1573,.F.);
#2275=ORIENTED_EDGE('',*,*,#1653,.F.);
#2276=ORIENTED_EDGE('',*,*,#1635,.T.);
#2277=ORIENTED_EDGE('',*,*,#1653,.T.);
#2278=ORIENTED_EDGE('',*,*,#1572,.F.);
#2279=ORIENTED_EDGE('',*,*,#1654,.F.);
#2280=ORIENTED_EDGE('',*,*,#1636,.T.);
#2281=ORIENTED_EDGE('',*,*,#1655,.F.);
#2282=ORIENTED_EDGE('',*,*,#1569,.T.);
#2283=ORIENTED_EDGE('',*,*,#1582,.T.);
#2284=ORIENTED_EDGE('',*,*,#1639,.F.);
#2285=ORIENTED_EDGE('',*,*,#1654,.T.);
#2286=ORIENTED_EDGE('',*,*,#1571,.F.);
#2287=ORIENTED_EDGE('',*,*,#1656,.F.);
#2288=ORIENTED_EDGE('',*,*,#1637,.T.);
#2289=ORIENTED_EDGE('',*,*,#1656,.T.);
#2290=ORIENTED_EDGE('',*,*,#1570,.T.);
#2291=ORIENTED_EDGE('',*,*,#1655,.T.);
#2292=ORIENTED_EDGE('',*,*,#1638,.T.);
#2293=ORIENTED_EDGE('',*,*,#1657,.F.);
#2294=ORIENTED_EDGE('',*,*,#1658,.F.);
#2295=ORIENTED_EDGE('',*,*,#1659,.F.);
#2296=ORIENTED_EDGE('',*,*,#1660,.F.);
#2297=ORIENTED_EDGE('',*,*,#1661,.T.);
#2298=ORIENTED_EDGE('',*,*,#1662,.T.);
#2299=ORIENTED_EDGE('',*,*,#1663,.T.);
#2300=ORIENTED_EDGE('',*,*,#1664,.T.);
#2301=ORIENTED_EDGE('',*,*,#1665,.F.);
#2302=ORIENTED_EDGE('',*,*,#1666,.F.);
#2303=ORIENTED_EDGE('',*,*,#1667,.F.);
#2304=ORIENTED_EDGE('',*,*,#1668,.T.);
#2305=ORIENTED_EDGE('',*,*,#1669,.T.);
#2306=ORIENTED_EDGE('',*,*,#1670,.T.);
#2307=ORIENTED_EDGE('',*,*,#1671,.T.);
#2308=ORIENTED_EDGE('',*,*,#1672,.F.);
#2309=ORIENTED_EDGE('',*,*,#1658,.T.);
#2310=ORIENTED_EDGE('',*,*,#1673,.F.);
#2311=ORIENTED_EDGE('',*,*,#1674,.F.);
#2312=ORIENTED_EDGE('',*,*,#1675,.F.);
#2313=ORIENTED_EDGE('',*,*,#1676,.F.);
#2314=ORIENTED_EDGE('',*,*,#1677,.F.);
#2315=ORIENTED_EDGE('',*,*,#1678,.F.);
#2316=ORIENTED_EDGE('',*,*,#1679,.F.);
#2317=ORIENTED_EDGE('',*,*,#1680,.F.);
#2318=ORIENTED_EDGE('',*,*,#1681,.T.);
#2319=ORIENTED_EDGE('',*,*,#1671,.F.);
#2320=ORIENTED_EDGE('',*,*,#1682,.F.);
#2321=ORIENTED_EDGE('',*,*,#1683,.F.);
#2322=ORIENTED_EDGE('',*,*,#1684,.T.);
#2323=ORIENTED_EDGE('',*,*,#1685,.T.);
#2324=ORIENTED_EDGE('',*,*,#1686,.F.);
#2325=ORIENTED_EDGE('',*,*,#1664,.F.);
#2326=ORIENTED_EDGE('',*,*,#1687,.F.);
#2327=ORIENTED_EDGE('',*,*,#1676,.T.);
#2328=ORIENTED_EDGE('',*,*,#1688,.F.);
#2329=ORIENTED_EDGE('',*,*,#1674,.T.);
#2330=ORIENTED_EDGE('',*,*,#1689,.F.);
#2331=ORIENTED_EDGE('',*,*,#1690,.F.);
#2332=ORIENTED_EDGE('',*,*,#1689,.T.);
#2333=ORIENTED_EDGE('',*,*,#1673,.T.);
#2334=ORIENTED_EDGE('',*,*,#1657,.T.);
#2335=ORIENTED_EDGE('',*,*,#1688,.T.);
#2336=ORIENTED_EDGE('',*,*,#1690,.T.);
#2337=ORIENTED_EDGE('',*,*,#1669,.F.);
#2338=ORIENTED_EDGE('',*,*,#1691,.T.);
#2339=ORIENTED_EDGE('',*,*,#1682,.T.);
#2340=ORIENTED_EDGE('',*,*,#1670,.F.);
#2341=ORIENTED_EDGE('',*,*,#1692,.F.);
#2342=ORIENTED_EDGE('',*,*,#1685,.F.);
#2343=ORIENTED_EDGE('',*,*,#1693,.F.);
#2344=ORIENTED_EDGE('',*,*,#1666,.T.);
#2345=ORIENTED_EDGE('',*,*,#1691,.F.);
#2346=ORIENTED_EDGE('',*,*,#1668,.F.);
#2347=ORIENTED_EDGE('',*,*,#1694,.T.);
#2348=ORIENTED_EDGE('',*,*,#1683,.T.);
#2349=ORIENTED_EDGE('',*,*,#1693,.T.);
#2350=ORIENTED_EDGE('',*,*,#1684,.F.);
#2351=ORIENTED_EDGE('',*,*,#1694,.F.);
#2352=ORIENTED_EDGE('',*,*,#1667,.T.);
#2353=ORIENTED_EDGE('',*,*,#1687,.T.);
#2354=ORIENTED_EDGE('',*,*,#1663,.F.);
#2355=ORIENTED_EDGE('',*,*,#1695,.F.);
#2356=ORIENTED_EDGE('',*,*,#1677,.T.);
#2357=ORIENTED_EDGE('',*,*,#1695,.T.);
#2358=ORIENTED_EDGE('',*,*,#1662,.F.);
#2359=ORIENTED_EDGE('',*,*,#1696,.F.);
#2360=ORIENTED_EDGE('',*,*,#1678,.T.);
#2361=ORIENTED_EDGE('',*,*,#1697,.F.);
#2362=ORIENTED_EDGE('',*,*,#1659,.T.);
#2363=ORIENTED_EDGE('',*,*,#1672,.T.);
#2364=ORIENTED_EDGE('',*,*,#1681,.F.);
#2365=ORIENTED_EDGE('',*,*,#1696,.T.);
#2366=ORIENTED_EDGE('',*,*,#1661,.F.);
#2367=ORIENTED_EDGE('',*,*,#1698,.F.);
#2368=ORIENTED_EDGE('',*,*,#1679,.T.);
#2369=ORIENTED_EDGE('',*,*,#1698,.T.);
#2370=ORIENTED_EDGE('',*,*,#1660,.T.);
#2371=ORIENTED_EDGE('',*,*,#1697,.T.);
#2372=ORIENTED_EDGE('',*,*,#1680,.T.);
#2373=ORIENTED_EDGE('',*,*,#1699,.F.);
#2374=ORIENTED_EDGE('',*,*,#1700,.F.);
#2375=ORIENTED_EDGE('',*,*,#1701,.F.);
#2376=ORIENTED_EDGE('',*,*,#1702,.F.);
#2377=ORIENTED_EDGE('',*,*,#1703,.F.);
#2378=ORIENTED_EDGE('',*,*,#1704,.T.);
#2379=ORIENTED_EDGE('',*,*,#1705,.T.);
#2380=ORIENTED_EDGE('',*,*,#1701,.T.);
#2381=ORIENTED_EDGE('',*,*,#1706,.F.);
#2382=ORIENTED_EDGE('',*,*,#1702,.T.);
#2383=ORIENTED_EDGE('',*,*,#1705,.F.);
#2384=ORIENTED_EDGE('',*,*,#1707,.F.);
#2385=ORIENTED_EDGE('',*,*,#1708,.F.);
#2386=ORIENTED_EDGE('',*,*,#1707,.T.);
#2387=ORIENTED_EDGE('',*,*,#1704,.F.);
#2388=ORIENTED_EDGE('',*,*,#1709,.F.);
#2389=ORIENTED_EDGE('',*,*,#1710,.F.);
#2390=ORIENTED_EDGE('',*,*,#1711,.T.);
#2391=ORIENTED_EDGE('',*,*,#1712,.T.);
#2392=ORIENTED_EDGE('',*,*,#1713,.F.);
#2393=ORIENTED_EDGE('',*,*,#1434,.T.);
#2394=ORIENTED_EDGE('',*,*,#1423,.T.);
#2395=ORIENTED_EDGE('',*,*,#1440,.T.);
#2396=ORIENTED_EDGE('',*,*,#1413,.T.);
#2397=ORIENTED_EDGE('',*,*,#1596,.T.);
#2398=ORIENTED_EDGE('',*,*,#1585,.T.);
#2399=ORIENTED_EDGE('',*,*,#1602,.T.);
#2400=ORIENTED_EDGE('',*,*,#1539,.T.);
#2401=ORIENTED_EDGE('',*,*,#1714,.T.);
#2402=ORIENTED_EDGE('',*,*,#1715,.T.);
#2403=ORIENTED_EDGE('',*,*,#1716,.T.);
#2404=ORIENTED_EDGE('',*,*,#1717,.T.);
#2405=ORIENTED_EDGE('',*,*,#1699,.T.);
#2406=ORIENTED_EDGE('',*,*,#1706,.T.);
#2407=ORIENTED_EDGE('',*,*,#1708,.T.);
#2408=ORIENTED_EDGE('',*,*,#1718,.T.);
#2409=ORIENTED_EDGE('',*,*,#1719,.F.);
#2410=ORIENTED_EDGE('',*,*,#1720,.F.);
#2411=ORIENTED_EDGE('',*,*,#1721,.T.);
#2412=ORIENTED_EDGE('',*,*,#1722,.T.);
#2413=ORIENTED_EDGE('',*,*,#1723,.T.);
#2414=ORIENTED_EDGE('',*,*,#1724,.T.);
#2415=ORIENTED_EDGE('',*,*,#1725,.T.);
#2416=ORIENTED_EDGE('',*,*,#1726,.T.);
#2417=ORIENTED_EDGE('',*,*,#1714,.F.);
#2418=ORIENTED_EDGE('',*,*,#1727,.T.);
#2419=ORIENTED_EDGE('',*,*,#1723,.F.);
#2420=ORIENTED_EDGE('',*,*,#1728,.F.);
#2421=ORIENTED_EDGE('',*,*,#1717,.F.);
#2422=ORIENTED_EDGE('',*,*,#1729,.T.);
#2423=ORIENTED_EDGE('',*,*,#1724,.F.);
#2424=ORIENTED_EDGE('',*,*,#1727,.F.);
#2425=ORIENTED_EDGE('',*,*,#1716,.F.);
#2426=ORIENTED_EDGE('',*,*,#1730,.T.);
#2427=ORIENTED_EDGE('',*,*,#1725,.F.);
#2428=ORIENTED_EDGE('',*,*,#1729,.F.);
#2429=ORIENTED_EDGE('',*,*,#1715,.F.);
#2430=ORIENTED_EDGE('',*,*,#1728,.T.);
#2431=ORIENTED_EDGE('',*,*,#1726,.F.);
#2432=ORIENTED_EDGE('',*,*,#1730,.F.);
#2433=ORIENTED_EDGE('',*,*,#1731,.F.);
#2434=ORIENTED_EDGE('',*,*,#1732,.T.);
#2435=ORIENTED_EDGE('',*,*,#1733,.F.);
#2436=ORIENTED_EDGE('',*,*,#1734,.F.);
#2437=ORIENTED_EDGE('',*,*,#1735,.F.);
#2438=ORIENTED_EDGE('',*,*,#1736,.T.);
#2439=ORIENTED_EDGE('',*,*,#1737,.F.);
#2440=ORIENTED_EDGE('',*,*,#1732,.F.);
#2441=ORIENTED_EDGE('',*,*,#1738,.F.);
#2442=ORIENTED_EDGE('',*,*,#1739,.T.);
#2443=ORIENTED_EDGE('',*,*,#1740,.F.);
#2444=ORIENTED_EDGE('',*,*,#1736,.F.);
#2445=ORIENTED_EDGE('',*,*,#1741,.F.);
#2446=ORIENTED_EDGE('',*,*,#1734,.T.);
#2447=ORIENTED_EDGE('',*,*,#1742,.F.);
#2448=ORIENTED_EDGE('',*,*,#1739,.F.);
#2449=ORIENTED_EDGE('',*,*,#1743,.F.);
#2450=ORIENTED_EDGE('',*,*,#1744,.T.);
#2451=ORIENTED_EDGE('',*,*,#1745,.F.);
#2452=ORIENTED_EDGE('',*,*,#1746,.F.);
#2453=ORIENTED_EDGE('',*,*,#1747,.F.);
#2454=ORIENTED_EDGE('',*,*,#1748,.T.);
#2455=ORIENTED_EDGE('',*,*,#1749,.F.);
#2456=ORIENTED_EDGE('',*,*,#1744,.F.);
#2457=ORIENTED_EDGE('',*,*,#1750,.F.);
#2458=ORIENTED_EDGE('',*,*,#1751,.T.);
#2459=ORIENTED_EDGE('',*,*,#1752,.F.);
#2460=ORIENTED_EDGE('',*,*,#1748,.F.);
#2461=ORIENTED_EDGE('',*,*,#1753,.F.);
#2462=ORIENTED_EDGE('',*,*,#1746,.T.);
#2463=ORIENTED_EDGE('',*,*,#1754,.F.);
#2464=ORIENTED_EDGE('',*,*,#1751,.F.);
#2465=ORIENTED_EDGE('',*,*,#1755,.F.);
#2466=ORIENTED_EDGE('',*,*,#1756,.T.);
#2467=ORIENTED_EDGE('',*,*,#1757,.F.);
#2468=ORIENTED_EDGE('',*,*,#1758,.F.);
#2469=ORIENTED_EDGE('',*,*,#1757,.T.);
#2470=ORIENTED_EDGE('',*,*,#1759,.T.);
#2471=ORIENTED_EDGE('',*,*,#1760,.T.);
#2472=ORIENTED_EDGE('',*,*,#1755,.T.);
#2473=ORIENTED_EDGE('',*,*,#1758,.T.);
#2474=ORIENTED_EDGE('',*,*,#1761,.F.);
#2475=ORIENTED_EDGE('',*,*,#1762,.T.);
#2476=ORIENTED_EDGE('',*,*,#1763,.T.);
#2477=ORIENTED_EDGE('',*,*,#1764,.F.);
#2478=ORIENTED_EDGE('',*,*,#1765,.F.);
#2479=ORIENTED_EDGE('',*,*,#1766,.F.);
#2480=ORIENTED_EDGE('',*,*,#1767,.F.);
#2481=ORIENTED_EDGE('',*,*,#1768,.F.);
#2482=ORIENTED_EDGE('',*,*,#1769,.F.);
#2483=ORIENTED_EDGE('',*,*,#1770,.F.);
#2484=ORIENTED_EDGE('',*,*,#1771,.T.);
#2485=ORIENTED_EDGE('',*,*,#1772,.F.);
#2486=ORIENTED_EDGE('',*,*,#1763,.F.);
#2487=ORIENTED_EDGE('',*,*,#1773,.F.);
#2488=ORIENTED_EDGE('',*,*,#1774,.T.);
#2489=ORIENTED_EDGE('',*,*,#1775,.T.);
#2490=ORIENTED_EDGE('',*,*,#1776,.F.);
#2491=ORIENTED_EDGE('',*,*,#1777,.F.);
#2492=ORIENTED_EDGE('',*,*,#1778,.F.);
#2493=ORIENTED_EDGE('',*,*,#1766,.T.);
#2494=ORIENTED_EDGE('',*,*,#1779,.F.);
#2495=ORIENTED_EDGE('',*,*,#1775,.F.);
#2496=ORIENTED_EDGE('',*,*,#1780,.F.);
#2497=ORIENTED_EDGE('',*,*,#1781,.T.);
#2498=ORIENTED_EDGE('',*,*,#1762,.F.);
#2499=ORIENTED_EDGE('',*,*,#1782,.F.);
#2500=ORIENTED_EDGE('',*,*,#1783,.T.);
#2501=ORIENTED_EDGE('',*,*,#1773,.T.);
#2502=ORIENTED_EDGE('',*,*,#1780,.T.);
#2503=ORIENTED_EDGE('',*,*,#1774,.F.);
#2504=ORIENTED_EDGE('',*,*,#1783,.F.);
#2505=ORIENTED_EDGE('',*,*,#1784,.T.);
#2506=ORIENTED_EDGE('',*,*,#1778,.T.);
#2507=ORIENTED_EDGE('',*,*,#1785,.F.);
#2508=ORIENTED_EDGE('',*,*,#1786,.F.);
#2509=ORIENTED_EDGE('',*,*,#1767,.T.);
#2510=ORIENTED_EDGE('',*,*,#1786,.T.);
#2511=ORIENTED_EDGE('',*,*,#1787,.F.);
#2512=ORIENTED_EDGE('',*,*,#1788,.F.);
#2513=ORIENTED_EDGE('',*,*,#1768,.T.);
#2514=ORIENTED_EDGE('',*,*,#1789,.T.);
#2515=ORIENTED_EDGE('',*,*,#1759,.F.);
#2516=ORIENTED_EDGE('',*,*,#1756,.F.);
#2517=ORIENTED_EDGE('',*,*,#1764,.T.);
#2518=ORIENTED_EDGE('',*,*,#1772,.T.);
#2519=ORIENTED_EDGE('',*,*,#1790,.F.);
#2520=ORIENTED_EDGE('',*,*,#1789,.F.);
#2521=ORIENTED_EDGE('',*,*,#1791,.F.);
#2522=ORIENTED_EDGE('',*,*,#1792,.F.);
#2523=ORIENTED_EDGE('',*,*,#1793,.T.);
#2524=ORIENTED_EDGE('',*,*,#1787,.T.);
#2525=ORIENTED_EDGE('',*,*,#1785,.T.);
#2526=ORIENTED_EDGE('',*,*,#1777,.T.);
#2527=ORIENTED_EDGE('',*,*,#1794,.F.);
#2528=ORIENTED_EDGE('',*,*,#1781,.F.);
#2529=ORIENTED_EDGE('',*,*,#1784,.F.);
#2530=ORIENTED_EDGE('',*,*,#1782,.T.);
#2531=ORIENTED_EDGE('',*,*,#1761,.T.);
#2532=ORIENTED_EDGE('',*,*,#1760,.F.);
#2533=ORIENTED_EDGE('',*,*,#1795,.F.);
#2534=ORIENTED_EDGE('',*,*,#1791,.T.);
#2535=ORIENTED_EDGE('',*,*,#1790,.T.);
#2536=ORIENTED_EDGE('',*,*,#1771,.F.);
#2537=ORIENTED_EDGE('',*,*,#1788,.T.);
#2538=ORIENTED_EDGE('',*,*,#1793,.F.);
#2539=ORIENTED_EDGE('',*,*,#1796,.F.);
#2540=ORIENTED_EDGE('',*,*,#1769,.T.);
#2541=ORIENTED_EDGE('',*,*,#1796,.T.);
#2542=ORIENTED_EDGE('',*,*,#1792,.T.);
#2543=ORIENTED_EDGE('',*,*,#1795,.T.);
#2544=ORIENTED_EDGE('',*,*,#1770,.T.);
#2545=ORIENTED_EDGE('',*,*,#1797,.T.);
#2546=ORIENTED_EDGE('',*,*,#1798,.T.);
#2547=ORIENTED_EDGE('',*,*,#1719,.T.);
#2548=ORIENTED_EDGE('',*,*,#1799,.T.);
#2549=ORIENTED_EDGE('',*,*,#1800,.T.);
#2550=ORIENTED_EDGE('',*,*,#1801,.T.);
#2551=ORIENTED_EDGE('',*,*,#1802,.T.);
#2552=ORIENTED_EDGE('',*,*,#1713,.T.);
#2553=ORIENTED_EDGE('',*,*,#1803,.T.);
#2554=ORIENTED_EDGE('',*,*,#1804,.T.);
#2555=ORIENTED_EDGE('',*,*,#1797,.F.);
#2556=ORIENTED_EDGE('',*,*,#1805,.F.);
#2557=ORIENTED_EDGE('',*,*,#1733,.T.);
#2558=ORIENTED_EDGE('',*,*,#1737,.T.);
#2559=ORIENTED_EDGE('',*,*,#1740,.T.);
#2560=ORIENTED_EDGE('',*,*,#1742,.T.);
#2561=ORIENTED_EDGE('',*,*,#1700,.T.);
#2562=ORIENTED_EDGE('',*,*,#1722,.F.);
#2563=ORIENTED_EDGE('',*,*,#1806,.T.);
#2564=ORIENTED_EDGE('',*,*,#1805,.T.);
#2565=ORIENTED_EDGE('',*,*,#1799,.F.);
#2566=ORIENTED_EDGE('',*,*,#1718,.F.);
#2567=ORIENTED_EDGE('',*,*,#1709,.T.);
#2568=ORIENTED_EDGE('',*,*,#1703,.T.);
#2569=ORIENTED_EDGE('',*,*,#1807,.T.);
#2570=ORIENTED_EDGE('',*,*,#1720,.T.);
#2571=ORIENTED_EDGE('',*,*,#1798,.F.);
#2572=ORIENTED_EDGE('',*,*,#1804,.F.);
#2573=ORIENTED_EDGE('',*,*,#1745,.T.);
#2574=ORIENTED_EDGE('',*,*,#1749,.T.);
#2575=ORIENTED_EDGE('',*,*,#1752,.T.);
#2576=ORIENTED_EDGE('',*,*,#1754,.T.);
#2577=ORIENTED_EDGE('',*,*,#1808,.T.);
#2578=ORIENTED_EDGE('',*,*,#1809,.T.);
#2579=ORIENTED_EDGE('',*,*,#1801,.F.);
#2580=ORIENTED_EDGE('',*,*,#1810,.F.);
#2581=ORIENTED_EDGE('',*,*,#1518,.T.);
#2582=ORIENTED_EDGE('',*,*,#1507,.T.);
#2583=ORIENTED_EDGE('',*,*,#1524,.T.);
#2584=ORIENTED_EDGE('',*,*,#1497,.T.);
#2585=ORIENTED_EDGE('',*,*,#1644,.T.);
#2586=ORIENTED_EDGE('',*,*,#1633,.T.);
#2587=ORIENTED_EDGE('',*,*,#1650,.T.);
#2588=ORIENTED_EDGE('',*,*,#1575,.T.);
#2589=ORIENTED_EDGE('',*,*,#1731,.T.);
#2590=ORIENTED_EDGE('',*,*,#1741,.T.);
#2591=ORIENTED_EDGE('',*,*,#1738,.T.);
#2592=ORIENTED_EDGE('',*,*,#1735,.T.);
#2593=ORIENTED_EDGE('',*,*,#1811,.T.);
#2594=ORIENTED_EDGE('',*,*,#1810,.T.);
#2595=ORIENTED_EDGE('',*,*,#1800,.F.);
#2596=ORIENTED_EDGE('',*,*,#1712,.F.);
#2597=ORIENTED_EDGE('',*,*,#1686,.T.);
#2598=ORIENTED_EDGE('',*,*,#1675,.T.);
#2599=ORIENTED_EDGE('',*,*,#1692,.T.);
#2600=ORIENTED_EDGE('',*,*,#1665,.T.);
#2601=ORIENTED_EDGE('',*,*,#1743,.T.);
#2602=ORIENTED_EDGE('',*,*,#1753,.T.);
#2603=ORIENTED_EDGE('',*,*,#1750,.T.);
#2604=ORIENTED_EDGE('',*,*,#1747,.T.);
#2605=ORIENTED_EDGE('',*,*,#1776,.T.);
#2606=ORIENTED_EDGE('',*,*,#1765,.T.);
#2607=ORIENTED_EDGE('',*,*,#1779,.T.);
#2608=ORIENTED_EDGE('',*,*,#1794,.T.);
#2609=ORIENTED_EDGE('',*,*,#1710,.T.);
#2610=ORIENTED_EDGE('',*,*,#1802,.F.);
#2611=ORIENTED_EDGE('',*,*,#1809,.F.);
#2612=ORIENTED_EDGE('',*,*,#1812,.T.);
#2613=ORIENTED_EDGE('',*,*,#1476,.T.);
#2614=ORIENTED_EDGE('',*,*,#1465,.T.);
#2615=ORIENTED_EDGE('',*,*,#1482,.T.);
#2616=ORIENTED_EDGE('',*,*,#1455,.T.);
#2617=ORIENTED_EDGE('',*,*,#1620,.T.);
#2618=ORIENTED_EDGE('',*,*,#1609,.T.);
#2619=ORIENTED_EDGE('',*,*,#1626,.T.);
#2620=ORIENTED_EDGE('',*,*,#1557,.T.);
#2621=ORIENTED_EDGE('',*,*,#1812,.F.);
#2622=ORIENTED_EDGE('',*,*,#1808,.F.);
#2623=ORIENTED_EDGE('',*,*,#1811,.F.);
#2624=ORIENTED_EDGE('',*,*,#1711,.F.);
#2625=ORIENTED_EDGE('',*,*,#1807,.F.);
#2626=ORIENTED_EDGE('',*,*,#1803,.F.);
#2627=ORIENTED_EDGE('',*,*,#1806,.F.);
#2628=ORIENTED_EDGE('',*,*,#1721,.F.);
#2629=PLANE('',#2924);
#2630=PLANE('',#2927);
#2631=PLANE('',#2928);
#2632=PLANE('',#2932);
#2633=PLANE('',#2933);
#2634=PLANE('',#2934);
#2635=PLANE('',#2935);
#2636=PLANE('',#2936);
#2637=PLANE('',#2938);
#2638=PLANE('',#2939);
#2639=PLANE('',#2940);
#2640=PLANE('',#2941);
#2641=PLANE('',#2942);
#2642=PLANE('',#2943);
#2643=PLANE('',#2946);
#2644=PLANE('',#2947);
#2645=PLANE('',#2951);
#2646=PLANE('',#2952);
#2647=PLANE('',#2953);
#2648=PLANE('',#2954);
#2649=PLANE('',#2955);
#2650=PLANE('',#2957);
#2651=PLANE('',#2958);
#2652=PLANE('',#2959);
#2653=PLANE('',#2960);
#2654=PLANE('',#2961);
#2655=PLANE('',#2962);
#2656=PLANE('',#2965);
#2657=PLANE('',#2966);
#2658=PLANE('',#2970);
#2659=PLANE('',#2971);
#2660=PLANE('',#2972);
#2661=PLANE('',#2973);
#2662=PLANE('',#2974);
#2663=PLANE('',#2976);
#2664=PLANE('',#2977);
#2665=PLANE('',#2978);
#2666=PLANE('',#2979);
#2667=PLANE('',#2980);
#2668=PLANE('',#2981);
#2669=PLANE('',#2984);
#2670=PLANE('',#2985);
#2671=PLANE('',#2988);
#2672=PLANE('',#2989);
#2673=PLANE('',#2992);
#2674=PLANE('',#2993);
#2675=PLANE('',#2997);
#2676=PLANE('',#2998);
#2677=PLANE('',#2999);
#2678=PLANE('',#3000);
#2679=PLANE('',#3001);
#2680=PLANE('',#3003);
#2681=PLANE('',#3004);
#2682=PLANE('',#3005);
#2683=PLANE('',#3006);
#2684=PLANE('',#3007);
#2685=PLANE('',#3008);
#2686=PLANE('',#3012);
#2687=PLANE('',#3013);
#2688=PLANE('',#3014);
#2689=PLANE('',#3015);
#2690=PLANE('',#3016);
#2691=PLANE('',#3018);
#2692=PLANE('',#3019);
#2693=PLANE('',#3020);
#2694=PLANE('',#3021);
#2695=PLANE('',#3022);
#2696=PLANE('',#3023);
#2697=PLANE('',#3027);
#2698=PLANE('',#3028);
#2699=PLANE('',#3029);
#2700=PLANE('',#3030);
#2701=PLANE('',#3031);
#2702=PLANE('',#3033);
#2703=PLANE('',#3034);
#2704=PLANE('',#3035);
#2705=PLANE('',#3036);
#2706=PLANE('',#3037);
#2707=PLANE('',#3038);
#2708=PLANE('',#3041);
#2709=PLANE('',#3042);
#2710=PLANE('',#3046);
#2711=PLANE('',#3047);
#2712=PLANE('',#3048);
#2713=PLANE('',#3049);
#2714=PLANE('',#3050);
#2715=PLANE('',#3052);
#2716=PLANE('',#3053);
#2717=PLANE('',#3054);
#2718=PLANE('',#3055);
#2719=PLANE('',#3056);
#2720=PLANE('',#3057);
#2721=PLANE('',#3058);
#2722=PLANE('',#3059);
#2723=PLANE('',#3060);
#2724=PLANE('',#3061);
#2725=PLANE('',#3064);
#2726=PLANE('',#3067);
#2727=PLANE('',#3069);
#2728=PLANE('',#3071);
#2729=PLANE('',#3075);
#2730=PLANE('',#3079);
#2731=PLANE('',#3083);
#2732=PLANE('',#3087);
#2733=PLANE('',#3088);
#2734=PLANE('',#3089);
#2735=PLANE('',#3090);
#2736=PLANE('',#3095);
#2737=PLANE('',#3096);
#2738=PLANE('',#3099);
#2739=PLANE('',#3100);
#2740=PLANE('',#3101);
#2741=PLANE('',#3102);
#2742=PLANE('',#3103);
#2743=PLANE('',#3104);
#2744=PLANE('',#3105);
#2745=PLANE('',#3106);
#2746=PLANE('',#3107);
#2747=PLANE('',#3108);
#2748=PLANE('',#3109);
#2749=PLANE('',#3110);
#2750=PLANE('',#3111);
#2751=PLANE('',#3112);
#2752=PLANE('',#3113);
#2753=PLANE('',#3114);
#2754=ADVANCED_FACE('',(#52),#2629,.T.);
#2755=ADVANCED_FACE('',(#53),#2630,.T.);
#2756=ADVANCED_FACE('',(#54),#2631,.T.);
#2757=ADVANCED_FACE('',(#55),#30,.T.);
#2758=ADVANCED_FACE('',(#56),#2632,.T.);
#2759=ADVANCED_FACE('',(#57),#2633,.T.);
#2760=ADVANCED_FACE('',(#58),#2634,.T.);
#2761=ADVANCED_FACE('',(#59),#2635,.T.);
#2762=ADVANCED_FACE('',(#60),#2636,.T.);
#2763=ADVANCED_FACE('',(#61),#31,.F.);
#2764=ADVANCED_FACE('',(#62),#2637,.T.);
#2765=ADVANCED_FACE('',(#63),#2638,.T.);
#2766=ADVANCED_FACE('',(#64),#2639,.T.);
#2767=ADVANCED_FACE('',(#65),#2640,.T.);
#2768=ADVANCED_FACE('',(#66),#2641,.T.);
#2769=ADVANCED_FACE('',(#67),#2642,.T.);
#2770=ADVANCED_FACE('',(#68),#2643,.T.);
#2771=ADVANCED_FACE('',(#69),#2644,.T.);
#2772=ADVANCED_FACE('',(#70),#32,.T.);
#2773=ADVANCED_FACE('',(#71),#2645,.T.);
#2774=ADVANCED_FACE('',(#72),#2646,.T.);
#2775=ADVANCED_FACE('',(#73),#2647,.T.);
#2776=ADVANCED_FACE('',(#74),#2648,.T.);
#2777=ADVANCED_FACE('',(#75),#2649,.T.);
#2778=ADVANCED_FACE('',(#76),#33,.F.);
#2779=ADVANCED_FACE('',(#77),#2650,.T.);
#2780=ADVANCED_FACE('',(#78),#2651,.T.);
#2781=ADVANCED_FACE('',(#79),#2652,.T.);
#2782=ADVANCED_FACE('',(#80),#2653,.T.);
#2783=ADVANCED_FACE('',(#81),#2654,.T.);
#2784=ADVANCED_FACE('',(#82),#2655,.T.);
#2785=ADVANCED_FACE('',(#83),#2656,.T.);
#2786=ADVANCED_FACE('',(#84),#2657,.T.);
#2787=ADVANCED_FACE('',(#85),#34,.T.);
#2788=ADVANCED_FACE('',(#86),#2658,.T.);
#2789=ADVANCED_FACE('',(#87),#2659,.T.);
#2790=ADVANCED_FACE('',(#88),#2660,.T.);
#2791=ADVANCED_FACE('',(#89),#2661,.T.);
#2792=ADVANCED_FACE('',(#90),#2662,.T.);
#2793=ADVANCED_FACE('',(#91),#35,.F.);
#2794=ADVANCED_FACE('',(#92),#2663,.T.);
#2795=ADVANCED_FACE('',(#93),#2664,.T.);
#2796=ADVANCED_FACE('',(#94),#2665,.T.);
#2797=ADVANCED_FACE('',(#95),#2666,.T.);
#2798=ADVANCED_FACE('',(#96),#2667,.T.);
#2799=ADVANCED_FACE('',(#97),#2668,.T.);
#2800=ADVANCED_FACE('',(#98),#2669,.T.);
#2801=ADVANCED_FACE('',(#99),#2670,.T.);
#2802=ADVANCED_FACE('',(#100),#2671,.T.);
#2803=ADVANCED_FACE('',(#101),#2672,.T.);
#2804=ADVANCED_FACE('',(#102),#2673,.T.);
#2805=ADVANCED_FACE('',(#103),#2674,.T.);
#2806=ADVANCED_FACE('',(#104),#36,.T.);
#2807=ADVANCED_FACE('',(#105),#2675,.T.);
#2808=ADVANCED_FACE('',(#106),#2676,.T.);
#2809=ADVANCED_FACE('',(#107),#2677,.T.);
#2810=ADVANCED_FACE('',(#108),#2678,.T.);
#2811=ADVANCED_FACE('',(#109),#2679,.T.);
#2812=ADVANCED_FACE('',(#110),#37,.F.);
#2813=ADVANCED_FACE('',(#111),#2680,.T.);
#2814=ADVANCED_FACE('',(#112),#2681,.T.);
#2815=ADVANCED_FACE('',(#113),#2682,.T.);
#2816=ADVANCED_FACE('',(#114),#2683,.T.);
#2817=ADVANCED_FACE('',(#115),#2684,.T.);
#2818=ADVANCED_FACE('',(#116),#2685,.T.);
#2819=ADVANCED_FACE('',(#117),#38,.T.);
#2820=ADVANCED_FACE('',(#118),#2686,.T.);
#2821=ADVANCED_FACE('',(#119),#2687,.T.);
#2822=ADVANCED_FACE('',(#120),#2688,.T.);
#2823=ADVANCED_FACE('',(#121),#2689,.T.);
#2824=ADVANCED_FACE('',(#122),#2690,.T.);
#2825=ADVANCED_FACE('',(#123),#39,.F.);
#2826=ADVANCED_FACE('',(#124),#2691,.T.);
#2827=ADVANCED_FACE('',(#125),#2692,.T.);
#2828=ADVANCED_FACE('',(#126),#2693,.T.);
#2829=ADVANCED_FACE('',(#127),#2694,.T.);
#2830=ADVANCED_FACE('',(#128),#2695,.T.);
#2831=ADVANCED_FACE('',(#129),#2696,.T.);
#2832=ADVANCED_FACE('',(#130),#40,.T.);
#2833=ADVANCED_FACE('',(#131),#2697,.T.);
#2834=ADVANCED_FACE('',(#132),#2698,.T.);
#2835=ADVANCED_FACE('',(#133),#2699,.T.);
#2836=ADVANCED_FACE('',(#134),#2700,.T.);
#2837=ADVANCED_FACE('',(#135),#2701,.T.);
#2838=ADVANCED_FACE('',(#136),#41,.F.);
#2839=ADVANCED_FACE('',(#137),#2702,.T.);
#2840=ADVANCED_FACE('',(#138),#2703,.T.);
#2841=ADVANCED_FACE('',(#139),#2704,.T.);
#2842=ADVANCED_FACE('',(#140),#2705,.T.);
#2843=ADVANCED_FACE('',(#141),#2706,.T.);
#2844=ADVANCED_FACE('',(#142),#2707,.T.);
#2845=ADVANCED_FACE('',(#143),#2708,.T.);
#2846=ADVANCED_FACE('',(#144),#2709,.T.);
#2847=ADVANCED_FACE('',(#145),#42,.T.);
#2848=ADVANCED_FACE('',(#146),#2710,.T.);
#2849=ADVANCED_FACE('',(#147),#2711,.T.);
#2850=ADVANCED_FACE('',(#148),#2712,.T.);
#2851=ADVANCED_FACE('',(#149),#2713,.T.);
#2852=ADVANCED_FACE('',(#150),#2714,.T.);
#2853=ADVANCED_FACE('',(#151),#43,.F.);
#2854=ADVANCED_FACE('',(#152),#2715,.T.);
#2855=ADVANCED_FACE('',(#153),#2716,.T.);
#2856=ADVANCED_FACE('',(#154),#2717,.T.);
#2857=ADVANCED_FACE('',(#155),#2718,.T.);
#2858=ADVANCED_FACE('',(#156),#2719,.T.);
#2859=ADVANCED_FACE('',(#157),#2720,.T.);
#2860=ADVANCED_FACE('',(#158),#2721,.T.);
#2861=ADVANCED_FACE('',(#159),#2722,.T.);
#2862=ADVANCED_FACE('',(#160),#2723,.T.);
#2863=ADVANCED_FACE('',(#161,#15,#16,#17),#2724,.T.);
#2864=ADVANCED_FACE('',(#162,#18),#2725,.T.);
#2865=ADVANCED_FACE('',(#163),#2726,.F.);
#2866=ADVANCED_FACE('',(#164),#44,.F.);
#2867=ADVANCED_FACE('',(#165),#2727,.F.);
#2868=ADVANCED_FACE('',(#166),#45,.F.);
#2869=ADVANCED_FACE('',(#167),#2728,.F.);
#2870=ADVANCED_FACE('',(#168),#46,.F.);
#2871=ADVANCED_FACE('',(#169),#2729,.F.);
#2872=ADVANCED_FACE('',(#170),#47,.F.);
#2873=ADVANCED_FACE('',(#171),#2730,.F.);
#2874=ADVANCED_FACE('',(#172),#48,.F.);
#2875=ADVANCED_FACE('',(#173),#2731,.F.);
#2876=ADVANCED_FACE('',(#174),#49,.F.);
#2877=ADVANCED_FACE('',(#175),#2732,.T.);
#2878=ADVANCED_FACE('',(#176),#2733,.T.);
#2879=ADVANCED_FACE('',(#177),#2734,.T.);
#2880=ADVANCED_FACE('',(#178),#2735,.T.);
#2881=ADVANCED_FACE('',(#179),#50,.T.);
#2882=ADVANCED_FACE('',(#180),#2736,.T.);
#2883=ADVANCED_FACE('',(#181),#2737,.T.);
#2884=ADVANCED_FACE('',(#182),#51,.F.);
#2885=ADVANCED_FACE('',(#183),#2738,.T.);
#2886=ADVANCED_FACE('',(#184),#2739,.T.);
#2887=ADVANCED_FACE('',(#185),#2740,.T.);
#2888=ADVANCED_FACE('',(#186),#2741,.T.);
#2889=ADVANCED_FACE('',(#187),#2742,.T.);
#2890=ADVANCED_FACE('',(#188),#2743,.T.);
#2891=ADVANCED_FACE('',(#189),#2744,.T.);
#2892=ADVANCED_FACE('',(#190),#2745,.F.);
#2893=ADVANCED_FACE('',(#191),#2746,.T.);
#2894=ADVANCED_FACE('',(#192,#19),#2747,.T.);
#2895=ADVANCED_FACE('',(#193),#2748,.T.);
#2896=ADVANCED_FACE('',(#194,#20),#2749,.T.);
#2897=ADVANCED_FACE('',(#195,#21,#22,#23),#2750,.T.);
#2898=ADVANCED_FACE('',(#196,#24,#25,#26),#2751,.T.);
#2899=ADVANCED_FACE('',(#197,#27,#28),#2752,.T.);
#2900=ADVANCED_FACE('',(#198,#29),#2753,.F.);
#2901=CLOSED_SHELL('',(#2754,#2755,#2756,#2757,#2758,#2759,#2760,#2761,
#2762,#2763,#2764,#2765,#2766,#2767,#2768,#2769,#2770,#2771,#2772,#2773,
#2774,#2775,#2776,#2777,#2778,#2779,#2780,#2781,#2782,#2783,#2784,#2785,
#2786,#2787,#2788,#2789,#2790,#2791,#2792,#2793,#2794,#2795,#2796,#2797,
#2798,#2799,#2800,#2801,#2802,#2803,#2804,#2805,#2806,#2807,#2808,#2809,
#2810,#2811,#2812,#2813,#2814,#2815,#2816,#2817,#2818,#2819,#2820,#2821,
#2822,#2823,#2824,#2825,#2826,#2827,#2828,#2829,#2830,#2831,#2832,#2833,
#2834,#2835,#2836,#2837,#2838,#2839,#2840,#2841,#2842,#2843,#2844,#2845,
#2846,#2847,#2848,#2849,#2850,#2851,#2852,#2853,#2854,#2855,#2856,#2857,
#2858,#2859,#2860,#2861,#2862,#2863,#2864,#2865,#2866,#2867,#2868,#2869,
#2870,#2871,#2872,#2873,#2874,#2875,#2876,#2877,#2878,#2879,#2880,#2881,
#2882,#2883,#2884,#2885,#2886,#2887,#2888,#2889,#2890,#2891,#2892,#2893,
#2894,#2895,#2896,#2897,#2898,#2899,#2900));
#2902=DERIVED_UNIT_ELEMENT(#2905,1.);
#2903=DERIVED_UNIT_ELEMENT(#4696,-3.);
#2904=DIMENSIONAL_EXPONENTS(0.,1.,0.,0.,0.,0.,0.);
#2905=(
CONVERSION_BASED_UNIT('gram',#2907)
MASS_UNIT()
NAMED_UNIT(#2904)
);
#2906=(
MASS_UNIT()
NAMED_UNIT(*)
SI_UNIT(.KILO.,.GRAM.)
);
#2907=MASS_MEASURE_WITH_UNIT(MASS_MEASURE(0.001),#2906);
#2908=DERIVED_UNIT((#2902,#2903));
#2909=MEASURE_REPRESENTATION_ITEM('density measure',
POSITIVE_RATIO_MEASURE(1.),#2908);
#2910=PROPERTY_DEFINITION_REPRESENTATION(#2915,#2912);
#2911=PROPERTY_DEFINITION_REPRESENTATION(#2916,#2913);
#2912=REPRESENTATION('material name',(#2914),#4693);
#2913=REPRESENTATION('density',(#2909),#4693);
#2914=DESCRIPTIVE_REPRESENTATION_ITEM('Generic','Generic');
#2915=PROPERTY_DEFINITION('material property','material name',#4703);
#2916=PROPERTY_DEFINITION('material property','density of part',#4703);
#2917=DATE_TIME_ROLE('creation_date');
#2918=APPLIED_DATE_AND_TIME_ASSIGNMENT(#2919,#2917,(#4703));
#2919=DATE_AND_TIME(#2920,#2921);
#2920=CALENDAR_DATE(2026,1,4);
#2921=LOCAL_TIME(0,0,0.,#2922);
#2922=COORDINATED_UNIVERSAL_TIME_OFFSET(0,0,.BEHIND.);
#2923=AXIS2_PLACEMENT_3D('',#3863,#3115,#3116);
#2924=AXIS2_PLACEMENT_3D('',#3864,#3117,#3118);
#2925=AXIS2_PLACEMENT_3D('',#3881,#3126,#3127);
#2926=AXIS2_PLACEMENT_3D('',#3887,#3130,#3131);
#2927=AXIS2_PLACEMENT_3D('',#3891,#3134,#3135);
#2928=AXIS2_PLACEMENT_3D('',#3901,#3141,#3142);
#2929=AXIS2_PLACEMENT_3D('',#3906,#3144,#3145);
#2930=AXIS2_PLACEMENT_3D('',#3921,#3153,#3154);
#2931=AXIS2_PLACEMENT_3D('',#3923,#3156,#3157);
#2932=AXIS2_PLACEMENT_3D('',#3926,#3160,#3161);
#2933=AXIS2_PLACEMENT_3D('',#3930,#3164,#3165);
#2934=AXIS2_PLACEMENT_3D('',#3932,#3167,#3168);
#2935=AXIS2_PLACEMENT_3D('',#3934,#3170,#3171);
#2936=AXIS2_PLACEMENT_3D('',#3937,#3174,#3175);
#2937=AXIS2_PLACEMENT_3D('',#3939,#3177,#3178);
#2938=AXIS2_PLACEMENT_3D('',#3940,#3179,#3180);
#2939=AXIS2_PLACEMENT_3D('',#3942,#3182,#3183);
#2940=AXIS2_PLACEMENT_3D('',#3944,#3185,#3186);
#2941=AXIS2_PLACEMENT_3D('',#3946,#3188,#3189);
#2942=AXIS2_PLACEMENT_3D('',#3948,#3191,#3192);
#2943=AXIS2_PLACEMENT_3D('',#3949,#3193,#3194);
#2944=AXIS2_PLACEMENT_3D('',#3966,#3202,#3203);
#2945=AXIS2_PLACEMENT_3D('',#3972,#3206,#3207);
#2946=AXIS2_PLACEMENT_3D('',#3976,#3210,#3211);
#2947=AXIS2_PLACEMENT_3D('',#3986,#3217,#3218);
#2948=AXIS2_PLACEMENT_3D('',#3991,#3220,#3221);
#2949=AXIS2_PLACEMENT_3D('',#4006,#3229,#3230);
#2950=AXIS2_PLACEMENT_3D('',#4008,#3232,#3233);
#2951=AXIS2_PLACEMENT_3D('',#4011,#3236,#3237);
#2952=AXIS2_PLACEMENT_3D('',#4015,#3240,#3241);
#2953=AXIS2_PLACEMENT_3D('',#4017,#3243,#3244);
#2954=AXIS2_PLACEMENT_3D('',#4019,#3246,#3247);
#2955=AXIS2_PLACEMENT_3D('',#4022,#3250,#3251);
#2956=AXIS2_PLACEMENT_3D('',#4024,#3253,#3254);
#2957=AXIS2_PLACEMENT_3D('',#4025,#3255,#3256);
#2958=AXIS2_PLACEMENT_3D('',#4027,#3258,#3259);
#2959=AXIS2_PLACEMENT_3D('',#4029,#3261,#3262);
#2960=AXIS2_PLACEMENT_3D('',#4031,#3264,#3265);
#2961=AXIS2_PLACEMENT_3D('',#4033,#3267,#3268);
#2962=AXIS2_PLACEMENT_3D('',#4034,#3269,#3270);
#2963=AXIS2_PLACEMENT_3D('',#4051,#3278,#3279);
#2964=AXIS2_PLACEMENT_3D('',#4057,#3282,#3283);
#2965=AXIS2_PLACEMENT_3D('',#4061,#3286,#3287);
#2966=AXIS2_PLACEMENT_3D('',#4071,#3293,#3294);
#2967=AXIS2_PLACEMENT_3D('',#4076,#3296,#3297);
#2968=AXIS2_PLACEMENT_3D('',#4091,#3305,#3306);
#2969=AXIS2_PLACEMENT_3D('',#4093,#3308,#3309);
#2970=AXIS2_PLACEMENT_3D('',#4096,#3312,#3313);
#2971=AXIS2_PLACEMENT_3D('',#4100,#3316,#3317);
#2972=AXIS2_PLACEMENT_3D('',#4102,#3319,#3320);
#2973=AXIS2_PLACEMENT_3D('',#4104,#3322,#3323);
#2974=AXIS2_PLACEMENT_3D('',#4107,#3326,#3327);
#2975=AXIS2_PLACEMENT_3D('',#4109,#3329,#3330);
#2976=AXIS2_PLACEMENT_3D('',#4110,#3331,#3332);
#2977=AXIS2_PLACEMENT_3D('',#4112,#3334,#3335);
#2978=AXIS2_PLACEMENT_3D('',#4114,#3337,#3338);
#2979=AXIS2_PLACEMENT_3D('',#4116,#3340,#3341);
#2980=AXIS2_PLACEMENT_3D('',#4118,#3343,#3344);
#2981=AXIS2_PLACEMENT_3D('',#4119,#3345,#3346);
#2982=AXIS2_PLACEMENT_3D('',#4136,#3354,#3355);
#2983=AXIS2_PLACEMENT_3D('',#4142,#3358,#3359);
#2984=AXIS2_PLACEMENT_3D('',#4146,#3362,#3363);
#2985=AXIS2_PLACEMENT_3D('',#4156,#3369,#3370);
#2986=AXIS2_PLACEMENT_3D('',#4173,#3378,#3379);
#2987=AXIS2_PLACEMENT_3D('',#4179,#3382,#3383);
#2988=AXIS2_PLACEMENT_3D('',#4183,#3386,#3387);
#2989=AXIS2_PLACEMENT_3D('',#4193,#3393,#3394);
#2990=AXIS2_PLACEMENT_3D('',#4210,#3402,#3403);
#2991=AXIS2_PLACEMENT_3D('',#4216,#3406,#3407);
#2992=AXIS2_PLACEMENT_3D('',#4220,#3410,#3411);
#2993=AXIS2_PLACEMENT_3D('',#4230,#3417,#3418);
#2994=AXIS2_PLACEMENT_3D('',#4235,#3420,#3421);
#2995=AXIS2_PLACEMENT_3D('',#4250,#3429,#3430);
#2996=AXIS2_PLACEMENT_3D('',#4252,#3432,#3433);
#2997=AXIS2_PLACEMENT_3D('',#4255,#3436,#3437);
#2998=AXIS2_PLACEMENT_3D('',#4259,#3440,#3441);
#2999=AXIS2_PLACEMENT_3D('',#4261,#3443,#3444);
#3000=AXIS2_PLACEMENT_3D('',#4263,#3446,#3447);
#3001=AXIS2_PLACEMENT_3D('',#4266,#3450,#3451);
#3002=AXIS2_PLACEMENT_3D('',#4268,#3453,#3454);
#3003=AXIS2_PLACEMENT_3D('',#4269,#3455,#3456);
#3004=AXIS2_PLACEMENT_3D('',#4271,#3458,#3459);
#3005=AXIS2_PLACEMENT_3D('',#4273,#3461,#3462);
#3006=AXIS2_PLACEMENT_3D('',#4275,#3464,#3465);
#3007=AXIS2_PLACEMENT_3D('',#4277,#3467,#3468);
#3008=AXIS2_PLACEMENT_3D('',#4278,#3469,#3470);
#3009=AXIS2_PLACEMENT_3D('',#4283,#3472,#3473);
#3010=AXIS2_PLACEMENT_3D('',#4298,#3481,#3482);
#3011=AXIS2_PLACEMENT_3D('',#4300,#3484,#3485);
#3012=AXIS2_PLACEMENT_3D('',#4303,#3488,#3489);
#3013=AXIS2_PLACEMENT_3D('',#4307,#3492,#3493);
#3014=AXIS2_PLACEMENT_3D('',#4309,#3495,#3496);
#3015=AXIS2_PLACEMENT_3D('',#4311,#3498,#3499);
#3016=AXIS2_PLACEMENT_3D('',#4314,#3502,#3503);
#3017=AXIS2_PLACEMENT_3D('',#4316,#3505,#3506);
#3018=AXIS2_PLACEMENT_3D('',#4317,#3507,#3508);
#3019=AXIS2_PLACEMENT_3D('',#4319,#3510,#3511);
#3020=AXIS2_PLACEMENT_3D('',#4321,#3513,#3514);
#3021=AXIS2_PLACEMENT_3D('',#4323,#3516,#3517);
#3022=AXIS2_PLACEMENT_3D('',#4325,#3519,#3520);
#3023=AXIS2_PLACEMENT_3D('',#4326,#3521,#3522);
#3024=AXIS2_PLACEMENT_3D('',#4331,#3524,#3525);
#3025=AXIS2_PLACEMENT_3D('',#4346,#3533,#3534);
#3026=AXIS2_PLACEMENT_3D('',#4348,#3536,#3537);
#3027=AXIS2_PLACEMENT_3D('',#4351,#3540,#3541);
#3028=AXIS2_PLACEMENT_3D('',#4355,#3544,#3545);
#3029=AXIS2_PLACEMENT_3D('',#4357,#3547,#3548);
#3030=AXIS2_PLACEMENT_3D('',#4359,#3550,#3551);
#3031=AXIS2_PLACEMENT_3D('',#4362,#3554,#3555);
#3032=AXIS2_PLACEMENT_3D('',#4364,#3557,#3558);
#3033=AXIS2_PLACEMENT_3D('',#4365,#3559,#3560);
#3034=AXIS2_PLACEMENT_3D('',#4367,#3562,#3563);
#3035=AXIS2_PLACEMENT_3D('',#4369,#3565,#3566);
#3036=AXIS2_PLACEMENT_3D('',#4371,#3568,#3569);
#3037=AXIS2_PLACEMENT_3D('',#4373,#3571,#3572);
#3038=AXIS2_PLACEMENT_3D('',#4374,#3573,#3574);
#3039=AXIS2_PLACEMENT_3D('',#4391,#3582,#3583);
#3040=AXIS2_PLACEMENT_3D('',#4397,#3586,#3587);
#3041=AXIS2_PLACEMENT_3D('',#4401,#3590,#3591);
#3042=AXIS2_PLACEMENT_3D('',#4411,#3597,#3598);
#3043=AXIS2_PLACEMENT_3D('',#4416,#3600,#3601);
#3044=AXIS2_PLACEMENT_3D('',#4431,#3609,#3610);
#3045=AXIS2_PLACEMENT_3D('',#4433,#3612,#3613);
#3046=AXIS2_PLACEMENT_3D('',#4436,#3616,#3617);
#3047=AXIS2_PLACEMENT_3D('',#4440,#3620,#3621);
#3048=AXIS2_PLACEMENT_3D('',#4442,#3623,#3624);
#3049=AXIS2_PLACEMENT_3D('',#4444,#3626,#3627);
#3050=AXIS2_PLACEMENT_3D('',#4447,#3630,#3631);
#3051=AXIS2_PLACEMENT_3D('',#4449,#3633,#3634);
#3052=AXIS2_PLACEMENT_3D('',#4450,#3635,#3636);
#3053=AXIS2_PLACEMENT_3D('',#4452,#3638,#3639);
#3054=AXIS2_PLACEMENT_3D('',#4454,#3641,#3642);
#3055=AXIS2_PLACEMENT_3D('',#4456,#3644,#3645);
#3056=AXIS2_PLACEMENT_3D('',#4458,#3647,#3648);
#3057=AXIS2_PLACEMENT_3D('',#4459,#3649,#3650);
#3058=AXIS2_PLACEMENT_3D('',#4468,#3655,#3656);
#3059=AXIS2_PLACEMENT_3D('',#4474,#3660,#3661);
#3060=AXIS2_PLACEMENT_3D('',#4478,#3664,#3665);
#3061=AXIS2_PLACEMENT_3D('',#4482,#3668,#3669);
#3062=AXIS2_PLACEMENT_3D('',#4495,#3675,#3676);
#3063=AXIS2_PLACEMENT_3D('',#4498,#3678,#3679);
#3064=AXIS2_PLACEMENT_3D('',#4499,#3680,#3681);
#3065=AXIS2_PLACEMENT_3D('',#4513,#3688,#3689);
#3066=AXIS2_PLACEMENT_3D('',#4516,#3691,#3692);
#3067=AXIS2_PLACEMENT_3D('',#4517,#3693,#3694);
#3068=AXIS2_PLACEMENT_3D('',#4520,#3697,#3698);
#3069=AXIS2_PLACEMENT_3D('',#4522,#3700,#3701);
#3070=AXIS2_PLACEMENT_3D('',#4524,#3703,#3704);
#3071=AXIS2_PLACEMENT_3D('',#4525,#3705,#3706);
#3072=AXIS2_PLACEMENT_3D('',#4534,#3711,#3712);
#3073=AXIS2_PLACEMENT_3D('',#4536,#3713,#3714);
#3074=AXIS2_PLACEMENT_3D('',#4539,#3716,#3717);
#3075=AXIS2_PLACEMENT_3D('',#4540,#3718,#3719);
#3076=AXIS2_PLACEMENT_3D('',#4546,#3723,#3724);
#3077=AXIS2_PLACEMENT_3D('',#4547,#3725,#3726);
#3078=AXIS2_PLACEMENT_3D('',#4548,#3727,#3728);
#3079=AXIS2_PLACEMENT_3D('',#4549,#3729,#3730);
#3080=AXIS2_PLACEMENT_3D('',#4558,#3735,#3736);
#3081=AXIS2_PLACEMENT_3D('',#4560,#3737,#3738);
#3082=AXIS2_PLACEMENT_3D('',#4563,#3740,#3741);
#3083=AXIS2_PLACEMENT_3D('',#4564,#3742,#3743);
#3084=AXIS2_PLACEMENT_3D('',#4570,#3747,#3748);
#3085=AXIS2_PLACEMENT_3D('',#4571,#3749,#3750);
#3086=AXIS2_PLACEMENT_3D('',#4572,#3751,#3752);
#3087=AXIS2_PLACEMENT_3D('',#4573,#3753,#3754);
#3088=AXIS2_PLACEMENT_3D('',#4580,#3758,#3759);
#3089=AXIS2_PLACEMENT_3D('',#4586,#3763,#3764);
#3090=AXIS2_PLACEMENT_3D('',#4594,#3769,#3770);
#3091=AXIS2_PLACEMENT_3D('',#4599,#3772,#3773);
#3092=AXIS2_PLACEMENT_3D('',#4614,#3781,#3782);
#3093=AXIS2_PLACEMENT_3D('',#4616,#3784,#3785);
#3094=AXIS2_PLACEMENT_3D('',#4620,#3787,#3788);
#3095=AXIS2_PLACEMENT_3D('',#4622,#3790,#3791);
#3096=AXIS2_PLACEMENT_3D('',#4628,#3795,#3796);
#3097=AXIS2_PLACEMENT_3D('',#4632,#3799,#3800);
#3098=AXIS2_PLACEMENT_3D('',#4633,#3801,#3802);
#3099=AXIS2_PLACEMENT_3D('',#4634,#3803,#3804);
#3100=AXIS2_PLACEMENT_3D('',#4638,#3807,#3808);
#3101=AXIS2_PLACEMENT_3D('',#4642,#3811,#3812);
#3102=AXIS2_PLACEMENT_3D('',#4646,#3815,#3816);
#3103=AXIS2_PLACEMENT_3D('',#4653,#3821,#3822);
#3104=AXIS2_PLACEMENT_3D('',#4655,#3824,#3825);
#3105=AXIS2_PLACEMENT_3D('',#4657,#3827,#3828);
#3106=AXIS2_PLACEMENT_3D('',#4658,#3829,#3830);
#3107=AXIS2_PLACEMENT_3D('',#4664,#3834,#3835);
#3108=AXIS2_PLACEMENT_3D('',#4670,#3839,#3840);
#3109=AXIS2_PLACEMENT_3D('',#4676,#3844,#3845);
#3110=AXIS2_PLACEMENT_3D('',#4678,#3847,#3848);
#3111=AXIS2_PLACEMENT_3D('',#4680,#3850,#3851);
#3112=AXIS2_PLACEMENT_3D('',#4686,#3855,#3856);
#3113=AXIS2_PLACEMENT_3D('',#4688,#3858,#3859);
#3114=AXIS2_PLACEMENT_3D('',#4690,#3861,#3862);
#3115=DIRECTION('axis',(0.,0.,1.));
#3116=DIRECTION('refdir',(1.,0.,0.));
#3117=DIRECTION('center_axis',(7.15058897216203E-17,1.,1.23259516440783E-32));
#3118=DIRECTION('ref_axis',(-0.723652305806135,5.17454019757697E-17,0.690164719687601));
#3119=DIRECTION('',(-0.986393923832144,8.72964165096539E-17,-0.164398987305357));
#3120=DIRECTION('',(-0.164398987305354,3.65039081862926E-17,0.986393923832144));
#3121=DIRECTION('',(0.6901647196876,-3.64211178425182E-17,0.723652305806135));
#3122=DIRECTION('',(0.723652305806135,-5.17454019757697E-17,-0.690164719687601));
#3123=DIRECTION('',(0.6901647196876,-3.64211178425182E-17,0.723652305806135));
#3124=DIRECTION('',(-0.164398987305355,1.70688004764289E-17,0.986393923832144));
#3125=DIRECTION('',(-0.569859701401599,4.75693030125859E-17,0.821742003744777));
#3126=DIRECTION('center_axis',(8.11632576854835E-17,1.,5.65798037032893E-17));
#3127=DIRECTION('ref_axis',(-0.778524074050351,9.86978685278981E-17,-0.627614743392827));
#3128=DIRECTION('',(1.85553292415892E-48,-1.23259516440783E-32,1.));
#3129=DIRECTION('',(0.305192074546493,-4.10117239832644E-17,-0.952290815682903));
#3130=DIRECTION('center_axis',(7.21670174148525E-17,1.,-2.72451256958822E-17));
#3131=DIRECTION('ref_axis',(-0.77852407405036,3.90843169023329E-17,-0.627614743392815));
#3132=DIRECTION('',(0.627614743392835,1.26376692643374E-17,-0.778524074050344));
#3133=DIRECTION('',(0.569859701401599,-2.86816334353647E-17,-0.821742003744776));
#3134=DIRECTION('center_axis',(0.986393923832144,-7.05329751396176E-17,
0.164398987305356));
#3135=DIRECTION('ref_axis',(7.15058897216203E-17,1.,0.));
#3136=DIRECTION('',(-7.15058897216203E-17,-1.,-1.894808076913E-32));
#3137=DIRECTION('',(0.164398987305357,-1.4549402751609E-17,-0.986393923832144));
#3138=DIRECTION('',(-7.15058897216203E-17,-1.,-2.06690284487774E-32));
#3139=DIRECTION('',(8.85005618957049E-17,1.,0.));
#3140=DIRECTION('',(-0.164398987305354,3.65039081862926E-17,0.986393923832144));
#3141=DIRECTION('center_axis',(-7.15058897216203E-17,-1.,-1.23259516440783E-32));
#3142=DIRECTION('ref_axis',(0.723652305806135,-5.17454019757697E-17,-0.690164719687601));
#3143=DIRECTION('',(-1.85553292415892E-48,1.23259516440783E-32,-1.));
#3144=DIRECTION('center_axis',(8.11632576854835E-17,1.,5.65798037032893E-17));
#3145=DIRECTION('ref_axis',(-0.77852407405035,1.64606744954711E-16,-0.627614743392828));
#3146=DIRECTION('',(-0.569859701401599,4.75693030125859E-17,0.821742003744777));
#3147=DIRECTION('',(-0.164398987305355,1.70688004764289E-17,0.986393923832144));
#3148=DIRECTION('',(0.6901647196876,-3.64211178425182E-17,0.723652305806135));
#3149=DIRECTION('',(-0.723652305806135,5.17454019757697E-17,0.690164719687601));
#3150=DIRECTION('',(0.6901647196876,-3.64211178425182E-17,0.723652305806135));
#3151=DIRECTION('',(0.569859701401599,-2.86816334353647E-17,-0.821742003744776));
#3152=DIRECTION('',(0.627614743392835,1.26376692643374E-17,-0.778524074050344));
#3153=DIRECTION('center_axis',(7.21670174148524E-17,1.,-2.72451256958822E-17));
#3154=DIRECTION('ref_axis',(-0.77852407405036,1.6460674495471E-16,-0.627614743392815));
#3155=DIRECTION('',(0.305192074546493,-4.10117239832644E-17,-0.952290815682903));
#3156=DIRECTION('center_axis',(7.15058897216203E-17,1.,3.00122497564601E-33));
#3157=DIRECTION('ref_axis',(-0.778524074050341,5.56690565846702E-17,-0.627614743392839));
#3158=DIRECTION('',(-7.15058897216203E-17,-1.,-3.00122497564601E-33));
#3159=DIRECTION('',(7.15058897216203E-17,1.,3.00122497564601E-33));
#3160=DIRECTION('center_axis',(-9.2109860355957E-17,-1.,2.1655790761512E-17));
#3161=DIRECTION('ref_axis',(0.986393923832144,-8.72964165096539E-17,0.164398987305357));
#3162=DIRECTION('',(-0.569859701401598,7.0285170411631E-17,0.821742003744777));
#3163=DIRECTION('',(0.986393923832144,-8.7296416509654E-17,0.164398987305357));
#3164=DIRECTION('center_axis',(-0.164398987305354,3.65039081862926E-17,
0.986393923832144));
#3165=DIRECTION('ref_axis',(-2.22044604925031E-16,-1.,0.));
#3166=DIRECTION('',(8.71024507170455E-17,1.,-2.24903590346639E-17));
#3167=DIRECTION('center_axis',(0.821742003744777,-5.87593930993973E-17,
0.569859701401599));
#3168=DIRECTION('ref_axis',(7.15058897216203E-17,1.,2.46519032881566E-32));
#3169=DIRECTION('',(-7.15058897216203E-17,-1.,1.23339766344411E-32));
#3170=DIRECTION('center_axis',(-0.952290815682903,5.37617471222456E-17,
-0.305192074546492));
#3171=DIRECTION('ref_axis',(5.78570340703928E-17,1.,-4.37421269089597E-18));
#3172=DIRECTION('',(-1.50538715203411E-16,1.,6.45883033850309E-16));
#3173=DIRECTION('',(-7.15058897216203E-17,-1.,-3.00122497564601E-33));
#3174=DIRECTION('center_axis',(0.778524074050344,-5.56690565846705E-17,
0.627614743392835));
#3175=DIRECTION('ref_axis',(-7.15058897216203E-17,-1.,-2.46519032881566E-32));
#3176=DIRECTION('',(-7.15058897216203E-17,-1.,-2.46519032881566E-32));
#3177=DIRECTION('center_axis',(7.15058897216203E-17,1.,3.00122497564601E-33));
#3178=DIRECTION('ref_axis',(-0.778524074050341,5.56690565846702E-17,-0.627614743392839));
#3179=DIRECTION('center_axis',(-0.821742003744777,5.87593930993973E-17,
-0.569859701401599));
#3180=DIRECTION('ref_axis',(-7.15058897216203E-17,-1.,-2.46519032881566E-32));
#3181=DIRECTION('',(7.15058897216203E-17,1.,0.));
#3182=DIRECTION('center_axis',(-0.986393923832144,7.05329751396176E-17,
-0.164398987305356));
#3183=DIRECTION('ref_axis',(-7.15058897216203E-17,-1.,0.));
#3184=DIRECTION('',(7.15058897216203E-17,1.,-1.54124102080679E-32));
#3185=DIRECTION('center_axis',(0.723652305806135,-5.17454019757697E-17,
-0.690164719687601));
#3186=DIRECTION('ref_axis',(7.15058897216203E-17,1.,0.));
#3187=DIRECTION('',(-7.15058897216203E-17,-1.,0.));
#3188=DIRECTION('center_axis',(-0.723652305806135,5.17454019757697E-17,
0.690164719687601));
#3189=DIRECTION('ref_axis',(-7.15058897216203E-17,-1.,0.));
#3190=DIRECTION('',(7.15058897216203E-17,1.,0.));
#3191=DIRECTION('center_axis',(-0.690164719687601,4.93508423357346E-17,
-0.723652305806135));
#3192=DIRECTION('ref_axis',(2.22044604925031E-16,1.,-1.4357241640342E-16));
#3193=DIRECTION('center_axis',(1.,2.80740352886757E-17,1.23259516440783E-32));
#3194=DIRECTION('ref_axis',(-2.03158403699329E-17,0.723652305806135,0.690164719687601));
#3195=DIRECTION('',(-1.09286164561625E-17,0.986393923832144,-0.164398987305357));
#3196=DIRECTION('',(2.01330693586568E-17,0.164398987305354,0.986393923832144));
#3197=DIRECTION('',(3.2305433188725E-17,-0.6901647196876,0.723652305806135));
#3198=DIRECTION('',(2.03158403699329E-17,-0.723652305806135,-0.690164719687601));
#3199=DIRECTION('',(3.2305433188725E-17,-0.6901647196876,0.723652305806135));
#3200=DIRECTION('',(6.97961648792978E-19,0.164398987305355,0.986393923832144));
#3201=DIRECTION('',(-9.17728331937497E-18,0.569859701401599,0.821742003744777));
#3202=DIRECTION('center_axis',(1.,1.84166673248125E-17,5.65798037032893E-17));
#3203=DIRECTION('ref_axis',(2.1172499615254E-17,0.778524074050351,-0.627614743392827));
#3204=DIRECTION('',(-1.23259516440783E-32,-1.85553292415892E-48,1.));
#3205=DIRECTION('',(-1.06207200861879E-17,-0.305192074546493,-0.952290815682903));
#3206=DIRECTION('center_axis',(1.,2.74129075954435E-17,-2.72451256958822E-17));
#3207=DIRECTION('ref_axis',(-3.84410520103122E-17,0.77852407405036,-0.627614743392815));
#3208=DIRECTION('',(7.5135498346752E-17,-0.627614743392835,-0.778524074050344));
#3209=DIRECTION('',(2.80649528965962E-17,-0.569859701401599,-0.821742003744776));
#3210=DIRECTION('center_axis',(2.76920578261989E-17,-0.986393923832144,
0.164398987305356));
#3211=DIRECTION('ref_axis',(1.,2.80740352886757E-17,0.));
#3212=DIRECTION('',(-1.,-2.80740352886757E-17,-1.894808076913E-32));
#3213=DIRECTION('',(1.82143607602709E-18,-0.164398987305357,-0.986393923832144));
#3214=DIRECTION('',(-1.,-2.80740352886757E-17,-2.06690284487774E-32));
#3215=DIRECTION('',(1.,1.1079363114591E-17,0.));
#3216=DIRECTION('',(2.01330693586568E-17,0.164398987305354,0.986393923832144));
#3217=DIRECTION('center_axis',(-1.,-2.80740352886757E-17,-1.23259516440783E-32));
#3218=DIRECTION('ref_axis',(2.03158403699329E-17,-0.723652305806135,-0.690164719687601));
#3219=DIRECTION('',(1.23259516440783E-32,1.85553292415892E-48,-1.));
#3220=DIRECTION('center_axis',(1.,1.84166673248125E-17,5.65798037032893E-17));
#3221=DIRECTION('ref_axis',(8.7081376042067E-17,0.77852407405035,-0.627614743392828));
#3222=DIRECTION('',(-9.17728331937497E-18,0.569859701401599,0.821742003744777));
#3223=DIRECTION('',(6.97961648792978E-19,0.164398987305355,0.986393923832144));
#3224=DIRECTION('',(3.2305433188725E-17,-0.6901647196876,0.723652305806135));
#3225=DIRECTION('',(-2.03158403699329E-17,0.723652305806135,0.690164719687601));
#3226=DIRECTION('',(3.2305433188725E-17,-0.6901647196876,0.723652305806135));
#3227=DIRECTION('',(2.80649528965962E-17,-0.569859701401599,-0.821742003744776));
#3228=DIRECTION('',(7.5135498346752E-17,-0.627614743392835,-0.778524074050344));
#3229=DIRECTION('center_axis',(1.,2.74129075954435E-17,-2.72451256958822E-17));
#3230=DIRECTION('ref_axis',(8.7081376042065E-17,0.77852407405036,-0.627614743392815));
#3231=DIRECTION('',(-1.06207200861879E-17,-0.305192074546493,-0.952290815682903));
#3232=DIRECTION('center_axis',(1.,2.80740352886757E-17,3.00122497564601E-33));
#3233=DIRECTION('ref_axis',(-2.18563123279728E-17,0.778524074050341,-0.627614743392839));
#3234=DIRECTION('',(-1.,-2.80740352886757E-17,-3.00122497564601E-33));
#3235=DIRECTION('',(1.,2.80740352886757E-17,3.00122497564601E-33));
#3236=DIRECTION('center_axis',(-1.,-7.47006465433901E-18,2.1655790761512E-17));
#3237=DIRECTION('ref_axis',(1.09286164561625E-17,-0.986393923832144,0.164398987305357));
#3238=DIRECTION('',(1.35385840796702E-17,0.569859701401598,0.821742003744777));
#3239=DIRECTION('',(1.09286164561625E-17,-0.986393923832144,0.164398987305357));
#3240=DIRECTION('center_axis',(2.01330693586568E-17,0.164398987305354,0.986393923832144));
#3241=DIRECTION('ref_axis',(-1.,1.22464679914735E-16,0.));
#3242=DIRECTION('',(1.,1.24774742932505E-17,-2.24903590346639E-17));
#3243=DIRECTION('center_axis',(2.30696140113179E-17,-0.821742003744777,
0.569859701401599));
#3244=DIRECTION('ref_axis',(1.,2.80740352886757E-17,2.46519032881566E-32));
#3245=DIRECTION('',(-1.,-2.80740352886757E-17,1.23339766344411E-32));
#3246=DIRECTION('center_axis',(-4.10673008914515E-17,0.952290815682903,
-0.305192074546492));
#3247=DIRECTION('ref_axis',(1.,4.17228909399032E-17,-4.37421269089597E-18));
#3248=DIRECTION('',(1.,1.50538715203411E-16,3.3516379857983E-16));
#3249=DIRECTION('',(-1.,-2.80740352886757E-17,-3.00122497564601E-33));
#3250=DIRECTION('center_axis',(2.18563123279729E-17,-0.778524074050344,
0.627614743392835));
#3251=DIRECTION('ref_axis',(-1.,-2.80740352886757E-17,-2.46519032881566E-32));
#3252=DIRECTION('',(-1.,-2.80740352886757E-17,-2.46519032881566E-32));
#3253=DIRECTION('center_axis',(1.,2.80740352886757E-17,3.00122497564601E-33));
#3254=DIRECTION('ref_axis',(-2.18563123279728E-17,0.778524074050341,-0.627614743392839));
#3255=DIRECTION('center_axis',(-2.30696140113179E-17,0.821742003744777,
-0.569859701401599));
#3256=DIRECTION('ref_axis',(-1.,-2.80740352886757E-17,-2.46519032881566E-32));
#3257=DIRECTION('',(1.,2.80740352886757E-17,0.));
#3258=DIRECTION('center_axis',(-2.76920578261989E-17,0.986393923832144,
-0.164398987305356));
#3259=DIRECTION('ref_axis',(-1.,-2.80740352886757E-17,0.));
#3260=DIRECTION('',(1.,2.80740352886757E-17,-1.54124102080679E-32));
#3261=DIRECTION('center_axis',(2.03158403699329E-17,-0.723652305806135,
-0.690164719687601));
#3262=DIRECTION('ref_axis',(1.,2.80740352886757E-17,0.));
#3263=DIRECTION('',(-1.,-2.80740352886757E-17,0.));
#3264=DIRECTION('center_axis',(-2.03158403699329E-17,0.723652305806135,
0.690164719687601));
#3265=DIRECTION('ref_axis',(-1.,-2.80740352886757E-17,0.));
#3266=DIRECTION('',(1.,2.80740352886757E-17,0.));
#3267=DIRECTION('center_axis',(-1.93757086955087E-17,0.690164719687601,
-0.723652305806135));
#3268=DIRECTION('ref_axis',(1.,-1.22464679914735E-16,-1.4357241640342E-16));
#3269=DIRECTION('center_axis',(3.72583320128442E-16,-1.,1.23259516440783E-32));
#3270=DIRECTION('ref_axis',(0.723652305806135,2.69620778715853E-16,0.690164719687601));
#3271=DIRECTION('',(0.986393923832144,3.50750481725866E-16,-0.164398987305357));
#3272=DIRECTION('',(0.164398987305354,3.65039081862926E-17,0.986393923832144));
#3273=DIRECTION('',(-0.6901647196876,-2.70073587189938E-16,0.723652305806135));
#3274=DIRECTION('',(-0.723652305806135,-2.69620778715853E-16,-0.690164719687601));
#3275=DIRECTION('',(-0.6901647196876,-2.70073587189938E-16,0.723652305806135));
#3276=DIRECTION('',(0.164398987305355,5.59390158961569E-17,0.986393923832144));
#3277=DIRECTION('',(0.569859701401599,2.05499241508243E-16,0.821742003744777));
#3278=DIRECTION('center_axis',(3.62925952164579E-16,-1.,5.65798037032893E-17));
#3279=DIRECTION('ref_axis',(0.778524074050351,2.47036272366374E-16,-0.627614743392827));
#3280=DIRECTION('',(-1.85553292415892E-48,1.23259516440783E-32,1.));
#3281=DIRECTION('',(-0.305192074546493,-9.4520783254589E-17,-0.952290815682903));
#3282=DIRECTION('center_axis',(3.7192219243521E-16,-1.,-2.72451256958822E-17));
#3283=DIRECTION('ref_axis',(0.77852407405036,3.06649823991943E-16,-0.627614743392815));
#3284=DIRECTION('',(-0.627614743392835,-2.91354604747911E-16,-0.778524074050344));
#3285=DIRECTION('',(-0.569859701401599,-2.24386911085464E-16,-0.821742003744776));
#3286=DIRECTION('center_axis',(-0.986393923832144,-3.67513923095902E-16,
0.164398987305356));
#3287=DIRECTION('ref_axis',(3.72583320128442E-16,-1.,0.));
#3288=DIRECTION('',(-3.72583320128442E-16,1.,-1.894808076913E-32));
#3289=DIRECTION('',(-0.164398987305357,-5.84584136209775E-17,-0.986393923832144));
#3290=DIRECTION('',(-3.72583320128442E-16,1.,-2.06690284487774E-32));
#3291=DIRECTION('',(3.55588647954358E-16,-1.,0.));
#3292=DIRECTION('',(0.164398987305354,3.65039081862926E-17,0.986393923832144));
#3293=DIRECTION('center_axis',(-3.72583320128442E-16,1.,-1.23259516440783E-32));
#3294=DIRECTION('ref_axis',(-0.723652305806135,-2.69620778715853E-16,-0.690164719687601));
#3295=DIRECTION('',(1.85553292415892E-48,-1.23259516440783E-32,-1.));
#3296=DIRECTION('center_axis',(3.62925952164579E-16,-1.,5.65798037032893E-17));
#3297=DIRECTION('ref_axis',(0.77852407405035,1.81127395939561E-16,-0.627614743392828));
#3298=DIRECTION('',(0.569859701401599,2.05499241508243E-16,0.821742003744777));
#3299=DIRECTION('',(0.164398987305355,5.59390158961569E-17,0.986393923832144));
#3300=DIRECTION('',(-0.6901647196876,-2.70073587189938E-16,0.723652305806135));
#3301=DIRECTION('',(0.723652305806135,2.69620778715853E-16,0.690164719687601));
#3302=DIRECTION('',(-0.6901647196876,-2.70073587189938E-16,0.723652305806135));
#3303=DIRECTION('',(-0.569859701401599,-2.24386911085464E-16,-0.821742003744776));
#3304=DIRECTION('',(-0.627614743392835,-2.91354604747911E-16,-0.778524074050344));
#3305=DIRECTION('center_axis',(3.7192219243521E-16,-1.,-2.72451256958822E-17));
#3306=DIRECTION('ref_axis',(0.77852407405036,1.81127395939566E-16,-0.627614743392815));
#3307=DIRECTION('',(-0.305192074546493,-9.4520783254589E-17,-0.952290815682903));
#3308=DIRECTION('center_axis',(3.72583320128442E-16,-1.,3.00122497564601E-33));
#3309=DIRECTION('ref_axis',(0.778524074050341,2.90065084309597E-16,-0.627614743392839));
#3310=DIRECTION('',(-3.72583320128442E-16,1.,-3.00122497564601E-33));
#3311=DIRECTION('',(3.72583320128442E-16,-1.,3.00122497564601E-33));
#3312=DIRECTION('center_axis',(-3.51979349494106E-16,1.,2.1655790761512E-17));
#3313=DIRECTION('ref_axis',(-0.986393923832144,-3.50750481725865E-16,0.164398987305357));
#3314=DIRECTION('',(0.569859701401598,1.82783374109197E-16,0.821742003744777));
#3315=DIRECTION('',(-0.986393923832144,-3.50750481725866E-16,0.164398987305357));
#3316=DIRECTION('center_axis',(0.164398987305354,3.65039081862926E-17,0.986393923832144));
#3317=DIRECTION('ref_axis',(-2.22044604925031E-16,1.,0.));
#3318=DIRECTION('',(3.56986759133017E-16,-1.,-2.24903590346639E-17));
#3319=DIRECTION('center_axis',(-0.821742003744777,-3.06167364044228E-16,
0.569859701401599));
#3320=DIRECTION('ref_axis',(3.72583320128442E-16,-1.,2.46519032881566E-32));
#3321=DIRECTION('',(-3.72583320128442E-16,1.,1.23339766344411E-32));
#3322=DIRECTION('center_axis',(0.952290815682903,3.69140328761846E-16,-0.305192074546492));
#3323=DIRECTION('ref_axis',(3.8623217577967E-16,-1.,-4.37421269089597E-18));
#3324=DIRECTION('',(1.50538715203411E-16,-1.,-7.39808506510016E-16));
#3325=DIRECTION('',(-3.72583320128442E-16,1.,-3.00122497564601E-33));
#3326=DIRECTION('center_axis',(-0.778524074050344,-2.90065084309599E-16,
0.627614743392835));
#3327=DIRECTION('ref_axis',(-3.72583320128442E-16,1.,-2.46519032881566E-32));
#3328=DIRECTION('',(-3.72583320128442E-16,1.,-2.46519032881566E-32));
#3329=DIRECTION('center_axis',(3.72583320128442E-16,-1.,3.00122497564601E-33));
#3330=DIRECTION('ref_axis',(0.778524074050341,2.90065084309597E-16,-0.627614743392839));
#3331=DIRECTION('center_axis',(0.821742003744777,3.06167364044228E-16,-0.569859701401599));
#3332=DIRECTION('ref_axis',(-3.72583320128442E-16,1.,-2.46519032881566E-32));
#3333=DIRECTION('',(3.72583320128442E-16,-1.,0.));
#3334=DIRECTION('center_axis',(0.986393923832144,3.67513923095902E-16,-0.164398987305356));
#3335=DIRECTION('ref_axis',(-3.72583320128442E-16,1.,0.));
#3336=DIRECTION('',(3.72583320128442E-16,-1.,-1.54124102080679E-32));
#3337=DIRECTION('center_axis',(-0.723652305806135,-2.69620778715853E-16,
-0.690164719687601));
#3338=DIRECTION('ref_axis',(3.72583320128442E-16,-1.,0.));
#3339=DIRECTION('',(-3.72583320128442E-16,1.,0.));
#3340=DIRECTION('center_axis',(0.723652305806135,2.69620778715853E-16,0.690164719687601));
#3341=DIRECTION('ref_axis',(-3.72583320128442E-16,1.,0.));
#3342=DIRECTION('',(3.72583320128442E-16,-1.,0.));
#3343=DIRECTION('center_axis',(0.690164719687601,2.57143862696722E-16,-0.723652305806135));
#3344=DIRECTION('ref_axis',(2.22044604925031E-16,-1.,-1.4357241640342E-16));
#3345=DIRECTION('center_axis',(3.3158304668692E-17,1.,1.23259516440783E-32));
#3346=DIRECTION('ref_axis',(-0.723652305806135,2.39950836301213E-17,0.690164719687601));
#3347=DIRECTION('',(-0.986393923832144,4.94705916198091E-17,-0.164398987305357));
#3348=DIRECTION('',(-0.164398987305354,3.01996040379852E-17,0.986393923832144));
#3349=DIRECTION('',(0.6901647196876,-9.95496755376745E-18,0.723652305806135));
#3350=DIRECTION('',(0.723652305806135,-2.39950836301213E-17,-0.690164719687601));
#3351=DIRECTION('',(0.6901647196876,-9.95496755376745E-18,0.723652305806135));
#3352=DIRECTION('',(-0.164398987305355,1.07644963281215E-17,0.986393923832144));
#3353=DIRECTION('',(-0.569859701401599,2.57165596448517E-17,0.821742003744777));
#3354=DIRECTION('center_axis',(4.28156726325552E-17,1.,5.65798037032893E-17));
#3355=DIRECTION('ref_axis',(-0.778524074050351,6.88433503825E-17,-0.627614743392827));
#3356=DIRECTION('',(1.85553292415892E-48,-1.23259516440783E-32,1.));
#3357=DIRECTION('',(0.305192074546493,-2.93083449471131E-17,-0.952290815682903));
#3358=DIRECTION('center_axis',(3.38194323619241E-17,1.,-2.72451256958822E-17));
#3359=DIRECTION('ref_axis',(-0.77852407405036,9.22979875693436E-18,-0.627614743392815));
#3360=DIRECTION('',(0.627614743392835,3.67051790170659E-17,-0.778524074050344));
#3361=DIRECTION('',(0.569859701401599,-6.82889006763049E-18,-0.821742003744776));
#3362=DIRECTION('center_axis',(0.986393923832144,-3.27071502497728E-17,
0.164398987305356));
#3363=DIRECTION('ref_axis',(3.3158304668692E-17,1.,0.));
#3364=DIRECTION('',(-3.3158304668692E-17,-1.,-1.894808076913E-32));
#3365=DIRECTION('',(0.164398987305357,-8.24509860330149E-18,-0.986393923832144));
#3366=DIRECTION('',(-3.31583046686919E-17,-1.,-2.06690284487774E-32));
#3367=DIRECTION('',(5.01529768427766E-17,1.,0.));
#3368=DIRECTION('',(-0.164398987305354,3.01996040379852E-17,0.986393923832144));
#3369=DIRECTION('center_axis',(1.,2.80740352886757E-17,1.23259516440783E-32));
#3370=DIRECTION('ref_axis',(-2.03158403699329E-17,0.723652305806135,0.690164719687601));
#3371=DIRECTION('',(-1.09286164561625E-17,0.986393923832144,-0.164398987305357));
#3372=DIRECTION('',(2.01330693586568E-17,0.164398987305354,0.986393923832144));
#3373=DIRECTION('',(3.2305433188725E-17,-0.6901647196876,0.723652305806135));
#3374=DIRECTION('',(2.03158403699329E-17,-0.723652305806135,-0.690164719687601));
#3375=DIRECTION('',(3.2305433188725E-17,-0.6901647196876,0.723652305806135));
#3376=DIRECTION('',(6.97961648792978E-19,0.164398987305355,0.986393923832144));
#3377=DIRECTION('',(-9.17728331937497E-18,0.569859701401599,0.821742003744777));
#3378=DIRECTION('center_axis',(1.,1.84166673248125E-17,5.65798037032893E-17));
#3379=DIRECTION('ref_axis',(2.1172499615254E-17,0.778524074050351,-0.627614743392827));
#3380=DIRECTION('',(-1.23259516440783E-32,-1.85553292415892E-48,1.));
#3381=DIRECTION('',(-1.06207200861879E-17,-0.305192074546493,-0.952290815682903));
#3382=DIRECTION('center_axis',(1.,2.74129075954435E-17,-2.72451256958822E-17));
#3383=DIRECTION('ref_axis',(-3.84410520103122E-17,0.77852407405036,-0.627614743392815));
#3384=DIRECTION('',(7.5135498346752E-17,-0.627614743392835,-0.778524074050344));
#3385=DIRECTION('',(2.80649528965962E-17,-0.569859701401599,-0.821742003744776));
#3386=DIRECTION('center_axis',(2.76920578261989E-17,-0.986393923832144,
0.164398987305356));
#3387=DIRECTION('ref_axis',(1.,2.80740352886757E-17,0.));
#3388=DIRECTION('',(-1.,-2.80740352886757E-17,-1.894808076913E-32));
#3389=DIRECTION('',(1.82143607602709E-18,-0.164398987305357,-0.986393923832144));
#3390=DIRECTION('',(-1.,-2.80740352886757E-17,-2.06690284487774E-32));
#3391=DIRECTION('',(1.,1.1079363114591E-17,0.));
#3392=DIRECTION('',(2.01330693586568E-17,0.164398987305354,0.986393923832144));
#3393=DIRECTION('center_axis',(8.93063752460433E-17,-1.,1.23259516440783E-32));
#3394=DIRECTION('ref_axis',(0.723652305806135,6.46267643699872E-17,0.690164719687601));
#3395=DIRECTION('',(0.986393923832144,7.13278245321342E-17,-0.164398987305357));
#3396=DIRECTION('',(0.164398987305354,-1.00665346793284E-17,0.986393923832144));
#3397=DIRECTION('',(-0.6901647196876,-7.45658339312175E-17,0.723652305806135));
#3398=DIRECTION('',(-0.723652305806135,-6.46267643699872E-17,-0.690164719687601));
#3399=DIRECTION('',(-0.6901647196876,-7.45658339312175E-17,0.723652305806135));
#3400=DIRECTION('',(0.164398987305355,9.36857303053551E-18,0.986393923832144));
#3401=DIRECTION('',(0.569859701401599,4.40711262836017E-17,0.821742003744777));
#3402=DIRECTION('center_axis',(7.96490072821801E-17,-1.,5.65798037032893E-17));
#3403=DIRECTION('ref_axis',(0.778524074050351,2.64983511519919E-17,-0.627614743392827));
#3404=DIRECTION('',(-1.85553292415892E-48,1.23259516440783E-32,1.));
#3405=DIRECTION('',(-0.305192074546493,-8.0669047747372E-18,-0.952290815682903));
#3406=DIRECTION('center_axis',(8.86452475528112E-17,-1.,-2.72451256958822E-17));
#3407=DIRECTION('ref_axis',(0.77852407405036,8.61119027775587E-17,-0.627614743392815));
#3408=DIRECTION('',(-0.627614743392835,-1.13565817676438E-16,-0.778524074050344));
#3409=DIRECTION('',(-0.569859701401599,-6.2958795860823E-17,-0.821742003744776));
#3410=DIRECTION('center_axis',(-0.986393923832144,-8.80912659021705E-17,
0.164398987305356));
#3411=DIRECTION('ref_axis',(8.93063752460433E-17,-1.,0.));
#3412=DIRECTION('',(-8.93063752460433E-17,1.,-1.894808076913E-32));
#3413=DIRECTION('',(-0.164398987305357,-1.18879707553557E-17,-0.986393923832144));
#3414=DIRECTION('',(-8.93063752460434E-17,1.,-2.06690284487774E-32));
#3415=DIRECTION('',(7.23117030719587E-17,-1.,0.));
#3416=DIRECTION('',(0.164398987305354,-1.00665346793284E-17,0.986393923832144));
#3417=DIRECTION('center_axis',(-3.3158304668692E-17,-1.,-1.23259516440783E-32));
#3418=DIRECTION('ref_axis',(0.723652305806135,-2.39950836301213E-17,-0.690164719687601));
#3419=DIRECTION('',(-1.85553292415892E-48,1.23259516440783E-32,-1.));
#3420=DIRECTION('center_axis',(4.28156726325552E-17,1.,5.65798037032893E-17));
#3421=DIRECTION('ref_axis',(-0.77852407405035,1.34752226809313E-16,-0.627614743392828));
#3422=DIRECTION('',(-0.569859701401599,2.57165596448517E-17,0.821742003744777));
#3423=DIRECTION('',(-0.164398987305355,1.07644963281215E-17,0.986393923832144));
#3424=DIRECTION('',(0.6901647196876,-9.95496755376745E-18,0.723652305806135));
#3425=DIRECTION('',(-0.723652305806135,2.39950836301213E-17,0.690164719687601));
#3426=DIRECTION('',(0.6901647196876,-9.95496755376745E-18,0.723652305806135));
#3427=DIRECTION('',(0.569859701401599,-6.82889006763049E-18,-0.821742003744776));
#3428=DIRECTION('',(0.627614743392835,3.67051790170659E-17,-0.778524074050344));
#3429=DIRECTION('center_axis',(3.38194323619241E-17,1.,-2.72451256958822E-17));
#3430=DIRECTION('ref_axis',(-0.77852407405036,1.34752226809311E-16,-0.627614743392815));
#3431=DIRECTION('',(0.305192074546493,-2.93083449471131E-17,-0.952290815682903));
#3432=DIRECTION('center_axis',(3.31583046686919E-17,1.,3.00122497564601E-33));
#3433=DIRECTION('ref_axis',(-0.778524074050341,2.58145384392725E-17,-0.627614743392839));
#3434=DIRECTION('',(-3.31583046686919E-17,-1.,-3.00122497564601E-33));
#3435=DIRECTION('',(3.31583046686919E-17,1.,3.00122497564601E-33));
#3436=DIRECTION('center_axis',(-5.37622753030286E-17,-1.,2.1655790761512E-17));
#3437=DIRECTION('ref_axis',(0.986393923832144,-4.94705916198091E-17,0.164398987305357));
#3438=DIRECTION('',(-0.569859701401598,4.84324270438969E-17,0.821742003744777));
#3439=DIRECTION('',(0.986393923832144,-4.94705916198091E-17,0.164398987305357));
#3440=DIRECTION('center_axis',(-0.164398987305354,3.01996040379852E-17,
0.986393923832144));
#3441=DIRECTION('ref_axis',(-1.83697019872103E-16,-1.,0.));
#3442=DIRECTION('',(4.87548656641171E-17,1.,-2.24903590346639E-17));
#3443=DIRECTION('center_axis',(0.821742003744777,-2.72475717192307E-17,
0.569859701401599));
#3444=DIRECTION('ref_axis',(3.3158304668692E-17,1.,2.46519032881566E-32));
#3445=DIRECTION('',(-3.3158304668692E-17,-1.,1.23339766344411E-32));
#3446=DIRECTION('center_axis',(-0.952290815682903,1.72436940727229E-17,
-0.305192074546492));
#3447=DIRECTION('ref_axis',(1.95094490174644E-17,1.,-4.37421269089597E-18));
#3448=DIRECTION('',(-1.50538715203411E-16,1.,5.26227066034671E-16));
#3449=DIRECTION('',(-3.31583046686919E-17,-1.,-3.00122497564601E-33));
#3450=DIRECTION('center_axis',(0.778524074050344,-2.58145384392726E-17,
0.627614743392835));
#3451=DIRECTION('ref_axis',(-3.31583046686919E-17,-1.,-2.46519032881566E-32));
#3452=DIRECTION('',(-3.31583046686919E-17,-1.,-2.46519032881566E-32));
#3453=DIRECTION('center_axis',(3.31583046686919E-17,1.,3.00122497564601E-33));
#3454=DIRECTION('ref_axis',(-0.778524074050341,2.58145384392725E-17,-0.627614743392839));
#3455=DIRECTION('center_axis',(-0.821742003744777,2.72475717192307E-17,
-0.569859701401599));
#3456=DIRECTION('ref_axis',(-3.3158304668692E-17,-1.,-2.46519032881566E-32));
#3457=DIRECTION('',(3.31583046686919E-17,1.,0.));
#3458=DIRECTION('center_axis',(-0.986393923832144,3.27071502497728E-17,
-0.164398987305356));
#3459=DIRECTION('ref_axis',(-3.3158304668692E-17,-1.,0.));
#3460=DIRECTION('',(3.3158304668692E-17,1.,-1.54124102080679E-32));
#3461=DIRECTION('center_axis',(0.723652305806135,-2.39950836301213E-17,
-0.690164719687601));
#3462=DIRECTION('ref_axis',(3.3158304668692E-17,1.,0.));
#3463=DIRECTION('',(-3.3158304668692E-17,-1.,0.));
#3464=DIRECTION('center_axis',(-0.723652305806135,2.39950836301213E-17,
0.690164719687601));
#3465=DIRECTION('ref_axis',(-3.3158304668692E-17,-1.,0.));
#3466=DIRECTION('',(3.3158304668692E-17,1.,0.));
#3467=DIRECTION('center_axis',(-0.690164719687601,2.28846920469838E-17,
-0.723652305806135));
#3468=DIRECTION('ref_axis',(1.83697019872103E-16,1.,-1.4357241640342E-16));
#3469=DIRECTION('center_axis',(-1.,-2.80740352886757E-17,-1.23259516440783E-32));
#3470=DIRECTION('ref_axis',(2.03158403699329E-17,-0.723652305806135,-0.690164719687601));
#3471=DIRECTION('',(1.23259516440783E-32,1.85553292415892E-48,-1.));
#3472=DIRECTION('center_axis',(1.,1.84166673248125E-17,5.65798037032893E-17));
#3473=DIRECTION('ref_axis',(8.7081376042067E-17,0.77852407405035,-0.627614743392828));
#3474=DIRECTION('',(-9.17728331937497E-18,0.569859701401599,0.821742003744777));
#3475=DIRECTION('',(6.97961648792978E-19,0.164398987305355,0.986393923832144));
#3476=DIRECTION('',(3.2305433188725E-17,-0.6901647196876,0.723652305806135));
#3477=DIRECTION('',(-2.03158403699329E-17,0.723652305806135,0.690164719687601));
#3478=DIRECTION('',(3.2305433188725E-17,-0.6901647196876,0.723652305806135));
#3479=DIRECTION('',(2.80649528965962E-17,-0.569859701401599,-0.821742003744776));
#3480=DIRECTION('',(7.5135498346752E-17,-0.627614743392835,-0.778524074050344));
#3481=DIRECTION('center_axis',(1.,2.74129075954435E-17,-2.72451256958822E-17));
#3482=DIRECTION('ref_axis',(8.7081376042065E-17,0.77852407405036,-0.627614743392815));
#3483=DIRECTION('',(-1.06207200861879E-17,-0.305192074546493,-0.952290815682903));
#3484=DIRECTION('center_axis',(1.,2.80740352886757E-17,3.00122497564601E-33));
#3485=DIRECTION('ref_axis',(-2.18563123279728E-17,0.778524074050341,-0.627614743392839));
#3486=DIRECTION('',(-1.,-2.80740352886757E-17,-3.00122497564601E-33));
#3487=DIRECTION('',(1.,2.80740352886757E-17,3.00122497564601E-33));
#3488=DIRECTION('center_axis',(-1.,-7.47006465433901E-18,2.1655790761512E-17));
#3489=DIRECTION('ref_axis',(1.09286164561625E-17,-0.986393923832144,0.164398987305357));
#3490=DIRECTION('',(1.35385840796702E-17,0.569859701401598,0.821742003744777));
#3491=DIRECTION('',(1.09286164561625E-17,-0.986393923832144,0.164398987305357));
#3492=DIRECTION('center_axis',(2.01330693586568E-17,0.164398987305354,0.986393923832144));
#3493=DIRECTION('ref_axis',(-1.,1.22464679914735E-16,0.));
#3494=DIRECTION('',(1.,1.24774742932505E-17,-2.24903590346639E-17));
#3495=DIRECTION('center_axis',(2.30696140113179E-17,-0.821742003744777,
0.569859701401599));
#3496=DIRECTION('ref_axis',(1.,2.80740352886757E-17,2.46519032881566E-32));
#3497=DIRECTION('',(-1.,-2.80740352886757E-17,1.23339766344411E-32));
#3498=DIRECTION('center_axis',(-4.10673008914515E-17,0.952290815682903,
-0.305192074546492));
#3499=DIRECTION('ref_axis',(1.,4.17228909399032E-17,-4.37421269089597E-18));
#3500=DIRECTION('',(1.,1.50538715203411E-16,3.3516379857983E-16));
#3501=DIRECTION('',(-1.,-2.80740352886757E-17,-3.00122497564601E-33));
#3502=DIRECTION('center_axis',(2.18563123279729E-17,-0.778524074050344,
0.627614743392835));
#3503=DIRECTION('ref_axis',(-1.,-2.80740352886757E-17,-2.46519032881566E-32));
#3504=DIRECTION('',(-1.,-2.80740352886757E-17,-2.46519032881566E-32));
#3505=DIRECTION('center_axis',(1.,2.80740352886757E-17,3.00122497564601E-33));
#3506=DIRECTION('ref_axis',(-2.18563123279728E-17,0.778524074050341,-0.627614743392839));
#3507=DIRECTION('center_axis',(-2.30696140113179E-17,0.821742003744777,
-0.569859701401599));
#3508=DIRECTION('ref_axis',(-1.,-2.80740352886757E-17,-2.46519032881566E-32));
#3509=DIRECTION('',(1.,2.80740352886757E-17,0.));
#3510=DIRECTION('center_axis',(-2.76920578261989E-17,0.986393923832144,
-0.164398987305356));
#3511=DIRECTION('ref_axis',(-1.,-2.80740352886757E-17,0.));
#3512=DIRECTION('',(1.,2.80740352886757E-17,-1.54124102080679E-32));
#3513=DIRECTION('center_axis',(2.03158403699329E-17,-0.723652305806135,
-0.690164719687601));
#3514=DIRECTION('ref_axis',(1.,2.80740352886757E-17,0.));
#3515=DIRECTION('',(-1.,-2.80740352886757E-17,0.));
#3516=DIRECTION('center_axis',(-2.03158403699329E-17,0.723652305806135,
0.690164719687601));
#3517=DIRECTION('ref_axis',(-1.,-2.80740352886757E-17,0.));
#3518=DIRECTION('',(1.,2.80740352886757E-17,0.));
#3519=DIRECTION('center_axis',(-1.93757086955087E-17,0.690164719687601,
-0.723652305806135));
#3520=DIRECTION('ref_axis',(1.,-1.22464679914735E-16,-1.4357241640342E-16));
#3521=DIRECTION('center_axis',(-8.93063752460433E-17,1.,-1.23259516440783E-32));
#3522=DIRECTION('ref_axis',(-0.723652305806135,-6.46267643699872E-17,-0.690164719687601));
#3523=DIRECTION('',(1.85553292415892E-48,-1.23259516440783E-32,-1.));
#3524=DIRECTION('center_axis',(7.96490072821801E-17,-1.,5.65798037032893E-17));
#3525=DIRECTION('ref_axis',(0.77852407405035,-3.94105252748211E-17,-0.627614743392828));
#3526=DIRECTION('',(0.569859701401599,4.40711262836017E-17,0.821742003744777));
#3527=DIRECTION('',(0.164398987305355,9.36857303053551E-18,0.986393923832144));
#3528=DIRECTION('',(-0.6901647196876,-7.45658339312175E-17,0.723652305806135));
#3529=DIRECTION('',(0.723652305806135,6.46267643699872E-17,0.690164719687601));
#3530=DIRECTION('',(-0.6901647196876,-7.45658339312175E-17,0.723652305806135));
#3531=DIRECTION('',(-0.569859701401599,-6.2958795860823E-17,-0.821742003744776));
#3532=DIRECTION('',(-0.627614743392835,-1.13565817676438E-16,-0.778524074050344));
#3533=DIRECTION('center_axis',(8.86452475528112E-17,-1.,-2.72451256958822E-17));
#3534=DIRECTION('ref_axis',(0.77852407405036,-3.94105252748184E-17,-0.627614743392815));
#3535=DIRECTION('',(-0.305192074546493,-8.0669047747372E-18,-0.952290815682903));
#3536=DIRECTION('center_axis',(8.93063752460434E-17,-1.,3.00122497564601E-33));
#3537=DIRECTION('ref_axis',(0.778524074050341,6.95271630952182E-17,-0.627614743392839));
#3538=DIRECTION('',(-8.93063752460434E-17,1.,-3.00122497564601E-33));
#3539=DIRECTION('',(8.93063752460434E-17,-1.,3.00122497564601E-33));
#3540=DIRECTION('center_axis',(-6.87024046117067E-17,1.,2.1655790761512E-17));
#3541=DIRECTION('ref_axis',(-0.986393923832144,-7.13278245321342E-17,0.164398987305357));
#3542=DIRECTION('',(0.569859701401598,2.13552588845565E-17,0.821742003744777));
#3543=DIRECTION('',(-0.986393923832144,-7.13278245321342E-17,0.164398987305357));
#3544=DIRECTION('center_axis',(0.164398987305354,-1.00665346793284E-17,
0.986393923832144));
#3545=DIRECTION('ref_axis',(6.12323399573677E-17,1.,0.));
#3546=DIRECTION('',(7.37098142506182E-17,-1.,-2.24903590346639E-17));
#3547=DIRECTION('center_axis',(-0.821742003744777,-7.33867997418666E-17,
0.569859701401599));
#3548=DIRECTION('ref_axis',(8.93063752460433E-17,-1.,2.46519032881566E-32));
#3549=DIRECTION('',(-8.93063752460433E-17,1.,1.23339766344411E-32));
#3550=DIRECTION('center_axis',(0.952290815682903,9.93782958556259E-17,-0.305192074546492));
#3551=DIRECTION('ref_axis',(1.02955230897271E-16,-1.,-4.37421269089597E-18));
#3552=DIRECTION('',(1.50538715203411E-16,-1.,1.44100531124988E-16));
#3553=DIRECTION('',(-8.93063752460434E-17,1.,-3.00122497564601E-33));
#3554=DIRECTION('center_axis',(-0.778524074050344,-6.95271630952185E-17,
0.627614743392835));
#3555=DIRECTION('ref_axis',(-8.93063752460434E-17,1.,-2.46519032881566E-32));
#3556=DIRECTION('',(-8.93063752460434E-17,1.,-2.46519032881566E-32));
#3557=DIRECTION('center_axis',(8.93063752460434E-17,-1.,3.00122497564601E-33));
#3558=DIRECTION('ref_axis',(0.778524074050341,6.95271630952182E-17,-0.627614743392839));
#3559=DIRECTION('center_axis',(0.821742003744777,7.33867997418666E-17,-0.569859701401599));
#3560=DIRECTION('ref_axis',(-8.93063752460433E-17,1.,-2.46519032881566E-32));
#3561=DIRECTION('',(8.93063752460434E-17,-1.,0.));
#3562=DIRECTION('center_axis',(0.986393923832144,8.80912659021705E-17,-0.164398987305356));
#3563=DIRECTION('ref_axis',(-8.93063752460433E-17,1.,0.));
#3564=DIRECTION('',(8.93063752460433E-17,-1.,-1.54124102080679E-32));
#3565=DIRECTION('center_axis',(-0.723652305806135,-6.46267643699872E-17,
-0.690164719687601));
#3566=DIRECTION('ref_axis',(8.93063752460433E-17,-1.,0.));
#3567=DIRECTION('',(-8.93063752460433E-17,1.,0.));
#3568=DIRECTION('center_axis',(0.723652305806135,6.46267643699872E-17,0.690164719687601));
#3569=DIRECTION('ref_axis',(-8.93063752460433E-17,1.,0.));
#3570=DIRECTION('',(8.93063752460433E-17,-1.,0.));
#3571=DIRECTION('center_axis',(0.690164719687601,6.16361094380012E-17,-0.723652305806135));
#3572=DIRECTION('ref_axis',(-6.12323399573677E-17,-1.,-1.4357241640342E-16));
#3573=DIRECTION('center_axis',(-1.,-1.50538715203411E-16,1.23259516440783E-32));
#3574=DIRECTION('ref_axis',(1.08937688370041E-16,-0.723652305806135,0.690164719687601));
#3575=DIRECTION('',(1.31727032608106E-16,-0.986393923832144,-0.164398987305357));
#3576=DIRECTION('',(0.,-0.164398987305354,0.986393923832144));
#3577=DIRECTION('',(-1.1682623467371E-16,0.6901647196876,0.723652305806135));
#3578=DIRECTION('',(-1.08937688370041E-16,0.723652305806135,-0.690164719687601));
#3579=DIRECTION('',(-1.1682623467371E-16,0.6901647196876,0.723652305806135));
#3580=DIRECTION('',(1.9435107709864E-17,-0.164398987305355,0.986393923832144));
#3581=DIRECTION('',(7.89649692478284E-17,-0.569859701401599,0.821742003744777));
#3582=DIRECTION('center_axis',(-1.,-1.40881347239548E-16,5.65798037032893E-17));
#3583=DIRECTION('ref_axis',(7.41692019192379E-17,-0.778524074050351,-0.627614743392827));
#3584=DIRECTION('',(1.23259516440783E-32,1.85553292415892E-48,1.));
#3585=DIRECTION('',(-2.67545296356623E-17,0.305192074546493,-0.952290815682903));
#3586=DIRECTION('center_axis',(-1.,-1.49877587510179E-16,-2.72451256958822E-17));
#3587=DIRECTION('ref_axis',(1.33782753544805E-16,-0.77852407405036,-0.627614743392815));
#3588=DIRECTION('',(-1.51996137006124E-16,0.627614743392835,-0.778524074050344));
#3589=DIRECTION('',(-9.78526388250497E-17,0.569859701401599,-0.821742003744776));
#3590=DIRECTION('center_axis',(-1.48490473978142E-16,0.986393923832144,
0.164398987305356));
#3591=DIRECTION('ref_axis',(-1.,-1.50538715203411E-16,0.));
#3592=DIRECTION('',(1.,1.50538715203411E-16,-1.894808076913E-32));
#3593=DIRECTION('',(-2.19545054346843E-17,0.164398987305357,-0.986393923832144));
#3594=DIRECTION('',(1.,1.50538715203411E-16,-2.06690284487774E-32));
#3595=DIRECTION('',(-1.,-1.33544043029326E-16,0.));
#3596=DIRECTION('',(0.,-0.164398987305354,0.986393923832144));
#3597=DIRECTION('center_axis',(1.,1.50538715203411E-16,-1.23259516440783E-32));
#3598=DIRECTION('ref_axis',(-1.08937688370041E-16,0.723652305806135,-0.690164719687601));
#3599=DIRECTION('',(-1.23259516440783E-32,-1.85553292415892E-48,-1.));
#3600=DIRECTION('center_axis',(-1.,-1.40881347239548E-16,5.65798037032893E-17));
#3601=DIRECTION('ref_axis',(8.26032549242487E-18,-0.77852407405035,-0.627614743392828));
#3602=DIRECTION('',(7.89649692478284E-17,-0.569859701401599,0.821742003744777));
#3603=DIRECTION('',(1.9435107709864E-17,-0.164398987305355,0.986393923832144));
#3604=DIRECTION('',(-1.1682623467371E-16,0.6901647196876,0.723652305806135));
#3605=DIRECTION('',(1.08937688370041E-16,-0.723652305806135,0.690164719687601));
#3606=DIRECTION('',(-1.1682623467371E-16,0.6901647196876,0.723652305806135));
#3607=DIRECTION('',(-9.78526388250497E-17,0.569859701401599,-0.821742003744776));
#3608=DIRECTION('',(-1.51996137006124E-16,0.627614743392835,-0.778524074050344));
#3609=DIRECTION('center_axis',(-1.,-1.49877587510179E-16,-2.72451256958822E-17));
#3610=DIRECTION('ref_axis',(8.2603254924281E-18,-0.77852407405036,-0.627614743392815));
#3611=DIRECTION('',(-2.67545296356623E-17,0.305192074546493,-0.952290815682903));
#3612=DIRECTION('center_axis',(-1.,-1.50538715203411E-16,3.00122497564601E-33));
#3613=DIRECTION('ref_axis',(1.17198013862464E-16,-0.778524074050341,-0.627614743392839));
#3614=DIRECTION('',(1.,1.50538715203411E-16,-3.00122497564601E-33));
#3615=DIRECTION('',(-1.,-1.50538715203411E-16,3.00122497564601E-33));
#3616=DIRECTION('center_axis',(1.,1.29934744569074E-16,2.1655790761512E-17));
#3617=DIRECTION('ref_axis',(-1.31727032608106E-16,0.986393923832144,0.164398987305357));
#3618=DIRECTION('',(5.62491018487832E-17,-0.569859701401598,0.821742003744777));
#3619=DIRECTION('',(-1.31727032608106E-16,0.986393923832144,0.164398987305357));
#3620=DIRECTION('center_axis',(0.,-0.164398987305354,0.986393923832144));
#3621=DIRECTION('ref_axis',(1.,0.,0.));
#3622=DIRECTION('',(-1.,-1.34942154207986E-16,-2.24903590346639E-17));
#3623=DIRECTION('center_axis',(-1.23703985472415E-16,0.821742003744777,
0.569859701401599));
#3624=DIRECTION('ref_axis',(-1.,-1.50538715203411E-16,2.46519032881566E-32));
#3625=DIRECTION('',(1.,1.50538715203411E-16,1.23339766344411E-32));
#3626=DIRECTION('center_axis',(1.576892908198E-16,-0.952290815682903,-0.305192074546492));
#3627=DIRECTION('ref_axis',(-1.,-1.64187570854639E-16,-4.37421269089597E-18));
#3628=DIRECTION('',(-1.,-1.50538715203411E-16,-4.69627363298535E-17));
#3629=DIRECTION('',(1.,1.50538715203411E-16,-3.00122497564601E-33));
#3630=DIRECTION('center_axis',(-1.17198013862464E-16,0.778524074050344,
0.627614743392835));
#3631=DIRECTION('ref_axis',(1.,1.50538715203411E-16,-2.46519032881566E-32));
#3632=DIRECTION('',(1.,1.50538715203411E-16,-2.46519032881566E-32));
#3633=DIRECTION('center_axis',(-1.,-1.50538715203411E-16,3.00122497564601E-33));
#3634=DIRECTION('ref_axis',(1.17198013862464E-16,-0.778524074050341,-0.627614743392839));
#3635=DIRECTION('center_axis',(1.23703985472415E-16,-0.821742003744777,
-0.569859701401599));
#3636=DIRECTION('ref_axis',(1.,1.50538715203411E-16,-2.46519032881566E-32));
#3637=DIRECTION('',(-1.,-1.50538715203411E-16,0.));
#3638=DIRECTION('center_axis',(1.48490473978142E-16,-0.986393923832144,
-0.164398987305356));
#3639=DIRECTION('ref_axis',(1.,1.50538715203411E-16,0.));
#3640=DIRECTION('',(-1.,-1.50538715203411E-16,-1.54124102080679E-32));
#3641=DIRECTION('center_axis',(-1.08937688370041E-16,0.723652305806135,
-0.690164719687601));
#3642=DIRECTION('ref_axis',(-1.,-1.50538715203411E-16,0.));
#3643=DIRECTION('',(1.,1.50538715203411E-16,0.));
#3644=DIRECTION('center_axis',(1.08937688370041E-16,-0.723652305806135,
0.690164719687601));
#3645=DIRECTION('ref_axis',(1.,1.50538715203411E-16,0.));
#3646=DIRECTION('',(-1.,-1.50538715203411E-16,0.));
#3647=DIRECTION('center_axis',(1.03896510180494E-16,-0.690164719687601,
-0.723652305806135));
#3648=DIRECTION('ref_axis',(-1.,0.,-1.4357241640342E-16));
#3649=DIRECTION('center_axis',(5.34045354494572E-17,-0.225480605578191,
-0.974247656660304));
#3650=DIRECTION('ref_axis',(-1.46661990523576E-16,0.974247656660303,-0.225480605578191));
#3651=DIRECTION('',(1.46661990523576E-16,-0.974247656660303,0.225480605578191));
#3652=DIRECTION('',(-1.,-1.50538715203411E-16,-1.99753878281227E-17));
#3653=DIRECTION('',(-1.46661990523576E-16,0.974247656660303,-0.225480605578191));
#3654=DIRECTION('',(1.,2.368475785867E-16,0.));
#3655=DIRECTION('center_axis',(1.,2.368475785867E-16,0.));
#3656=DIRECTION('ref_axis',(0.,0.,-1.));
#3657=DIRECTION('',(0.,0.,-1.));
#3658=DIRECTION('',(1.50538715203411E-16,-1.,4.03717463500057E-16));
#3659=DIRECTION('',(3.34263095432632E-31,-2.22044604925031E-15,-1.));
#3660=DIRECTION('center_axis',(2.368475785867E-16,-1.,2.22044604925031E-15));
#3661=DIRECTION('ref_axis',(3.34263095432632E-31,-2.22044604925031E-15,
-1.));
#3662=DIRECTION('',(-3.34263095432632E-31,2.22044604925031E-15,1.));
#3663=DIRECTION('',(1.,2.368475785867E-16,0.));
#3664=DIRECTION('center_axis',(-9.5619503663153E-32,4.03717463500057E-16,
1.));
#3665=DIRECTION('ref_axis',(1.50538715203411E-16,-1.,4.03717463500057E-16));
#3666=DIRECTION('',(-1.50538715203411E-16,1.,-4.03717463500057E-16));
#3667=DIRECTION('',(1.,1.50538715203411E-16,3.48443954026744E-32));
#3668=DIRECTION('center_axis',(-1.,-1.50538715203411E-16,0.));
#3669=DIRECTION('ref_axis',(1.50538715203411E-16,-1.,0.));
#3670=DIRECTION('',(0.,0.,1.));
#3671=DIRECTION('',(1.50538715203411E-16,-1.,0.));
#3672=DIRECTION('',(0.,0.,1.));
#3673=DIRECTION('',(1.50538715203411E-16,-1.,0.));
#3674=DIRECTION('',(-1.50538715203411E-16,1.,-3.70074341541718E-16));
#3675=DIRECTION('center_axis',(1.,1.50538715203411E-16,0.));
#3676=DIRECTION('ref_axis',(-1.83697019872103E-16,-1.,0.));
#3677=DIRECTION('',(1.50538715203411E-16,-1.,-3.70074341541718E-16));
#3678=DIRECTION('center_axis',(1.,1.50538715203411E-16,0.));
#3679=DIRECTION('ref_axis',(-1.83697019872103E-16,-1.,0.));
#3680=DIRECTION('center_axis',(1.,1.50538715203411E-16,0.));
#3681=DIRECTION('ref_axis',(-1.50538715203411E-16,1.,0.));
#3682=DIRECTION('',(0.,0.,1.));
#3683=DIRECTION('',(-1.50538715203411E-16,1.,0.));
#3684=DIRECTION('',(0.,0.,1.));
#3685=DIRECTION('',(-1.50538715203411E-16,1.,0.));
#3686=DIRECTION('',(0.,0.,1.));
#3687=DIRECTION('',(1.50538715203411E-16,-1.,3.70074341541718E-16));
#3688=DIRECTION('center_axis',(-1.,-1.50538715203411E-16,0.));
#3689=DIRECTION('ref_axis',(-1.83697019872103E-16,-1.,0.));
#3690=DIRECTION('',(-1.50538715203411E-16,1.,3.70074341541718E-16));
#3691=DIRECTION('center_axis',(-1.,-1.50538715203411E-16,0.));
#3692=DIRECTION('ref_axis',(-1.83697019872103E-16,-1.,0.));
#3693=DIRECTION('center_axis',(-6.79815536723445E-32,-3.70074341541719E-16,
-1.));
#3694=DIRECTION('ref_axis',(3.3158304668692E-17,1.,-3.70074341541718E-16));
#3695=DIRECTION('',(1.,-1.83697019872103E-16,0.));
#3696=DIRECTION('',(1.,-1.83697019872103E-16,0.));
#3697=DIRECTION('center_axis',(1.,-1.83697019872103E-16,0.));
#3698=DIRECTION('ref_axis',(-1.83697019872103E-16,-1.,0.));
#3699=DIRECTION('',(1.,-1.83697019872103E-16,0.));
#3700=DIRECTION('center_axis',(-6.79815536723445E-32,-3.70074341541719E-16,
1.));
#3701=DIRECTION('ref_axis',(-3.3158304668692E-17,-1.,-3.70074341541718E-16));
#3702=DIRECTION('',(1.,-1.83697019872103E-16,0.));
#3703=DIRECTION('center_axis',(1.,-1.83697019872103E-16,0.));
#3704=DIRECTION('ref_axis',(1.83697019872103E-16,1.,-1.22464679914735E-16));
#3705=DIRECTION('center_axis',(2.26605178907815E-32,3.70074341541719E-16,
-1.));
#3706=DIRECTION('ref_axis',(8.93063752460433E-17,-1.,-3.70074341541718E-16));
#3707=DIRECTION('',(1.50538715203411E-16,-1.,-3.70074341541718E-16));
#3708=DIRECTION('',(-1.,6.12323399573677E-17,0.));
#3709=DIRECTION('',(-1.50538715203411E-16,1.,3.70074341541718E-16));
#3710=DIRECTION('',(-1.,6.12323399573677E-17,0.));
#3711=DIRECTION('center_axis',(-1.,6.12323399573677E-17,0.));
#3712=DIRECTION('ref_axis',(6.12323399573677E-17,1.,0.));
#3713=DIRECTION('center_axis',(-1.,-1.50538715203411E-16,0.));
#3714=DIRECTION('ref_axis',(6.12323399573677E-17,1.,0.));
#3715=DIRECTION('',(-1.,6.12323399573677E-17,0.));
#3716=DIRECTION('center_axis',(1.,1.50538715203411E-16,0.));
#3717=DIRECTION('ref_axis',(6.12323399573677E-17,1.,0.));
#3718=DIRECTION('center_axis',(2.26605178907815E-32,3.70074341541719E-16,
1.));
#3719=DIRECTION('ref_axis',(-8.93063752460433E-17,1.,-3.70074341541718E-16));
#3720=DIRECTION('',(-1.50538715203411E-16,1.,-3.70074341541718E-16));
#3721=DIRECTION('',(-1.,6.12323399573677E-17,0.));
#3722=DIRECTION('',(1.50538715203411E-16,-1.,3.70074341541718E-16));
#3723=DIRECTION('center_axis',(-1.,6.12323399573677E-17,0.));
#3724=DIRECTION('ref_axis',(-6.12323399573677E-17,-1.,-1.22464679914735E-16));
#3725=DIRECTION('center_axis',(-1.,-1.50538715203411E-16,0.));
#3726=DIRECTION('ref_axis',(6.12323399573677E-17,1.,0.));
#3727=DIRECTION('center_axis',(1.,1.50538715203411E-16,0.));
#3728=DIRECTION('ref_axis',(6.12323399573677E-17,1.,0.));
#3729=DIRECTION('center_axis',(3.70074341541719E-16,0.,-1.));
#3730=DIRECTION('ref_axis',(-1.,-1.50538715203411E-16,-3.70074341541718E-16));
#3731=DIRECTION('',(-1.,-1.50538715203411E-16,-3.70074341541718E-16));
#3732=DIRECTION('',(0.,1.,0.));
#3733=DIRECTION('',(1.,1.50538715203411E-16,3.70074341541718E-16));
#3734=DIRECTION('',(0.,1.,0.));
#3735=DIRECTION('center_axis',(0.,1.,0.));
#3736=DIRECTION('ref_axis',(1.,0.,0.));
#3737=DIRECTION('center_axis',(-1.50538715203411E-16,1.,0.));
#3738=DIRECTION('ref_axis',(1.,0.,0.));
#3739=DIRECTION('',(0.,1.,0.));
#3740=DIRECTION('center_axis',(1.50538715203411E-16,-1.,0.));
#3741=DIRECTION('ref_axis',(1.,0.,0.));
#3742=DIRECTION('center_axis',(3.70074341541719E-16,0.,1.));
#3743=DIRECTION('ref_axis',(1.,1.50538715203411E-16,-3.70074341541718E-16));
#3744=DIRECTION('',(1.,1.50538715203411E-16,-3.70074341541718E-16));
#3745=DIRECTION('',(0.,1.,0.));
#3746=DIRECTION('',(-1.,-1.50538715203411E-16,3.70074341541718E-16));
#3747=DIRECTION('center_axis',(0.,1.,0.));
#3748=DIRECTION('ref_axis',(-1.,0.,-1.22464679914735E-16));
#3749=DIRECTION('center_axis',(-1.50538715203411E-16,1.,0.));
#3750=DIRECTION('ref_axis',(1.,0.,0.));
#3751=DIRECTION('center_axis',(1.50538715203411E-16,-1.,0.));
#3752=DIRECTION('ref_axis',(1.,0.,0.));
#3753=DIRECTION('center_axis',(1.,1.29934744569074E-16,2.1655790761512E-17));
#3754=DIRECTION('ref_axis',(-1.31727032608106E-16,0.986393923832144,0.164398987305357));
#3755=DIRECTION('',(5.62491018487832E-17,-0.569859701401598,0.821742003744777));
#3756=DIRECTION('',(0.,-0.164398987305354,0.986393923832144));
#3757=DIRECTION('',(-1.31727032608106E-16,0.986393923832144,0.164398987305357));
#3758=DIRECTION('center_axis',(0.,-0.164398987305354,0.986393923832144));
#3759=DIRECTION('ref_axis',(1.,0.,0.));
#3760=DIRECTION('',(-1.,-1.34942154207986E-16,-2.24903590346639E-17));
#3761=DIRECTION('',(-1.,-1.33544043029326E-16,0.));
#3762=DIRECTION('',(1.31727032608106E-16,-0.986393923832144,-0.164398987305357));
#3763=DIRECTION('center_axis',(-1.23703985472415E-16,0.821742003744777,
0.569859701401599));
#3764=DIRECTION('ref_axis',(-1.,-1.50538715203411E-16,2.46519032881566E-32));
#3765=DIRECTION('',(-9.78526388250497E-17,0.569859701401599,-0.821742003744776));
#3766=DIRECTION('',(1.,1.50538715203411E-16,1.23339766344411E-32));
#3767=DIRECTION('',(-9.78526388250497E-17,0.569859701401599,-0.821742003744776));
#3768=DIRECTION('',(1.,1.50538715203411E-16,-1.894808076913E-32));
#3769=DIRECTION('center_axis',(1.,1.50538715203411E-16,-1.23259516440783E-32));
#3770=DIRECTION('ref_axis',(-1.08937688370041E-16,0.723652305806135,-0.690164719687601));
#3771=DIRECTION('',(-1.23259516440783E-32,-1.85553292415892E-48,-1.));
#3772=DIRECTION('center_axis',(-1.,-1.40881347239548E-16,5.65798037032893E-17));
#3773=DIRECTION('ref_axis',(8.26032549242487E-18,-0.77852407405035,-0.627614743392828));
#3774=DIRECTION('',(7.89649692478284E-17,-0.569859701401599,0.821742003744777));
#3775=DIRECTION('',(1.9435107709864E-17,-0.164398987305355,0.986393923832144));
#3776=DIRECTION('',(-1.1682623467371E-16,0.6901647196876,0.723652305806135));
#3777=DIRECTION('',(1.08937688370041E-16,-0.723652305806135,0.690164719687601));
#3778=DIRECTION('',(-1.1682623467371E-16,0.6901647196876,0.723652305806135));
#3779=DIRECTION('',(-2.19545054346843E-17,0.164398987305357,-0.986393923832144));
#3780=DIRECTION('',(-1.51996137006124E-16,0.627614743392835,-0.778524074050344));
#3781=DIRECTION('center_axis',(-1.,-1.49877587510179E-16,-2.72451256958822E-17));
#3782=DIRECTION('ref_axis',(8.2603254924281E-18,-0.77852407405036,-0.627614743392815));
#3783=DIRECTION('',(-2.67545296356623E-17,0.305192074546493,-0.952290815682903));
#3784=DIRECTION('center_axis',(-1.,-1.50538715203411E-16,3.00122497564601E-33));
#3785=DIRECTION('ref_axis',(1.17198013862464E-16,-0.778524074050341,-0.627614743392839));
#3786=DIRECTION('',(1.,1.50538715203411E-16,-3.00122497564601E-33));
#3787=DIRECTION('center_axis',(-1.,-1.40881347239548E-16,5.65798037032893E-17));
#3788=DIRECTION('ref_axis',(7.41692019192379E-17,-0.778524074050351,-0.627614743392827));
#3789=DIRECTION('',(-1.,-1.50538715203411E-16,3.00122497564601E-33));
#3790=DIRECTION('center_axis',(1.576892908198E-16,-0.952290815682903,-0.305192074546492));
#3791=DIRECTION('ref_axis',(-1.,-1.64187570854639E-16,-4.37421269089597E-18));
#3792=DIRECTION('',(-1.,-1.50538715203411E-16,-4.69627363298535E-17));
#3793=DIRECTION('',(1.,1.50538715203411E-16,-3.00122497564601E-33));
#3794=DIRECTION('',(-2.67545296356623E-17,0.305192074546493,-0.952290815682903));
#3795=DIRECTION('center_axis',(-1.17198013862464E-16,0.778524074050344,
0.627614743392835));
#3796=DIRECTION('ref_axis',(1.,1.50538715203411E-16,-2.46519032881566E-32));
#3797=DIRECTION('',(-1.51996137006124E-16,0.627614743392835,-0.778524074050344));
#3798=DIRECTION('',(1.,1.50538715203411E-16,-2.46519032881566E-32));
#3799=DIRECTION('center_axis',(-1.,-1.50538715203411E-16,3.00122497564601E-33));
#3800=DIRECTION('ref_axis',(1.17198013862464E-16,-0.778524074050341,-0.627614743392839));
#3801=DIRECTION('center_axis',(-1.,-1.49877587510179E-16,-2.72451256958822E-17));
#3802=DIRECTION('ref_axis',(1.33782753544805E-16,-0.77852407405036,-0.627614743392815));
#3803=DIRECTION('center_axis',(1.23703985472415E-16,-0.821742003744777,
-0.569859701401599));
#3804=DIRECTION('ref_axis',(1.,1.50538715203411E-16,-2.46519032881566E-32));
#3805=DIRECTION('',(7.89649692478284E-17,-0.569859701401599,0.821742003744777));
#3806=DIRECTION('',(-1.,-1.50538715203411E-16,0.));
#3807=DIRECTION('center_axis',(1.48490473978142E-16,-0.986393923832144,
-0.164398987305356));
#3808=DIRECTION('ref_axis',(1.,1.50538715203411E-16,0.));
#3809=DIRECTION('',(1.9435107709864E-17,-0.164398987305355,0.986393923832144));
#3810=DIRECTION('',(-1.,-1.50538715203411E-16,-1.54124102080679E-32));
#3811=DIRECTION('center_axis',(-1.48490473978142E-16,0.986393923832144,
0.164398987305356));
#3812=DIRECTION('ref_axis',(-1.,-1.50538715203411E-16,0.));
#3813=DIRECTION('',(0.,-0.164398987305354,0.986393923832144));
#3814=DIRECTION('',(1.,1.50538715203411E-16,-2.06690284487774E-32));
#3815=DIRECTION('center_axis',(-1.,-1.50538715203411E-16,1.23259516440783E-32));
#3816=DIRECTION('ref_axis',(1.08937688370041E-16,-0.723652305806135,0.690164719687601));
#3817=DIRECTION('',(-1.1682623467371E-16,0.6901647196876,0.723652305806135));
#3818=DIRECTION('',(-1.08937688370041E-16,0.723652305806135,-0.690164719687601));
#3819=DIRECTION('',(-1.1682623467371E-16,0.6901647196876,0.723652305806135));
#3820=DIRECTION('',(1.23259516440783E-32,1.85553292415892E-48,1.));
#3821=DIRECTION('center_axis',(-1.08937688370041E-16,0.723652305806135,
-0.690164719687601));
#3822=DIRECTION('ref_axis',(-1.,-1.50538715203411E-16,0.));
#3823=DIRECTION('',(1.,1.50538715203411E-16,0.));
#3824=DIRECTION('center_axis',(1.08937688370041E-16,-0.723652305806135,
0.690164719687601));
#3825=DIRECTION('ref_axis',(1.,1.50538715203411E-16,0.));
#3826=DIRECTION('',(-1.,-1.50538715203411E-16,0.));
#3827=DIRECTION('center_axis',(1.03896510180494E-16,-0.690164719687601,
-0.723652305806135));
#3828=DIRECTION('ref_axis',(-1.,0.,-1.4357241640342E-16));
#3829=DIRECTION('center_axis',(0.,0.,1.));
#3830=DIRECTION('ref_axis',(1.,0.,0.));
#3831=DIRECTION('',(1.50538715203411E-16,-1.,0.));
#3832=DIRECTION('',(-1.,-1.50538715203411E-16,0.));
#3833=DIRECTION('',(1.,1.50538715203411E-16,0.));
#3834=DIRECTION('center_axis',(0.,0.,1.));
#3835=DIRECTION('ref_axis',(1.,0.,0.));
#3836=DIRECTION('',(1.,1.50538715203411E-16,0.));
#3837=DIRECTION('',(-2.22166007114711E-16,1.,0.));
#3838=DIRECTION('',(-1.,-1.50538715203411E-16,0.));
#3839=DIRECTION('center_axis',(-1.,-1.50538715203411E-16,0.));
#3840=DIRECTION('ref_axis',(1.50538715203411E-16,-1.,0.));
#3841=DIRECTION('',(1.50538715203411E-16,-1.,0.));
#3842=DIRECTION('',(0.,0.,1.));
#3843=DIRECTION('',(0.,0.,1.));
#3844=DIRECTION('center_axis',(1.50538715203411E-16,-1.,0.));
#3845=DIRECTION('ref_axis',(1.,1.50538715203411E-16,0.));
#3846=DIRECTION('',(1.,1.50538715203411E-16,0.));
#3847=DIRECTION('center_axis',(-1.50538715203411E-16,1.,0.));
#3848=DIRECTION('ref_axis',(-1.,-1.50538715203411E-16,0.));
#3849=DIRECTION('',(-1.,-1.50538715203411E-16,0.));
#3850=DIRECTION('center_axis',(1.,1.50538715203411E-16,0.));
#3851=DIRECTION('ref_axis',(-1.50538715203411E-16,1.,0.));
#3852=DIRECTION('',(-1.50538715203411E-16,1.,0.));
#3853=DIRECTION('',(0.,0.,1.));
#3854=DIRECTION('',(0.,0.,1.));
#3855=DIRECTION('center_axis',(1.50538715203411E-16,-1.,0.));
#3856=DIRECTION('ref_axis',(1.,1.50538715203411E-16,0.));
#3857=DIRECTION('',(1.,1.50538715203411E-16,0.));
#3858=DIRECTION('center_axis',(-1.50538715203411E-16,1.,0.));
#3859=DIRECTION('ref_axis',(-1.,-1.50538715203411E-16,0.));
#3860=DIRECTION('',(-1.,-1.50538715203411E-16,0.));
#3861=DIRECTION('center_axis',(0.,0.,1.));
#3862=DIRECTION('ref_axis',(1.,0.,0.));
#3863=CARTESIAN_POINT('',(0.,0.,0.));
#3864=CARTESIAN_POINT('Origin',(-30.0761102611063,-113.679520427201,23.2992647964552));
#3865=CARTESIAN_POINT('',(-28.4284192369288,-113.679520427201,33.1802510971883));
#3866=CARTESIAN_POINT('',(-29.5929330365857,-113.679520427201,32.9861654639122));
#3867=CARTESIAN_POINT('',(-30.5713907165058,-113.679520427201,32.8230891839255));
#3868=CARTESIAN_POINT('',(-27.271673411986,-113.679520427201,26.2397761475313));
#3869=CARTESIAN_POINT('',(-28.0174217686654,-113.679520427201,30.714266287608));
#3870=CARTESIAN_POINT('',(-30.0761102611063,-113.679520427201,23.2992647964552));
#3871=CARTESIAN_POINT('',(-30.0761102611063,-113.679520427201,23.2992647964552));
#3872=CARTESIAN_POINT('',(-31.5234148727186,-113.679520427201,24.6795942358304));
#3873=CARTESIAN_POINT('',(-31.5234148727186,-113.679520427201,24.6795942358304));
#3874=CARTESIAN_POINT('',(-29.4087719146286,-113.679520427201,26.8968421027906));
#3875=CARTESIAN_POINT('',(-31.5234148727186,-113.679520427201,24.6795942358304));
#3876=CARTESIAN_POINT('',(-29.9164791740849,-113.679520427201,29.9430856595281));
#3877=CARTESIAN_POINT('',(-29.3266165871395,-113.679520427201,26.4039101378556));
#3878=CARTESIAN_POINT('',(-34.7695191032157,-113.679520427201,36.9412059789837));
#3879=CARTESIAN_POINT('',(-29.78869247512,-113.679520427201,29.7588162721664));
#3880=CARTESIAN_POINT('',(-29.7997625669125,-113.679520427201,43.4212474119595));
#3881=CARTESIAN_POINT('Origin',(-31.4669504713752,-113.679520427201,39.5541131080591));
#3882=CARTESIAN_POINT('',(-29.7997625669125,-113.679520427201,40.8915108125022));
#3883=CARTESIAN_POINT('',(-29.7997625669125,-113.679520427201,29.144347156299));
#3884=CARTESIAN_POINT('',(-29.8568785018469,-113.679520427201,41.0697296615598));
#3885=CARTESIAN_POINT('',(-29.9192413170899,-113.679520427201,41.2643203509945));
#3886=CARTESIAN_POINT('',(-33.1884263973249,-113.679520427201,38.1663285712229));
#3887=CARTESIAN_POINT('Origin',(-31.4669504713752,-113.679520427201,39.5541131080591));
#3888=CARTESIAN_POINT('',(-33.1657752167731,-113.679520427201,38.1382309372031));
#3889=CARTESIAN_POINT('',(-33.1884263973249,-113.679520427201,38.1663285712229));
#3890=CARTESIAN_POINT('',(-28.1452084676304,-113.679520427201,30.8985356749696));
#3891=CARTESIAN_POINT('Origin',(-27.3538287394751,-119.679520427201,26.7327081124663));
#3892=CARTESIAN_POINT('',(-28.0174217686654,-119.661319531954,30.714266287608));
#3893=CARTESIAN_POINT('',(-28.0174217686654,-119.679520427201,30.714266287608));
#3894=CARTESIAN_POINT('',(-28.0174217686654,-115.179520427201,30.714266287608));
#3895=CARTESIAN_POINT('',(-27.271673411986,-119.679520427201,26.2397761475313));
#3896=CARTESIAN_POINT('',(-27.3538287394751,-119.679520427201,26.7327081124663));
#3897=CARTESIAN_POINT('',(-27.271673411986,-115.179520427201,26.2397761475313));
#3898=CARTESIAN_POINT('',(-28.4284192369288,-119.661319531954,33.1802510971883));
#3899=CARTESIAN_POINT('',(-28.4284192369288,-113.679520427201,33.1802510971883));
#3900=CARTESIAN_POINT('',(-28.0174217686654,-119.661319531954,30.714266287608));
#3901=CARTESIAN_POINT('Origin',(-31.5234148727186,-119.679520427201,24.6795942358304));
#3902=CARTESIAN_POINT('',(-29.7997625669125,-119.679520427201,43.4212474119595));
#3903=CARTESIAN_POINT('',(-29.7997625669125,-119.679520427201,40.8915108125022));
#3904=CARTESIAN_POINT('',(-29.7997625669125,-119.679520427201,29.8345118759866));
#3905=CARTESIAN_POINT('',(-34.7695191032158,-119.679520427201,36.9412059789837));
#3906=CARTESIAN_POINT('Origin',(-31.4669504713752,-119.679520427201,39.5541131080591));
#3907=CARTESIAN_POINT('',(-29.9164791740849,-119.679520427201,29.9430856595281));
#3908=CARTESIAN_POINT('',(-29.78869247512,-119.679520427201,29.7588162721664));
#3909=CARTESIAN_POINT('',(-29.4087719146286,-119.679520427201,26.8968421027906));
#3910=CARTESIAN_POINT('',(-29.3266165871395,-119.679520427201,26.4039101378556));
#3911=CARTESIAN_POINT('',(-31.5234148727186,-119.679520427201,24.6795942358304));
#3912=CARTESIAN_POINT('',(-31.5234148727186,-119.679520427201,24.6795942358304));
#3913=CARTESIAN_POINT('',(-30.0761102611063,-119.679520427201,23.2992647964552));
#3914=CARTESIAN_POINT('',(-30.0761102611063,-119.679520427201,23.2992647964552));
#3915=CARTESIAN_POINT('',(-30.0761102611063,-119.679520427201,23.2992647964552));
#3916=CARTESIAN_POINT('',(-33.1657752167731,-119.679520427201,38.1382309372031));
#3917=CARTESIAN_POINT('',(-28.1452084676304,-119.679520427201,30.8985356749696));
#3918=CARTESIAN_POINT('',(-33.1884263973249,-119.679520427201,38.1663285712229));
#3919=CARTESIAN_POINT('',(-33.1884263973249,-119.679520427201,38.1663285712229));
#3920=CARTESIAN_POINT('',(-29.8568785018469,-119.679520427201,41.0697296615599));
#3921=CARTESIAN_POINT('Origin',(-31.4669504713752,-119.679520427201,39.5541131080591));
#3922=CARTESIAN_POINT('',(-29.9192413170899,-119.679520427201,41.2643203509945));
#3923=CARTESIAN_POINT('Origin',(-31.4669504713752,-116.679520427201,39.5541131080591));
#3924=CARTESIAN_POINT('',(-29.7997625669125,-116.679520427201,43.4212474119595));
#3925=CARTESIAN_POINT('',(-34.7695191032158,-116.679520427201,36.9412059789838));
#3926=CARTESIAN_POINT('Origin',(-30.1603932482424,-119.661319531954,30.3571043743451));
#3927=CARTESIAN_POINT('',(-29.5929330365857,-119.661319531954,32.9861654639122));
#3928=CARTESIAN_POINT('',(-28.3456440110149,-119.661319531954,31.187565245998));
#3929=CARTESIAN_POINT('',(-28.4284192369288,-119.661319531954,33.1802510971883));
#3930=CARTESIAN_POINT('Origin',(-29.4999049767173,-116.670419979578,33.0016701405569));
#3931=CARTESIAN_POINT('',(-29.5929330365857,-118.174970203389,32.9861654639122));
#3932=CARTESIAN_POINT('Origin',(-28.1452084676304,-119.679520427201,30.8985356749696));
#3933=CARTESIAN_POINT('',(-33.1657752167731,-115.179520427201,38.1382309372032));
#3934=CARTESIAN_POINT('Origin',(-29.9192413170899,-119.679520427201,41.2643203509945));
#3935=CARTESIAN_POINT('',(-29.7997625669125,-72.679520427201,40.8915108125022));
#3936=CARTESIAN_POINT('',(-29.8568785018469,-116.679520427201,41.0697296615599));
#3937=CARTESIAN_POINT('Origin',(-33.1884263973249,-113.679520427201,38.1663285712229));
#3938=CARTESIAN_POINT('',(-33.1884263973249,-113.679520427201,38.1663285712229));
#3939=CARTESIAN_POINT('Origin',(-31.4669504713752,-116.679520427201,39.5541131080591));
#3940=CARTESIAN_POINT('Origin',(-29.78869247512,-113.679520427201,29.7588162721664));
#3941=CARTESIAN_POINT('',(-29.9164791740849,-113.679520427201,29.9430856595281));
#3942=CARTESIAN_POINT('Origin',(-29.3266165871395,-113.679520427201,26.4039101378556));
#3943=CARTESIAN_POINT('',(-29.4087719146286,-113.679520427201,26.8968421027906));
#3944=CARTESIAN_POINT('Origin',(-30.0761102611063,-119.679520427201,23.2992647964552));
#3945=CARTESIAN_POINT('',(-30.0761102611063,-113.679520427201,23.2992647964552));
#3946=CARTESIAN_POINT('Origin',(-31.5234148727186,-113.679520427201,24.6795942358304));
#3947=CARTESIAN_POINT('',(-31.5234148727186,-119.679520427201,24.6795942358304));
#3948=CARTESIAN_POINT('Origin',(-30.7997625669125,-116.679520427201,23.9894295161428));
#3949=CARTESIAN_POINT('Origin',(6.20023743308757,-25.4031727330072,23.2992647964552));
#3950=CARTESIAN_POINT('',(6.20023743308757,-27.0508637571846,33.1802510971883));
#3951=CARTESIAN_POINT('',(6.20023743308757,-25.8863499575278,32.9861654639122));
#3952=CARTESIAN_POINT('',(6.20023743308757,-24.9078922776077,32.8230891839255));
#3953=CARTESIAN_POINT('',(6.20023743308757,-28.2076095821275,26.2397761475313));
#3954=CARTESIAN_POINT('',(6.20023743308757,-27.461861225448,30.714266287608));
#3955=CARTESIAN_POINT('',(6.20023743308757,-25.4031727330072,23.2992647964552));
#3956=CARTESIAN_POINT('',(6.20023743308757,-25.4031727330072,23.2992647964552));
#3957=CARTESIAN_POINT('',(6.20023743308757,-23.9558681213949,24.6795942358304));
#3958=CARTESIAN_POINT('',(6.20023743308757,-23.9558681213949,24.6795942358304));
#3959=CARTESIAN_POINT('',(6.20023743308757,-26.0705110794848,26.8968421027906));
#3960=CARTESIAN_POINT('',(6.20023743308757,-23.9558681213949,24.6795942358304));
#3961=CARTESIAN_POINT('',(6.20023743308757,-25.5628038200286,29.9430856595281));
#3962=CARTESIAN_POINT('',(6.20023743308757,-26.152666406974,26.4039101378556));
#3963=CARTESIAN_POINT('',(6.20023743308757,-20.7097638908977,36.9412059789837));
#3964=CARTESIAN_POINT('',(6.20023743308757,-25.6905905189935,29.7588162721664));
#3965=CARTESIAN_POINT('',(6.20023743308757,-25.679520427201,43.4212474119595));
#3966=CARTESIAN_POINT('Origin',(6.20023743308757,-24.0123325227383,39.5541131080591));
#3967=CARTESIAN_POINT('',(6.20023743308757,-25.679520427201,40.8915108125022));
#3968=CARTESIAN_POINT('',(6.20023743308757,-25.679520427201,29.144347156299));
#3969=CARTESIAN_POINT('',(6.20023743308757,-25.6224044922666,41.0697296615598));
#3970=CARTESIAN_POINT('',(6.20023743308757,-25.5600416770236,41.2643203509945));
#3971=CARTESIAN_POINT('',(6.20023743308757,-22.2908565967886,38.1663285712229));
#3972=CARTESIAN_POINT('Origin',(6.20023743308757,-24.0123325227383,39.5541131080591));
#3973=CARTESIAN_POINT('',(6.20023743308757,-22.3135077773403,38.1382309372031));
#3974=CARTESIAN_POINT('',(6.20023743308757,-22.2908565967886,38.1663285712229));
#3975=CARTESIAN_POINT('',(6.20023743308757,-27.3340745264831,30.8985356749696));
#3976=CARTESIAN_POINT('Origin',(0.200237433087567,-28.1254542546383,26.7327081124663));
#3977=CARTESIAN_POINT('',(0.218438328334448,-27.461861225448,30.714266287608));
#3978=CARTESIAN_POINT('',(0.200237433087567,-27.461861225448,30.714266287608));
#3979=CARTESIAN_POINT('',(4.70023743308757,-27.461861225448,30.714266287608));
#3980=CARTESIAN_POINT('',(0.200237433087567,-28.2076095821275,26.2397761475313));
#3981=CARTESIAN_POINT('',(0.200237433087567,-28.1254542546383,26.7327081124663));
#3982=CARTESIAN_POINT('',(4.70023743308757,-28.2076095821275,26.2397761475313));
#3983=CARTESIAN_POINT('',(0.218438328334448,-27.0508637571846,33.1802510971883));
#3984=CARTESIAN_POINT('',(6.20023743308757,-27.0508637571846,33.1802510971883));
#3985=CARTESIAN_POINT('',(0.218438328334448,-27.461861225448,30.714266287608));
#3986=CARTESIAN_POINT('Origin',(0.200237433087567,-23.9558681213949,24.6795942358304));
#3987=CARTESIAN_POINT('',(0.200237433087569,-25.679520427201,43.4212474119595));
#3988=CARTESIAN_POINT('',(0.200237433087567,-25.679520427201,40.8915108125022));
#3989=CARTESIAN_POINT('',(0.200237433087569,-25.679520427201,29.8345118759866));
#3990=CARTESIAN_POINT('',(0.200237433087567,-20.7097638908977,36.9412059789837));
#3991=CARTESIAN_POINT('Origin',(0.200237433087567,-24.0123325227383,39.5541131080591));
#3992=CARTESIAN_POINT('',(0.200237433087567,-25.5628038200286,29.9430856595281));
#3993=CARTESIAN_POINT('',(0.200237433087567,-25.6905905189935,29.7588162721664));
#3994=CARTESIAN_POINT('',(0.200237433087567,-26.0705110794848,26.8968421027906));
#3995=CARTESIAN_POINT('',(0.200237433087567,-26.152666406974,26.4039101378556));
#3996=CARTESIAN_POINT('',(0.200237433087567,-23.9558681213949,24.6795942358304));
#3997=CARTESIAN_POINT('',(0.200237433087567,-23.9558681213949,24.6795942358304));
#3998=CARTESIAN_POINT('',(0.200237433087567,-25.4031727330072,23.2992647964552));
#3999=CARTESIAN_POINT('',(0.200237433087567,-25.4031727330072,23.2992647964552));
#4000=CARTESIAN_POINT('',(0.200237433087567,-25.4031727330072,23.2992647964552));
#4001=CARTESIAN_POINT('',(0.200237433087567,-22.3135077773403,38.1382309372031));
#4002=CARTESIAN_POINT('',(0.200237433087567,-27.3340745264831,30.8985356749696));
#4003=CARTESIAN_POINT('',(0.200237433087567,-22.2908565967886,38.1663285712229));
#4004=CARTESIAN_POINT('',(0.200237433087567,-22.2908565967886,38.1663285712229));
#4005=CARTESIAN_POINT('',(0.200237433087567,-25.6224044922666,41.0697296615599));
#4006=CARTESIAN_POINT('Origin',(0.200237433087567,-24.0123325227383,39.5541131080591));
#4007=CARTESIAN_POINT('',(0.200237433087567,-25.5600416770236,41.2643203509945));
#4008=CARTESIAN_POINT('Origin',(3.20023743308757,-24.0123325227383,39.5541131080591));
#4009=CARTESIAN_POINT('',(3.20023743308758,-25.679520427201,43.4212474119595));
#4010=CARTESIAN_POINT('',(3.20023743308757,-20.7097638908976,36.9412059789838));
#4011=CARTESIAN_POINT('Origin',(0.218438328334447,-25.318889745871,30.3571043743451));
#4012=CARTESIAN_POINT('',(0.218438328334448,-25.8863499575278,32.9861654639122));
#4013=CARTESIAN_POINT('',(0.218438328334448,-27.1336389830986,31.187565245998));
#4014=CARTESIAN_POINT('',(0.218438328334448,-27.0508637571846,33.1802510971883));
#4015=CARTESIAN_POINT('Origin',(3.20933788071101,-25.9793780173962,33.0016701405569));
#4016=CARTESIAN_POINT('',(1.70478765689929,-25.8863499575278,32.9861654639122));
#4017=CARTESIAN_POINT('Origin',(0.200237433087567,-27.3340745264831,30.8985356749696));
#4018=CARTESIAN_POINT('',(4.70023743308757,-22.3135077773403,38.1382309372032));
#4019=CARTESIAN_POINT('Origin',(0.200237433087567,-25.5600416770236,41.2643203509945));
#4020=CARTESIAN_POINT('',(47.2002374330876,-25.679520427201,40.8915108125022));
#4021=CARTESIAN_POINT('',(3.20023743308757,-25.6224044922666,41.0697296615599));
#4022=CARTESIAN_POINT('Origin',(6.20023743308757,-22.2908565967886,38.1663285712229));
#4023=CARTESIAN_POINT('',(6.20023743308757,-22.2908565967886,38.1663285712229));
#4024=CARTESIAN_POINT('Origin',(3.20023743308757,-24.0123325227383,39.5541131080591));
#4025=CARTESIAN_POINT('Origin',(6.20023743308757,-25.6905905189935,29.7588162721664));
#4026=CARTESIAN_POINT('',(6.20023743308757,-25.5628038200286,29.9430856595281));
#4027=CARTESIAN_POINT('Origin',(6.20023743308757,-26.152666406974,26.4039101378556));
#4028=CARTESIAN_POINT('',(6.20023743308757,-26.0705110794848,26.8968421027906));
#4029=CARTESIAN_POINT('Origin',(0.200237433087567,-25.4031727330072,23.2992647964552));
#4030=CARTESIAN_POINT('',(6.20023743308757,-25.4031727330072,23.2992647964552));
#4031=CARTESIAN_POINT('Origin',(6.20023743308757,-23.9558681213949,24.6795942358304));
#4032=CARTESIAN_POINT('',(0.200237433087567,-23.9558681213949,24.6795942358304));
#4033=CARTESIAN_POINT('Origin',(3.20023743308757,-24.679520427201,23.9894295161428));
#4034=CARTESIAN_POINT('Origin',(94.4765851272814,-61.679520427201,23.2992647964552));
#4035=CARTESIAN_POINT('',(92.8288941031039,-61.679520427201,33.1802510971883));
#4036=CARTESIAN_POINT('',(93.9934079027607,-61.679520427201,32.9861654639122));
#4037=CARTESIAN_POINT('',(94.9718655826808,-61.679520427201,32.8230891839255));
#4038=CARTESIAN_POINT('',(91.672148278161,-61.679520427201,26.2397761475313));
#4039=CARTESIAN_POINT('',(92.4178966348405,-61.679520427201,30.714266287608));
#4040=CARTESIAN_POINT('',(94.4765851272814,-61.679520427201,23.2992647964552));
#4041=CARTESIAN_POINT('',(94.4765851272814,-61.679520427201,23.2992647964552));
#4042=CARTESIAN_POINT('',(95.9238897388936,-61.679520427201,24.6795942358304));
#4043=CARTESIAN_POINT('',(95.9238897388936,-61.679520427201,24.6795942358304));
#4044=CARTESIAN_POINT('',(93.8092467808037,-61.679520427201,26.8968421027906));
#4045=CARTESIAN_POINT('',(95.9238897388936,-61.679520427201,24.6795942358304));
#4046=CARTESIAN_POINT('',(94.3169540402599,-61.679520427201,29.9430856595281));
#4047=CARTESIAN_POINT('',(93.7270914533145,-61.679520427201,26.4039101378556));
#4048=CARTESIAN_POINT('',(99.1699939693908,-61.679520427201,36.9412059789837));
#4049=CARTESIAN_POINT('',(94.189167341295,-61.679520427201,29.7588162721664));
#4050=CARTESIAN_POINT('',(94.2002374330875,-61.679520427201,43.4212474119595));
#4051=CARTESIAN_POINT('Origin',(95.8674253375503,-61.679520427201,39.5541131080591));
#4052=CARTESIAN_POINT('',(94.2002374330875,-61.679520427201,40.8915108125023));
#4053=CARTESIAN_POINT('',(94.2002374330875,-61.679520427201,29.144347156299));
#4054=CARTESIAN_POINT('',(94.2573533680219,-61.679520427201,41.0697296615598));
#4055=CARTESIAN_POINT('',(94.3197161832649,-61.679520427201,41.2643203509945));
#4056=CARTESIAN_POINT('',(97.5889012635,-61.679520427201,38.1663285712229));
#4057=CARTESIAN_POINT('Origin',(95.8674253375502,-61.679520427201,39.5541131080591));
#4058=CARTESIAN_POINT('',(97.5662500829482,-61.679520427201,38.1382309372031));
#4059=CARTESIAN_POINT('',(97.5889012635,-61.679520427201,38.1663285712229));
#4060=CARTESIAN_POINT('',(92.5456833338054,-61.679520427201,30.8985356749696));
#4061=CARTESIAN_POINT('Origin',(91.7543036056502,-55.679520427201,26.7327081124663));
#4062=CARTESIAN_POINT('',(92.4178966348405,-55.6977213224479,30.714266287608));
#4063=CARTESIAN_POINT('',(92.4178966348405,-55.679520427201,30.714266287608));
#4064=CARTESIAN_POINT('',(92.4178966348405,-60.179520427201,30.714266287608));
#4065=CARTESIAN_POINT('',(91.672148278161,-55.679520427201,26.2397761475313));
#4066=CARTESIAN_POINT('',(91.7543036056502,-55.679520427201,26.7327081124663));
#4067=CARTESIAN_POINT('',(91.672148278161,-60.179520427201,26.2397761475313));
#4068=CARTESIAN_POINT('',(92.8288941031039,-55.6977213224479,33.1802510971883));
#4069=CARTESIAN_POINT('',(92.8288941031039,-61.679520427201,33.1802510971883));
#4070=CARTESIAN_POINT('',(92.4178966348405,-55.6977213224479,30.714266287608));
#4071=CARTESIAN_POINT('Origin',(95.9238897388936,-55.679520427201,24.6795942358304));
#4072=CARTESIAN_POINT('',(94.2002374330875,-55.679520427201,43.4212474119595));
#4073=CARTESIAN_POINT('',(94.2002374330875,-55.679520427201,40.8915108125023));
#4074=CARTESIAN_POINT('',(94.2002374330875,-55.679520427201,29.8345118759866));
#4075=CARTESIAN_POINT('',(99.1699939693908,-55.679520427201,36.9412059789837));
#4076=CARTESIAN_POINT('Origin',(95.8674253375503,-55.679520427201,39.5541131080591));
#4077=CARTESIAN_POINT('',(94.3169540402599,-55.679520427201,29.9430856595281));
#4078=CARTESIAN_POINT('',(94.189167341295,-55.679520427201,29.7588162721664));
#4079=CARTESIAN_POINT('',(93.8092467808037,-55.679520427201,26.8968421027906));
#4080=CARTESIAN_POINT('',(93.7270914533145,-55.679520427201,26.4039101378556));
#4081=CARTESIAN_POINT('',(95.9238897388936,-55.679520427201,24.6795942358304));
#4082=CARTESIAN_POINT('',(95.9238897388936,-55.679520427201,24.6795942358304));
#4083=CARTESIAN_POINT('',(94.4765851272814,-55.679520427201,23.2992647964552));
#4084=CARTESIAN_POINT('',(94.4765851272814,-55.679520427201,23.2992647964552));
#4085=CARTESIAN_POINT('',(94.4765851272814,-55.679520427201,23.2992647964552));
#4086=CARTESIAN_POINT('',(97.5662500829482,-55.679520427201,38.1382309372031));
#4087=CARTESIAN_POINT('',(92.5456833338054,-55.679520427201,30.8985356749696));
#4088=CARTESIAN_POINT('',(97.5889012635,-55.679520427201,38.1663285712229));
#4089=CARTESIAN_POINT('',(97.5889012635,-55.679520427201,38.1663285712229));
#4090=CARTESIAN_POINT('',(94.2573533680219,-55.679520427201,41.0697296615599));
#4091=CARTESIAN_POINT('Origin',(95.8674253375502,-55.679520427201,39.5541131080591));
#4092=CARTESIAN_POINT('',(94.3197161832649,-55.679520427201,41.2643203509945));
#4093=CARTESIAN_POINT('Origin',(95.8674253375502,-58.679520427201,39.5541131080591));
#4094=CARTESIAN_POINT('',(94.2002374330875,-58.679520427201,43.4212474119595));
#4095=CARTESIAN_POINT('',(99.1699939693909,-58.679520427201,36.9412059789838));
#4096=CARTESIAN_POINT('Origin',(94.5608681144175,-55.6977213224478,30.3571043743451));
#4097=CARTESIAN_POINT('',(93.9934079027607,-55.6977213224478,32.9861654639122));
#4098=CARTESIAN_POINT('',(92.7461188771899,-55.6977213224479,31.187565245998));
#4099=CARTESIAN_POINT('',(92.8288941031039,-55.6977213224479,33.1802510971883));
#4100=CARTESIAN_POINT('Origin',(93.9003798428924,-58.6886208748244,33.0016701405569));
#4101=CARTESIAN_POINT('',(93.9934079027607,-57.1840706510127,32.9861654639122));
#4102=CARTESIAN_POINT('Origin',(92.5456833338054,-55.679520427201,30.8985356749696));
#4103=CARTESIAN_POINT('',(97.5662500829482,-60.179520427201,38.1382309372032));
#4104=CARTESIAN_POINT('Origin',(94.3197161832649,-55.679520427201,41.2643203509945));
#4105=CARTESIAN_POINT('',(94.2002374330876,-102.679520427201,40.8915108125022));
#4106=CARTESIAN_POINT('',(94.2573533680219,-58.679520427201,41.0697296615599));
#4107=CARTESIAN_POINT('Origin',(97.5889012635,-61.679520427201,38.1663285712229));
#4108=CARTESIAN_POINT('',(97.5889012635,-61.679520427201,38.1663285712229));
#4109=CARTESIAN_POINT('Origin',(95.8674253375502,-58.679520427201,39.5541131080591));
#4110=CARTESIAN_POINT('Origin',(94.189167341295,-61.679520427201,29.7588162721664));
#4111=CARTESIAN_POINT('',(94.3169540402599,-61.679520427201,29.9430856595281));
#4112=CARTESIAN_POINT('Origin',(93.7270914533145,-61.679520427201,26.4039101378556));
#4113=CARTESIAN_POINT('',(93.8092467808037,-61.679520427201,26.8968421027906));
#4114=CARTESIAN_POINT('Origin',(94.4765851272814,-55.679520427201,23.2992647964552));
#4115=CARTESIAN_POINT('',(94.4765851272814,-61.679520427201,23.2992647964552));
#4116=CARTESIAN_POINT('Origin',(95.9238897388936,-61.679520427201,24.6795942358304));
#4117=CARTESIAN_POINT('',(95.9238897388936,-55.679520427201,24.6795942358304));
#4118=CARTESIAN_POINT('Origin',(95.2002374330875,-58.679520427201,23.9894295161428));
#4119=CARTESIAN_POINT('Origin',(-30.0761102611063,-53.679520427201,23.2992647964552));
#4120=CARTESIAN_POINT('',(-28.4284192369288,-53.679520427201,33.1802510971883));
#4121=CARTESIAN_POINT('',(-29.5929330365857,-53.679520427201,32.9861654639122));
#4122=CARTESIAN_POINT('',(-30.5713907165058,-53.679520427201,32.8230891839255));
#4123=CARTESIAN_POINT('',(-27.2716734119859,-53.679520427201,26.2397761475313));
#4124=CARTESIAN_POINT('',(-28.0174217686654,-53.679520427201,30.714266287608));
#4125=CARTESIAN_POINT('',(-30.0761102611063,-53.679520427201,23.2992647964552));
#4126=CARTESIAN_POINT('',(-30.0761102611063,-53.679520427201,23.2992647964552));
#4127=CARTESIAN_POINT('',(-31.5234148727186,-53.679520427201,24.6795942358304));
#4128=CARTESIAN_POINT('',(-31.5234148727186,-53.679520427201,24.6795942358304));
#4129=CARTESIAN_POINT('',(-29.4087719146286,-53.679520427201,26.8968421027906));
#4130=CARTESIAN_POINT('',(-31.5234148727186,-53.679520427201,24.6795942358304));
#4131=CARTESIAN_POINT('',(-29.9164791740849,-53.679520427201,29.9430856595281));
#4132=CARTESIAN_POINT('',(-29.3266165871394,-53.679520427201,26.4039101378556));
#4133=CARTESIAN_POINT('',(-34.7695191032157,-53.679520427201,36.9412059789837));
#4134=CARTESIAN_POINT('',(-29.7886924751199,-53.679520427201,29.7588162721664));
#4135=CARTESIAN_POINT('',(-29.7997625669125,-53.679520427201,43.4212474119595));
#4136=CARTESIAN_POINT('Origin',(-31.4669504713752,-53.679520427201,39.5541131080591));
#4137=CARTESIAN_POINT('',(-29.7997625669125,-53.679520427201,40.8915108125023));
#4138=CARTESIAN_POINT('',(-29.7997625669125,-53.679520427201,29.144347156299));
#4139=CARTESIAN_POINT('',(-29.8568785018469,-53.679520427201,41.0697296615598));
#4140=CARTESIAN_POINT('',(-29.9192413170898,-53.679520427201,41.2643203509945));
#4141=CARTESIAN_POINT('',(-33.1884263973249,-53.679520427201,38.1663285712229));
#4142=CARTESIAN_POINT('Origin',(-31.4669504713752,-53.679520427201,39.5541131080591));
#4143=CARTESIAN_POINT('',(-33.1657752167731,-53.679520427201,38.1382309372031));
#4144=CARTESIAN_POINT('',(-33.1884263973249,-53.679520427201,38.1663285712229));
#4145=CARTESIAN_POINT('',(-28.1452084676304,-53.679520427201,30.8985356749696));
#4146=CARTESIAN_POINT('Origin',(-27.3538287394751,-59.679520427201,26.7327081124663));
#4147=CARTESIAN_POINT('',(-28.0174217686654,-59.6613195319541,30.714266287608));
#4148=CARTESIAN_POINT('',(-28.0174217686654,-59.679520427201,30.714266287608));
#4149=CARTESIAN_POINT('',(-28.0174217686654,-55.179520427201,30.714266287608));
#4150=CARTESIAN_POINT('',(-27.2716734119859,-59.679520427201,26.2397761475313));
#4151=CARTESIAN_POINT('',(-27.3538287394751,-59.679520427201,26.7327081124663));
#4152=CARTESIAN_POINT('',(-27.2716734119859,-55.179520427201,26.2397761475313));
#4153=CARTESIAN_POINT('',(-28.4284192369288,-59.6613195319541,33.1802510971883));
#4154=CARTESIAN_POINT('',(-28.4284192369288,-53.679520427201,33.1802510971883));
#4155=CARTESIAN_POINT('',(-28.0174217686654,-59.6613195319541,30.714266287608));
#4156=CARTESIAN_POINT('Origin',(66.2002374330875,-25.4031727330072,23.2992647964552));
#4157=CARTESIAN_POINT('',(66.2002374330875,-27.0508637571846,33.1802510971883));
#4158=CARTESIAN_POINT('',(66.2002374330875,-25.8863499575278,32.9861654639122));
#4159=CARTESIAN_POINT('',(66.2002374330875,-24.9078922776077,32.8230891839255));
#4160=CARTESIAN_POINT('',(66.2002374330875,-28.2076095821275,26.2397761475313));
#4161=CARTESIAN_POINT('',(66.2002374330875,-27.461861225448,30.714266287608));
#4162=CARTESIAN_POINT('',(66.2002374330875,-25.4031727330072,23.2992647964552));
#4163=CARTESIAN_POINT('',(66.2002374330875,-25.4031727330072,23.2992647964552));
#4164=CARTESIAN_POINT('',(66.2002374330875,-23.9558681213949,24.6795942358304));
#4165=CARTESIAN_POINT('',(66.2002374330875,-23.9558681213949,24.6795942358304));
#4166=CARTESIAN_POINT('',(66.2002374330875,-26.0705110794848,26.8968421027906));
#4167=CARTESIAN_POINT('',(66.2002374330875,-23.9558681213949,24.6795942358304));
#4168=CARTESIAN_POINT('',(66.2002374330875,-25.5628038200286,29.9430856595281));
#4169=CARTESIAN_POINT('',(66.2002374330875,-26.152666406974,26.4039101378556));
#4170=CARTESIAN_POINT('',(66.2002374330875,-20.7097638908977,36.9412059789837));
#4171=CARTESIAN_POINT('',(66.2002374330875,-25.6905905189935,29.7588162721664));
#4172=CARTESIAN_POINT('',(66.2002374330875,-25.679520427201,43.4212474119595));
#4173=CARTESIAN_POINT('Origin',(66.2002374330875,-24.0123325227383,39.5541131080591));
#4174=CARTESIAN_POINT('',(66.2002374330875,-25.679520427201,40.8915108125022));
#4175=CARTESIAN_POINT('',(66.2002374330875,-25.679520427201,29.144347156299));
#4176=CARTESIAN_POINT('',(66.2002374330875,-25.6224044922666,41.0697296615598));
#4177=CARTESIAN_POINT('',(66.2002374330875,-25.5600416770236,41.2643203509945));
#4178=CARTESIAN_POINT('',(66.2002374330875,-22.2908565967886,38.1663285712229));
#4179=CARTESIAN_POINT('Origin',(66.2002374330875,-24.0123325227383,39.5541131080591));
#4180=CARTESIAN_POINT('',(66.2002374330875,-22.3135077773403,38.1382309372031));
#4181=CARTESIAN_POINT('',(66.2002374330875,-22.2908565967886,38.1663285712229));
#4182=CARTESIAN_POINT('',(66.2002374330875,-27.3340745264831,30.8985356749696));
#4183=CARTESIAN_POINT('Origin',(60.2002374330875,-28.1254542546383,26.7327081124663));
#4184=CARTESIAN_POINT('',(60.2184383283344,-27.461861225448,30.714266287608));
#4185=CARTESIAN_POINT('',(60.2002374330875,-27.461861225448,30.714266287608));
#4186=CARTESIAN_POINT('',(64.7002374330875,-27.461861225448,30.714266287608));
#4187=CARTESIAN_POINT('',(60.2002374330875,-28.2076095821275,26.2397761475313));
#4188=CARTESIAN_POINT('',(60.2002374330875,-28.1254542546383,26.7327081124663));
#4189=CARTESIAN_POINT('',(64.7002374330875,-28.2076095821275,26.2397761475313));
#4190=CARTESIAN_POINT('',(60.2184383283344,-27.0508637571846,33.1802510971883));
#4191=CARTESIAN_POINT('',(66.2002374330875,-27.0508637571846,33.1802510971883));
#4192=CARTESIAN_POINT('',(60.2184383283344,-27.461861225448,30.714266287608));
#4193=CARTESIAN_POINT('Origin',(94.4765851272814,-121.679520427201,23.2992647964552));
#4194=CARTESIAN_POINT('',(92.8288941031039,-121.679520427201,33.1802510971883));
#4195=CARTESIAN_POINT('',(93.9934079027608,-121.679520427201,32.9861654639122));
#4196=CARTESIAN_POINT('',(94.9718655826809,-121.679520427201,32.8230891839255));
#4197=CARTESIAN_POINT('',(91.672148278161,-121.679520427201,26.2397761475313));
#4198=CARTESIAN_POINT('',(92.4178966348405,-121.679520427201,30.714266287608));
#4199=CARTESIAN_POINT('',(94.4765851272814,-121.679520427201,23.2992647964552));
#4200=CARTESIAN_POINT('',(94.4765851272814,-121.679520427201,23.2992647964552));
#4201=CARTESIAN_POINT('',(95.9238897388937,-121.679520427201,24.6795942358304));
#4202=CARTESIAN_POINT('',(95.9238897388937,-121.679520427201,24.6795942358304));
#4203=CARTESIAN_POINT('',(93.8092467808037,-121.679520427201,26.8968421027906));
#4204=CARTESIAN_POINT('',(95.9238897388937,-121.679520427201,24.6795942358304));
#4205=CARTESIAN_POINT('',(94.31695404026,-121.679520427201,29.9430856595281));
#4206=CARTESIAN_POINT('',(93.7270914533145,-121.679520427201,26.4039101378556));
#4207=CARTESIAN_POINT('',(99.1699939693908,-121.679520427201,36.9412059789837));
#4208=CARTESIAN_POINT('',(94.189167341295,-121.679520427201,29.7588162721664));
#4209=CARTESIAN_POINT('',(94.2002374330876,-121.679520427201,43.4212474119595));
#4210=CARTESIAN_POINT('Origin',(95.8674253375503,-121.679520427201,39.5541131080591));
#4211=CARTESIAN_POINT('',(94.2002374330876,-121.679520427201,40.8915108125022));
#4212=CARTESIAN_POINT('',(94.2002374330876,-121.679520427201,29.144347156299));
#4213=CARTESIAN_POINT('',(94.257353368022,-121.679520427201,41.0697296615598));
#4214=CARTESIAN_POINT('',(94.3197161832649,-121.679520427201,41.2643203509945));
#4215=CARTESIAN_POINT('',(97.5889012635,-121.679520427201,38.1663285712229));
#4216=CARTESIAN_POINT('Origin',(95.8674253375503,-121.679520427201,39.5541131080591));
#4217=CARTESIAN_POINT('',(97.5662500829482,-121.679520427201,38.1382309372031));
#4218=CARTESIAN_POINT('',(97.5889012635,-121.679520427201,38.1663285712229));
#4219=CARTESIAN_POINT('',(92.5456833338055,-121.679520427201,30.8985356749696));
#4220=CARTESIAN_POINT('Origin',(91.7543036056502,-115.679520427201,26.7327081124663));
#4221=CARTESIAN_POINT('',(92.4178966348405,-115.697721322448,30.714266287608));
#4222=CARTESIAN_POINT('',(92.4178966348405,-115.679520427201,30.714266287608));
#4223=CARTESIAN_POINT('',(92.4178966348405,-120.179520427201,30.714266287608));
#4224=CARTESIAN_POINT('',(91.672148278161,-115.679520427201,26.2397761475313));
#4225=CARTESIAN_POINT('',(91.7543036056502,-115.679520427201,26.7327081124663));
#4226=CARTESIAN_POINT('',(91.672148278161,-120.179520427201,26.2397761475313));
#4227=CARTESIAN_POINT('',(92.8288941031039,-115.697721322448,33.1802510971883));
#4228=CARTESIAN_POINT('',(92.8288941031039,-121.679520427201,33.1802510971883));
#4229=CARTESIAN_POINT('',(92.4178966348405,-115.697721322448,30.714266287608));
#4230=CARTESIAN_POINT('Origin',(-31.5234148727186,-59.679520427201,24.6795942358304));
#4231=CARTESIAN_POINT('',(-29.7997625669125,-59.679520427201,43.4212474119595));
#4232=CARTESIAN_POINT('',(-29.7997625669125,-59.679520427201,40.8915108125023));
#4233=CARTESIAN_POINT('',(-29.7997625669125,-59.679520427201,29.8345118759866));
#4234=CARTESIAN_POINT('',(-34.7695191032158,-59.679520427201,36.9412059789837));
#4235=CARTESIAN_POINT('Origin',(-31.4669504713752,-59.679520427201,39.5541131080591));
#4236=CARTESIAN_POINT('',(-29.9164791740849,-59.679520427201,29.9430856595281));
#4237=CARTESIAN_POINT('',(-29.7886924751199,-59.679520427201,29.7588162721664));
#4238=CARTESIAN_POINT('',(-29.4087719146286,-59.679520427201,26.8968421027906));
#4239=CARTESIAN_POINT('',(-29.3266165871394,-59.679520427201,26.4039101378556));
#4240=CARTESIAN_POINT('',(-31.5234148727186,-59.679520427201,24.6795942358304));
#4241=CARTESIAN_POINT('',(-31.5234148727186,-59.679520427201,24.6795942358304));
#4242=CARTESIAN_POINT('',(-30.0761102611063,-59.679520427201,23.2992647964552));
#4243=CARTESIAN_POINT('',(-30.0761102611063,-59.679520427201,23.2992647964552));
#4244=CARTESIAN_POINT('',(-30.0761102611063,-59.679520427201,23.2992647964552));
#4245=CARTESIAN_POINT('',(-33.1657752167731,-59.679520427201,38.1382309372031));
#4246=CARTESIAN_POINT('',(-28.1452084676304,-59.679520427201,30.8985356749696));
#4247=CARTESIAN_POINT('',(-33.1884263973249,-59.679520427201,38.1663285712229));
#4248=CARTESIAN_POINT('',(-33.1884263973249,-59.679520427201,38.1663285712229));
#4249=CARTESIAN_POINT('',(-29.8568785018469,-59.679520427201,41.0697296615599));
#4250=CARTESIAN_POINT('Origin',(-31.4669504713752,-59.679520427201,39.5541131080591));
#4251=CARTESIAN_POINT('',(-29.9192413170898,-59.679520427201,41.2643203509945));
#4252=CARTESIAN_POINT('Origin',(-31.4669504713752,-56.679520427201,39.5541131080591));
#4253=CARTESIAN_POINT('',(-29.7997625669125,-56.679520427201,43.4212474119595));
#4254=CARTESIAN_POINT('',(-34.7695191032158,-56.679520427201,36.9412059789838));
#4255=CARTESIAN_POINT('Origin',(-30.1603932482424,-59.6613195319541,30.3571043743451));
#4256=CARTESIAN_POINT('',(-29.5929330365857,-59.6613195319541,32.9861654639122));
#4257=CARTESIAN_POINT('',(-28.3456440110148,-59.6613195319541,31.187565245998));
#4258=CARTESIAN_POINT('',(-28.4284192369288,-59.6613195319541,33.1802510971883));
#4259=CARTESIAN_POINT('Origin',(-29.4999049767173,-56.6704199795775,33.0016701405569));
#4260=CARTESIAN_POINT('',(-29.5929330365857,-58.1749702033893,32.9861654639122));
#4261=CARTESIAN_POINT('Origin',(-28.1452084676304,-59.679520427201,30.8985356749696));
#4262=CARTESIAN_POINT('',(-33.1657752167731,-55.179520427201,38.1382309372032));
#4263=CARTESIAN_POINT('Origin',(-29.9192413170898,-59.679520427201,41.2643203509945));
#4264=CARTESIAN_POINT('',(-29.7997625669125,-42.679520427201,40.8915108125023));
#4265=CARTESIAN_POINT('',(-29.8568785018469,-56.679520427201,41.0697296615599));
#4266=CARTESIAN_POINT('Origin',(-33.1884263973249,-53.679520427201,38.1663285712229));
#4267=CARTESIAN_POINT('',(-33.1884263973249,-53.679520427201,38.1663285712229));
#4268=CARTESIAN_POINT('Origin',(-31.4669504713752,-56.679520427201,39.5541131080591));
#4269=CARTESIAN_POINT('Origin',(-29.7886924751199,-53.679520427201,29.7588162721664));
#4270=CARTESIAN_POINT('',(-29.9164791740849,-53.679520427201,29.9430856595281));
#4271=CARTESIAN_POINT('Origin',(-29.3266165871394,-53.679520427201,26.4039101378556));
#4272=CARTESIAN_POINT('',(-29.4087719146286,-53.679520427201,26.8968421027906));
#4273=CARTESIAN_POINT('Origin',(-30.0761102611063,-59.679520427201,23.2992647964552));
#4274=CARTESIAN_POINT('',(-30.0761102611063,-53.679520427201,23.2992647964552));
#4275=CARTESIAN_POINT('Origin',(-31.5234148727186,-53.679520427201,24.6795942358304));
#4276=CARTESIAN_POINT('',(-31.5234148727186,-59.679520427201,24.6795942358304));
#4277=CARTESIAN_POINT('Origin',(-30.7997625669124,-56.679520427201,23.9894295161428));
#4278=CARTESIAN_POINT('Origin',(60.2002374330875,-23.9558681213949,24.6795942358304));
#4279=CARTESIAN_POINT('',(60.2002374330875,-25.679520427201,43.4212474119595));
#4280=CARTESIAN_POINT('',(60.2002374330875,-25.679520427201,40.8915108125022));
#4281=CARTESIAN_POINT('',(60.2002374330875,-25.679520427201,29.8345118759866));
#4282=CARTESIAN_POINT('',(60.2002374330875,-20.7097638908977,36.9412059789837));
#4283=CARTESIAN_POINT('Origin',(60.2002374330875,-24.0123325227383,39.5541131080591));
#4284=CARTESIAN_POINT('',(60.2002374330875,-25.5628038200286,29.9430856595281));
#4285=CARTESIAN_POINT('',(60.2002374330875,-25.6905905189935,29.7588162721664));
#4286=CARTESIAN_POINT('',(60.2002374330875,-26.0705110794848,26.8968421027906));
#4287=CARTESIAN_POINT('',(60.2002374330875,-26.152666406974,26.4039101378556));
#4288=CARTESIAN_POINT('',(60.2002374330875,-23.9558681213949,24.6795942358304));
#4289=CARTESIAN_POINT('',(60.2002374330875,-23.9558681213949,24.6795942358304));
#4290=CARTESIAN_POINT('',(60.2002374330875,-25.4031727330072,23.2992647964552));
#4291=CARTESIAN_POINT('',(60.2002374330875,-25.4031727330072,23.2992647964552));
#4292=CARTESIAN_POINT('',(60.2002374330875,-25.4031727330072,23.2992647964552));
#4293=CARTESIAN_POINT('',(60.2002374330875,-22.3135077773403,38.1382309372031));
#4294=CARTESIAN_POINT('',(60.2002374330875,-27.3340745264831,30.8985356749696));
#4295=CARTESIAN_POINT('',(60.2002374330875,-22.2908565967886,38.1663285712229));
#4296=CARTESIAN_POINT('',(60.2002374330875,-22.2908565967886,38.1663285712229));
#4297=CARTESIAN_POINT('',(60.2002374330875,-25.6224044922666,41.0697296615599));
#4298=CARTESIAN_POINT('Origin',(60.2002374330875,-24.0123325227383,39.5541131080591));
#4299=CARTESIAN_POINT('',(60.2002374330875,-25.5600416770236,41.2643203509945));
#4300=CARTESIAN_POINT('Origin',(63.2002374330875,-24.0123325227383,39.5541131080591));
#4301=CARTESIAN_POINT('',(63.2002374330875,-25.679520427201,43.4212474119595));
#4302=CARTESIAN_POINT('',(63.2002374330875,-20.7097638908976,36.9412059789838));
#4303=CARTESIAN_POINT('Origin',(60.2184383283344,-25.318889745871,30.3571043743451));
#4304=CARTESIAN_POINT('',(60.2184383283344,-25.8863499575278,32.9861654639122));
#4305=CARTESIAN_POINT('',(60.2184383283344,-27.1336389830986,31.187565245998));
#4306=CARTESIAN_POINT('',(60.2184383283344,-27.0508637571846,33.1802510971883));
#4307=CARTESIAN_POINT('Origin',(63.209337880711,-25.9793780173962,33.0016701405569));
#4308=CARTESIAN_POINT('',(61.7047876568992,-25.8863499575278,32.9861654639122));
#4309=CARTESIAN_POINT('Origin',(60.2002374330875,-27.3340745264831,30.8985356749696));
#4310=CARTESIAN_POINT('',(64.7002374330875,-22.3135077773403,38.1382309372032));
#4311=CARTESIAN_POINT('Origin',(60.2002374330875,-25.5600416770236,41.2643203509945));
#4312=CARTESIAN_POINT('',(77.2002374330875,-25.679520427201,40.8915108125022));
#4313=CARTESIAN_POINT('',(63.2002374330875,-25.6224044922666,41.0697296615599));
#4314=CARTESIAN_POINT('Origin',(66.2002374330875,-22.2908565967886,38.1663285712229));
#4315=CARTESIAN_POINT('',(66.2002374330875,-22.2908565967886,38.1663285712229));
#4316=CARTESIAN_POINT('Origin',(63.2002374330875,-24.0123325227383,39.5541131080591));
#4317=CARTESIAN_POINT('Origin',(66.2002374330875,-25.6905905189935,29.7588162721664));
#4318=CARTESIAN_POINT('',(66.2002374330875,-25.5628038200286,29.9430856595281));
#4319=CARTESIAN_POINT('Origin',(66.2002374330875,-26.152666406974,26.4039101378556));
#4320=CARTESIAN_POINT('',(66.2002374330875,-26.0705110794848,26.8968421027906));
#4321=CARTESIAN_POINT('Origin',(60.2002374330875,-25.4031727330072,23.2992647964552));
#4322=CARTESIAN_POINT('',(66.2002374330875,-25.4031727330072,23.2992647964552));
#4323=CARTESIAN_POINT('Origin',(66.2002374330875,-23.9558681213949,24.6795942358304));
#4324=CARTESIAN_POINT('',(60.2002374330875,-23.9558681213949,24.6795942358304));
#4325=CARTESIAN_POINT('Origin',(63.2002374330875,-24.679520427201,23.9894295161428));
#4326=CARTESIAN_POINT('Origin',(95.9238897388937,-115.679520427201,24.6795942358304));
#4327=CARTESIAN_POINT('',(94.2002374330876,-115.679520427201,43.4212474119595));
#4328=CARTESIAN_POINT('',(94.2002374330876,-115.679520427201,40.8915108125022));
#4329=CARTESIAN_POINT('',(94.2002374330876,-115.679520427201,29.8345118759866));
#4330=CARTESIAN_POINT('',(99.1699939693908,-115.679520427201,36.9412059789837));
#4331=CARTESIAN_POINT('Origin',(95.8674253375503,-115.679520427201,39.5541131080591));
#4332=CARTESIAN_POINT('',(94.3169540402599,-115.679520427201,29.9430856595281));
#4333=CARTESIAN_POINT('',(94.189167341295,-115.679520427201,29.7588162721664));
#4334=CARTESIAN_POINT('',(93.8092467808037,-115.679520427201,26.8968421027906));
#4335=CARTESIAN_POINT('',(93.7270914533145,-115.679520427201,26.4039101378556));
#4336=CARTESIAN_POINT('',(95.9238897388937,-115.679520427201,24.6795942358304));
#4337=CARTESIAN_POINT('',(95.9238897388937,-115.679520427201,24.6795942358304));
#4338=CARTESIAN_POINT('',(94.4765851272814,-115.679520427201,23.2992647964552));
#4339=CARTESIAN_POINT('',(94.4765851272814,-115.679520427201,23.2992647964552));
#4340=CARTESIAN_POINT('',(94.4765851272814,-115.679520427201,23.2992647964552));
#4341=CARTESIAN_POINT('',(97.5662500829482,-115.679520427201,38.1382309372031));
#4342=CARTESIAN_POINT('',(92.5456833338055,-115.679520427201,30.8985356749696));
#4343=CARTESIAN_POINT('',(97.5889012635,-115.679520427201,38.1663285712229));
#4344=CARTESIAN_POINT('',(97.5889012635,-115.679520427201,38.1663285712229));
#4345=CARTESIAN_POINT('',(94.257353368022,-115.679520427201,41.0697296615599));
#4346=CARTESIAN_POINT('Origin',(95.8674253375503,-115.679520427201,39.5541131080591));
#4347=CARTESIAN_POINT('',(94.3197161832649,-115.679520427201,41.2643203509945));
#4348=CARTESIAN_POINT('Origin',(95.8674253375503,-118.679520427201,39.5541131080591));
#4349=CARTESIAN_POINT('',(94.2002374330876,-118.679520427201,43.4212474119595));
#4350=CARTESIAN_POINT('',(99.1699939693909,-118.679520427201,36.9412059789838));
#4351=CARTESIAN_POINT('Origin',(94.5608681144175,-115.697721322448,30.3571043743451));
#4352=CARTESIAN_POINT('',(93.9934079027608,-115.697721322448,32.9861654639122));
#4353=CARTESIAN_POINT('',(92.7461188771899,-115.697721322448,31.187565245998));
#4354=CARTESIAN_POINT('',(92.8288941031039,-115.697721322448,33.1802510971883));
#4355=CARTESIAN_POINT('Origin',(93.9003798428924,-118.688620874824,33.0016701405569));
#4356=CARTESIAN_POINT('',(93.9934079027608,-117.184070651013,32.9861654639122));
#4357=CARTESIAN_POINT('Origin',(92.5456833338055,-115.679520427201,30.8985356749696));
#4358=CARTESIAN_POINT('',(97.5662500829482,-120.179520427201,38.1382309372032));
#4359=CARTESIAN_POINT('Origin',(94.3197161832649,-115.679520427201,41.2643203509945));
#4360=CARTESIAN_POINT('',(94.2002374330876,-132.679520427201,40.8915108125022));
#4361=CARTESIAN_POINT('',(94.257353368022,-118.679520427201,41.0697296615599));
#4362=CARTESIAN_POINT('Origin',(97.5889012635,-121.679520427201,38.1663285712229));
#4363=CARTESIAN_POINT('',(97.5889012635,-121.679520427201,38.1663285712229));
#4364=CARTESIAN_POINT('Origin',(95.8674253375503,-118.679520427201,39.5541131080591));
#4365=CARTESIAN_POINT('Origin',(94.189167341295,-121.679520427201,29.7588162721664));
#4366=CARTESIAN_POINT('',(94.31695404026,-121.679520427201,29.9430856595281));
#4367=CARTESIAN_POINT('Origin',(93.7270914533145,-121.679520427201,26.4039101378556));
#4368=CARTESIAN_POINT('',(93.8092467808037,-121.679520427201,26.8968421027906));
#4369=CARTESIAN_POINT('Origin',(94.4765851272814,-115.679520427201,23.2992647964552));
#4370=CARTESIAN_POINT('',(94.4765851272814,-121.679520427201,23.2992647964552));
#4371=CARTESIAN_POINT('Origin',(95.9238897388937,-121.679520427201,24.6795942358304));
#4372=CARTESIAN_POINT('',(95.9238897388937,-115.679520427201,24.6795942358304));
#4373=CARTESIAN_POINT('Origin',(95.2002374330875,-118.679520427201,23.9894295161428));
#4374=CARTESIAN_POINT('Origin',(58.2002374330876,-149.955868121395,23.2992647964552));
#4375=CARTESIAN_POINT('',(58.2002374330876,-148.308177097217,33.1802510971883));
#4376=CARTESIAN_POINT('',(58.2002374330876,-149.472690896874,32.9861654639122));
#4377=CARTESIAN_POINT('',(58.2002374330876,-150.451148576794,32.8230891839255));
#4378=CARTESIAN_POINT('',(58.2002374330876,-147.151431272274,26.2397761475313));
#4379=CARTESIAN_POINT('',(58.2002374330876,-147.897179628954,30.714266287608));
#4380=CARTESIAN_POINT('',(58.2002374330876,-149.955868121395,23.2992647964552));
#4381=CARTESIAN_POINT('',(58.2002374330876,-149.955868121395,23.2992647964552));
#4382=CARTESIAN_POINT('',(58.2002374330876,-151.403172733007,24.6795942358304));
#4383=CARTESIAN_POINT('',(58.2002374330876,-151.403172733007,24.6795942358304));
#4384=CARTESIAN_POINT('',(58.2002374330876,-149.288529774917,26.8968421027906));
#4385=CARTESIAN_POINT('',(58.2002374330876,-151.403172733007,24.6795942358304));
#4386=CARTESIAN_POINT('',(58.2002374330876,-149.796237034373,29.9430856595281));
#4387=CARTESIAN_POINT('',(58.2002374330876,-149.206374447428,26.4039101378556));
#4388=CARTESIAN_POINT('',(58.2002374330876,-154.649276963504,36.9412059789837));
#4389=CARTESIAN_POINT('',(58.2002374330876,-149.668450335408,29.7588162721664));
#4390=CARTESIAN_POINT('',(58.2002374330876,-149.679520427201,43.4212474119595));
#4391=CARTESIAN_POINT('Origin',(58.2002374330876,-151.346708331664,39.5541131080591));
#4392=CARTESIAN_POINT('',(58.2002374330876,-149.679520427201,40.8915108125022));
#4393=CARTESIAN_POINT('',(58.2002374330876,-149.679520427201,29.144347156299));
#4394=CARTESIAN_POINT('',(58.2002374330876,-149.736636362135,41.0697296615598));
#4395=CARTESIAN_POINT('',(58.2002374330876,-149.798999177378,41.2643203509945));
#4396=CARTESIAN_POINT('',(58.2002374330876,-153.068184257613,38.1663285712229));
#4397=CARTESIAN_POINT('Origin',(58.2002374330876,-151.346708331664,39.5541131080591));
#4398=CARTESIAN_POINT('',(58.2002374330876,-153.045533077062,38.1382309372031));
#4399=CARTESIAN_POINT('',(58.2002374330876,-153.068184257613,38.1663285712229));
#4400=CARTESIAN_POINT('',(58.2002374330876,-148.024966327919,30.8985356749696));
#4401=CARTESIAN_POINT('Origin',(64.2002374330876,-147.233586599764,26.7327081124663));
#4402=CARTESIAN_POINT('',(64.1820365378407,-147.897179628954,30.714266287608));
#4403=CARTESIAN_POINT('',(64.2002374330876,-147.897179628954,30.714266287608));
#4404=CARTESIAN_POINT('',(59.7002374330875,-147.897179628954,30.714266287608));
#4405=CARTESIAN_POINT('',(64.2002374330876,-147.151431272274,26.2397761475313));
#4406=CARTESIAN_POINT('',(64.2002374330876,-147.233586599764,26.7327081124663));
#4407=CARTESIAN_POINT('',(59.7002374330875,-147.151431272274,26.2397761475313));
#4408=CARTESIAN_POINT('',(64.1820365378407,-148.308177097217,33.1802510971883));
#4409=CARTESIAN_POINT('',(58.2002374330876,-148.308177097217,33.1802510971883));
#4410=CARTESIAN_POINT('',(64.1820365378407,-147.897179628954,30.714266287608));
#4411=CARTESIAN_POINT('Origin',(64.2002374330876,-151.403172733007,24.6795942358304));
#4412=CARTESIAN_POINT('',(64.2002374330876,-149.679520427201,43.4212474119595));
#4413=CARTESIAN_POINT('',(64.2002374330876,-149.679520427201,40.8915108125022));
#4414=CARTESIAN_POINT('',(64.2002374330876,-149.679520427201,29.8345118759866));
#4415=CARTESIAN_POINT('',(64.2002374330876,-154.649276963504,36.9412059789837));
#4416=CARTESIAN_POINT('Origin',(64.2002374330876,-151.346708331664,39.5541131080591));
#4417=CARTESIAN_POINT('',(64.2002374330876,-149.796237034373,29.9430856595281));
#4418=CARTESIAN_POINT('',(64.2002374330876,-149.668450335408,29.7588162721664));
#4419=CARTESIAN_POINT('',(64.2002374330876,-149.288529774917,26.8968421027906));
#4420=CARTESIAN_POINT('',(64.2002374330876,-149.206374447428,26.4039101378556));
#4421=CARTESIAN_POINT('',(64.2002374330876,-151.403172733007,24.6795942358304));
#4422=CARTESIAN_POINT('',(64.2002374330876,-151.403172733007,24.6795942358304));
#4423=CARTESIAN_POINT('',(64.2002374330876,-149.955868121395,23.2992647964552));
#4424=CARTESIAN_POINT('',(64.2002374330876,-149.955868121395,23.2992647964552));
#4425=CARTESIAN_POINT('',(64.2002374330876,-149.955868121395,23.2992647964552));
#4426=CARTESIAN_POINT('',(64.2002374330876,-153.045533077062,38.1382309372031));
#4427=CARTESIAN_POINT('',(64.2002374330876,-148.024966327919,30.8985356749696));
#4428=CARTESIAN_POINT('',(64.2002374330876,-153.068184257613,38.1663285712229));
#4429=CARTESIAN_POINT('',(64.2002374330876,-153.068184257613,38.1663285712229));
#4430=CARTESIAN_POINT('',(64.2002374330876,-149.736636362135,41.0697296615599));
#4431=CARTESIAN_POINT('Origin',(64.2002374330876,-151.346708331664,39.5541131080591));
#4432=CARTESIAN_POINT('',(64.2002374330876,-149.798999177378,41.2643203509945));
#4433=CARTESIAN_POINT('Origin',(61.2002374330876,-151.346708331664,39.5541131080591));
#4434=CARTESIAN_POINT('',(61.2002374330876,-149.679520427201,43.4212474119595));
#4435=CARTESIAN_POINT('',(61.2002374330876,-154.649276963504,36.9412059789838));
#4436=CARTESIAN_POINT('Origin',(64.1820365378407,-150.040151108531,30.3571043743451));
#4437=CARTESIAN_POINT('',(64.1820365378407,-149.472690896874,32.9861654639122));
#4438=CARTESIAN_POINT('',(64.1820365378407,-148.225401871303,31.187565245998));
#4439=CARTESIAN_POINT('',(64.1820365378407,-148.308177097217,33.1802510971883));
#4440=CARTESIAN_POINT('Origin',(61.1911369854641,-149.379662837006,33.0016701405569));
#4441=CARTESIAN_POINT('',(62.6956872092758,-149.472690896874,32.9861654639122));
#4442=CARTESIAN_POINT('Origin',(64.2002374330876,-148.024966327919,30.8985356749696));
#4443=CARTESIAN_POINT('',(59.7002374330875,-153.045533077062,38.1382309372032));
#4444=CARTESIAN_POINT('Origin',(64.2002374330876,-149.798999177378,41.2643203509945));
#4445=CARTESIAN_POINT('',(17.2002374330875,-149.679520427201,40.8915108125022));
#4446=CARTESIAN_POINT('',(61.2002374330876,-149.736636362135,41.0697296615599));
#4447=CARTESIAN_POINT('Origin',(58.2002374330876,-153.068184257613,38.1663285712229));
#4448=CARTESIAN_POINT('',(58.2002374330876,-153.068184257613,38.1663285712229));
#4449=CARTESIAN_POINT('Origin',(61.2002374330876,-151.346708331664,39.5541131080591));
#4450=CARTESIAN_POINT('Origin',(58.2002374330876,-149.668450335408,29.7588162721664));
#4451=CARTESIAN_POINT('',(58.2002374330876,-149.796237034373,29.9430856595281));
#4452=CARTESIAN_POINT('Origin',(58.2002374330876,-149.206374447428,26.4039101378556));
#4453=CARTESIAN_POINT('',(58.2002374330876,-149.288529774917,26.8968421027906));
#4454=CARTESIAN_POINT('Origin',(64.2002374330876,-149.955868121395,23.2992647964552));
#4455=CARTESIAN_POINT('',(58.2002374330876,-149.955868121395,23.2992647964552));
#4456=CARTESIAN_POINT('Origin',(58.2002374330876,-151.403172733007,24.6795942358304));
#4457=CARTESIAN_POINT('',(64.2002374330876,-151.403172733007,24.6795942358304));
#4458=CARTESIAN_POINT('Origin',(61.2002374330876,-150.679520427201,23.9894295161428));
#4459=CARTESIAN_POINT('Origin',(-29.7997625669125,-80.679520427201,61.4894295161428));
#4460=CARTESIAN_POINT('',(-23.7997625669125,-31.679520427201,50.1488329052097));
#4461=CARTESIAN_POINT('',(-23.7997625669125,-80.679520427201,61.4894295161428));
#4462=CARTESIAN_POINT('',(-23.7997625669125,-107.667333208415,67.7355090704924));
#4463=CARTESIAN_POINT('',(45.2002374330875,-31.679520427201,50.1488329052098));
#4464=CARTESIAN_POINT('',(-26.7997625669125,-31.679520427201,50.1488329052097));
#4465=CARTESIAN_POINT('',(45.2002374330875,-80.679520427201,61.4894295161428));
#4466=CARTESIAN_POINT('',(45.2002374330875,-25.679520427201,48.7601884222384));
#4467=CARTESIAN_POINT('',(-29.7997625669125,-80.679520427201,61.4894295161428));
#4468=CARTESIAN_POINT('Origin',(45.2002374330875,-53.179520427201,57.1248089691906));
#4469=CARTESIAN_POINT('',(45.2002374330875,-31.679520427201,65.4894295161428));
#4470=CARTESIAN_POINT('',(45.2002374330875,-31.679520427201,46.0571192426667));
#4471=CARTESIAN_POINT('',(45.2002374330875,-80.679520427201,65.4894295161428));
#4472=CARTESIAN_POINT('',(45.2002374330875,-80.679520427201,65.4894295161428));
#4473=CARTESIAN_POINT('',(45.2002374330875,-80.679520427201,61.4894295161428));
#4474=CARTESIAN_POINT('Origin',(-29.7997625669125,-80.679520427201,65.4894295161428));
#4475=CARTESIAN_POINT('',(-23.7997625669125,-80.679520427201,65.4894295161428));
#4476=CARTESIAN_POINT('',(-23.7997625669125,-80.679520427201,50.2394295161428));
#4477=CARTESIAN_POINT('',(-29.7997625669125,-80.679520427201,65.4894295161428));
#4478=CARTESIAN_POINT('Origin',(-29.7997625669125,-25.679520427201,65.4894295161428));
#4479=CARTESIAN_POINT('',(-23.7997625669125,-31.679520427201,65.4894295161428));
#4480=CARTESIAN_POINT('',(-23.7997625669125,-84.679520427201,65.4894295161428));
#4481=CARTESIAN_POINT('',(-26.7997625669125,-31.679520427201,65.4894295161428));
#4482=CARTESIAN_POINT('Origin',(-29.7997625669125,-25.679520427201,34.9894295161428));
#4483=CARTESIAN_POINT('',(-29.7997625669125,-25.679520427201,34.9894295161428));
#4484=CARTESIAN_POINT('',(-29.7997625669125,-25.679520427201,95.4894295161428));
#4485=CARTESIAN_POINT('',(-29.7997625669125,-25.679520427201,34.9894295161428));
#4486=CARTESIAN_POINT('',(-29.7997625669125,-149.679520427201,34.9894295161428));
#4487=CARTESIAN_POINT('',(-29.7997625669125,-25.679520427201,34.9894295161428));
#4488=CARTESIAN_POINT('',(-29.7997625669125,-149.679520427201,95.4894295161428));
#4489=CARTESIAN_POINT('',(-29.7997625669125,-149.679520427201,34.9894295161428));
#4490=CARTESIAN_POINT('',(-29.7997625669125,-25.679520427201,95.4894295161428));
#4491=CARTESIAN_POINT('',(-29.7997625669124,-93.679520427201,54.9894295161428));
#4492=CARTESIAN_POINT('',(-29.7997625669125,-81.679520427201,54.9894295161428));
#4493=CARTESIAN_POINT('',(-29.7997625669125,-59.679520427201,54.9894295161428));
#4494=CARTESIAN_POINT('',(-29.7997625669125,-81.679520427201,58.9894295161428));
#4495=CARTESIAN_POINT('Origin',(-29.7997625669125,-81.679520427201,56.9894295161428));
#4496=CARTESIAN_POINT('',(-29.7997625669124,-93.679520427201,58.9894295161428));
#4497=CARTESIAN_POINT('',(-29.7997625669125,-53.679520427201,58.9894295161428));
#4498=CARTESIAN_POINT('Origin',(-29.7997625669125,-93.679520427201,56.9894295161428));
#4499=CARTESIAN_POINT('Origin',(-23.7997625669125,-143.679520427201,34.9894295161428));
#4500=CARTESIAN_POINT('',(-23.7997625669125,-31.679520427201,89.9894295161428));
#4501=CARTESIAN_POINT('',(-23.7997625669125,-31.679520427201,34.9894295161428));
#4502=CARTESIAN_POINT('',(-23.7997625669125,-143.679520427201,89.9894295161428));
#4503=CARTESIAN_POINT('',(-23.7997625669125,-143.679520427201,89.9894295161428));
#4504=CARTESIAN_POINT('',(-23.7997625669125,-143.679520427201,34.9894295161428));
#4505=CARTESIAN_POINT('',(-23.7997625669125,-143.679520427201,34.9894295161428));
#4506=CARTESIAN_POINT('',(-23.7997625669125,-31.679520427201,34.9894295161428));
#4507=CARTESIAN_POINT('',(-23.7997625669125,-143.679520427201,34.9894295161428));
#4508=CARTESIAN_POINT('',(-23.7997625669125,-31.679520427201,34.9894295161428));
#4509=CARTESIAN_POINT('',(-23.7997625669125,-81.679520427201,54.9894295161428));
#4510=CARTESIAN_POINT('',(-23.7997625669125,-93.679520427201,54.9894295161428));
#4511=CARTESIAN_POINT('',(-23.7997625669125,-118.679520427201,54.9894295161429));
#4512=CARTESIAN_POINT('',(-23.7997625669125,-93.679520427201,58.9894295161428));
#4513=CARTESIAN_POINT('Origin',(-23.7997625669124,-93.679520427201,56.9894295161428));
#4514=CARTESIAN_POINT('',(-23.7997625669125,-81.679520427201,58.9894295161428));
#4515=CARTESIAN_POINT('',(-23.7997625669125,-112.679520427201,58.9894295161428));
#4516=CARTESIAN_POINT('Origin',(-23.7997625669124,-81.679520427201,56.9894295161428));
#4517=CARTESIAN_POINT('Origin',(-29.7997625669124,-93.679520427201,54.9894295161428));
#4518=CARTESIAN_POINT('',(-29.7997625669124,-93.679520427201,54.9894295161428));
#4519=CARTESIAN_POINT('',(-29.7997625669125,-81.679520427201,54.9894295161428));
#4520=CARTESIAN_POINT('Origin',(-29.7997625669124,-93.679520427201,56.9894295161428));
#4521=CARTESIAN_POINT('',(-29.7997625669124,-93.679520427201,58.9894295161428));
#4522=CARTESIAN_POINT('Origin',(-29.7997625669125,-81.679520427201,58.9894295161428));
#4523=CARTESIAN_POINT('',(-29.7997625669125,-81.679520427201,58.9894295161428));
#4524=CARTESIAN_POINT('Origin',(-29.7997625669125,-81.679520427201,56.9894295161428));
#4525=CARTESIAN_POINT('Origin',(94.2002374330875,-81.679520427201,54.9894295161428));
#4526=CARTESIAN_POINT('',(94.2002374330875,-81.679520427201,54.9894295161428));
#4527=CARTESIAN_POINT('',(94.2002374330876,-93.679520427201,54.9894295161428));
#4528=CARTESIAN_POINT('',(94.2002374330876,-115.679520427201,54.9894295161428));
#4529=CARTESIAN_POINT('',(88.2002374330875,-81.679520427201,54.9894295161428));
#4530=CARTESIAN_POINT('',(94.2002374330875,-81.679520427201,54.9894295161428));
#4531=CARTESIAN_POINT('',(88.2002374330876,-93.679520427201,54.9894295161428));
#4532=CARTESIAN_POINT('',(88.2002374330875,-56.679520427201,54.9894295161429));
#4533=CARTESIAN_POINT('',(94.2002374330876,-93.679520427201,54.9894295161428));
#4534=CARTESIAN_POINT('Origin',(94.2002374330875,-81.679520427201,56.9894295161428));
#4535=CARTESIAN_POINT('',(94.2002374330875,-81.679520427201,58.9894295161428));
#4536=CARTESIAN_POINT('Origin',(94.2002374330876,-81.679520427201,56.9894295161428));
#4537=CARTESIAN_POINT('',(88.2002374330875,-81.679520427201,58.9894295161428));
#4538=CARTESIAN_POINT('',(94.2002374330875,-81.679520427201,58.9894295161428));
#4539=CARTESIAN_POINT('Origin',(88.2002374330875,-81.679520427201,56.9894295161428));
#4540=CARTESIAN_POINT('Origin',(94.2002374330876,-93.679520427201,58.9894295161428));
#4541=CARTESIAN_POINT('',(94.2002374330876,-93.679520427201,58.9894295161428));
#4542=CARTESIAN_POINT('',(94.2002374330876,-121.679520427201,58.9894295161428));
#4543=CARTESIAN_POINT('',(88.2002374330876,-93.679520427201,58.9894295161428));
#4544=CARTESIAN_POINT('',(94.2002374330876,-93.679520427201,58.9894295161428));
#4545=CARTESIAN_POINT('',(88.2002374330875,-62.679520427201,58.9894295161428));
#4546=CARTESIAN_POINT('Origin',(94.2002374330876,-93.679520427201,56.9894295161428));
#4547=CARTESIAN_POINT('Origin',(94.2002374330876,-93.679520427201,56.9894295161428));
#4548=CARTESIAN_POINT('Origin',(88.2002374330875,-93.679520427201,56.9894295161428));
#4549=CARTESIAN_POINT('Origin',(38.2002374330876,-149.679520427201,54.9894295161428));
#4550=CARTESIAN_POINT('',(38.2002374330876,-149.679520427201,54.9894295161428));
#4551=CARTESIAN_POINT('',(26.2002374330875,-149.679520427201,54.9894295161428));
#4552=CARTESIAN_POINT('',(4.20023743308754,-149.679520427201,54.9894295161428));
#4553=CARTESIAN_POINT('',(38.2002374330876,-143.679520427201,54.9894295161428));
#4554=CARTESIAN_POINT('',(38.2002374330876,-149.679520427201,54.9894295161428));
#4555=CARTESIAN_POINT('',(26.2002374330875,-143.679520427201,54.9894295161428));
#4556=CARTESIAN_POINT('',(63.2002374330875,-143.679520427201,54.9894295161429));
#4557=CARTESIAN_POINT('',(26.2002374330875,-149.679520427201,54.9894295161428));
#4558=CARTESIAN_POINT('Origin',(38.2002374330876,-149.679520427201,56.9894295161428));
#4559=CARTESIAN_POINT('',(38.2002374330876,-149.679520427201,58.9894295161428));
#4560=CARTESIAN_POINT('Origin',(38.2002374330876,-149.679520427201,56.9894295161428));
#4561=CARTESIAN_POINT('',(38.2002374330876,-143.679520427201,58.9894295161428));
#4562=CARTESIAN_POINT('',(38.2002374330876,-149.679520427201,58.9894295161428));
#4563=CARTESIAN_POINT('Origin',(38.2002374330876,-143.679520427201,56.9894295161428));
#4564=CARTESIAN_POINT('Origin',(26.2002374330875,-149.679520427201,58.9894295161428));
#4565=CARTESIAN_POINT('',(26.2002374330875,-149.679520427201,58.9894295161428));
#4566=CARTESIAN_POINT('',(-1.79976256691246,-149.679520427201,58.9894295161428));
#4567=CARTESIAN_POINT('',(26.2002374330875,-143.679520427201,58.9894295161428));
#4568=CARTESIAN_POINT('',(26.2002374330875,-149.679520427201,58.9894295161428));
#4569=CARTESIAN_POINT('',(57.2002374330875,-143.679520427201,58.9894295161428));
#4570=CARTESIAN_POINT('Origin',(26.2002374330875,-149.679520427201,56.9894295161428));
#4571=CARTESIAN_POINT('Origin',(26.2002374330875,-149.679520427201,56.9894295161428));
#4572=CARTESIAN_POINT('Origin',(26.2002374330875,-143.679520427201,56.9894295161428));
#4573=CARTESIAN_POINT('Origin',(4.18203653784067,-150.040151108531,30.3571043743451));
#4574=CARTESIAN_POINT('',(4.18203653784067,-147.897179628954,30.714266287608));
#4575=CARTESIAN_POINT('',(4.18203653784067,-149.472690896874,32.9861654639122));
#4576=CARTESIAN_POINT('',(4.18203653784067,-148.225401871303,31.187565245998));
#4577=CARTESIAN_POINT('',(4.18203653784067,-148.308177097217,33.1802510971883));
#4578=CARTESIAN_POINT('',(4.18203653784067,-147.897179628954,30.714266287608));
#4579=CARTESIAN_POINT('',(4.18203653784067,-148.308177097217,33.1802510971883));
#4580=CARTESIAN_POINT('Origin',(1.19113698546411,-149.379662837006,33.0016701405569));
#4581=CARTESIAN_POINT('',(-1.79976256691245,-149.472690896874,32.9861654639122));
#4582=CARTESIAN_POINT('',(2.69568720927583,-149.472690896874,32.9861654639122));
#4583=CARTESIAN_POINT('',(-1.79976256691245,-148.308177097217,33.1802510971883));
#4584=CARTESIAN_POINT('',(-1.79976256691245,-148.308177097217,33.1802510971883));
#4585=CARTESIAN_POINT('',(-1.79976256691245,-150.451148576794,32.8230891839255));
#4586=CARTESIAN_POINT('Origin',(4.20023743308755,-148.024966327919,30.8985356749696));
#4587=CARTESIAN_POINT('',(-1.79976256691245,-153.045533077062,38.1382309372031));
#4588=CARTESIAN_POINT('',(-1.79976256691245,-148.024966327919,30.8985356749696));
#4589=CARTESIAN_POINT('',(4.20023743308755,-153.045533077062,38.1382309372031));
#4590=CARTESIAN_POINT('',(-0.299762566912452,-153.045533077062,38.1382309372032));
#4591=CARTESIAN_POINT('',(4.20023743308755,-147.897179628954,30.714266287608));
#4592=CARTESIAN_POINT('',(4.20023743308755,-148.024966327919,30.8985356749696));
#4593=CARTESIAN_POINT('',(-0.299762566912453,-147.897179628954,30.714266287608));
#4594=CARTESIAN_POINT('Origin',(4.20023743308755,-151.403172733007,24.6795942358304));
#4595=CARTESIAN_POINT('',(4.20023743308755,-149.679520427201,43.4212474119595));
#4596=CARTESIAN_POINT('',(4.20023743308755,-149.679520427201,40.8915108125022));
#4597=CARTESIAN_POINT('',(4.20023743308755,-149.679520427201,29.8345118759866));
#4598=CARTESIAN_POINT('',(4.20023743308755,-154.649276963504,36.9412059789837));
#4599=CARTESIAN_POINT('Origin',(4.20023743308755,-151.346708331664,39.5541131080591));
#4600=CARTESIAN_POINT('',(4.20023743308755,-149.796237034373,29.9430856595281));
#4601=CARTESIAN_POINT('',(4.20023743308755,-149.668450335408,29.7588162721664));
#4602=CARTESIAN_POINT('',(4.20023743308755,-149.288529774917,26.8968421027906));
#4603=CARTESIAN_POINT('',(4.20023743308755,-149.206374447428,26.4039101378556));
#4604=CARTESIAN_POINT('',(4.20023743308755,-151.403172733007,24.6795942358304));
#4605=CARTESIAN_POINT('',(4.20023743308755,-151.403172733007,24.6795942358304));
#4606=CARTESIAN_POINT('',(4.20023743308755,-149.955868121395,23.2992647964552));
#4607=CARTESIAN_POINT('',(4.20023743308755,-149.955868121395,23.2992647964552));
#4608=CARTESIAN_POINT('',(4.20023743308755,-147.151431272274,26.2397761475313));
#4609=CARTESIAN_POINT('',(4.20023743308755,-149.955868121395,23.2992647964552));
#4610=CARTESIAN_POINT('',(4.20023743308755,-147.233586599764,26.7327081124663));
#4611=CARTESIAN_POINT('',(4.20023743308755,-153.068184257613,38.1663285712229));
#4612=CARTESIAN_POINT('',(4.20023743308755,-153.068184257613,38.1663285712229));
#4613=CARTESIAN_POINT('',(4.20023743308755,-149.736636362135,41.0697296615599));
#4614=CARTESIAN_POINT('Origin',(4.20023743308755,-151.346708331664,39.5541131080591));
#4615=CARTESIAN_POINT('',(4.20023743308755,-149.798999177378,41.2643203509945));
#4616=CARTESIAN_POINT('Origin',(1.20023743308755,-151.346708331664,39.5541131080591));
#4617=CARTESIAN_POINT('',(-1.79976256691245,-149.679520427201,43.4212474119595));
#4618=CARTESIAN_POINT('',(1.20023743308755,-149.679520427201,43.4212474119595));
#4619=CARTESIAN_POINT('',(-1.79976256691245,-154.649276963504,36.9412059789837));
#4620=CARTESIAN_POINT('Origin',(-1.79976256691245,-151.346708331664,39.5541131080591));
#4621=CARTESIAN_POINT('',(1.20023743308755,-154.649276963504,36.9412059789838));
#4622=CARTESIAN_POINT('Origin',(4.20023743308755,-149.798999177378,41.2643203509945));
#4623=CARTESIAN_POINT('',(-1.79976256691245,-149.679520427201,40.8915108125022));
#4624=CARTESIAN_POINT('',(-12.7997625669125,-149.679520427201,40.8915108125022));
#4625=CARTESIAN_POINT('',(-1.79976256691245,-149.736636362135,41.0697296615598));
#4626=CARTESIAN_POINT('',(1.20023743308755,-149.736636362135,41.0697296615599));
#4627=CARTESIAN_POINT('',(-1.79976256691245,-149.798999177378,41.2643203509945));
#4628=CARTESIAN_POINT('Origin',(-1.79976256691245,-153.068184257613,38.1663285712229));
#4629=CARTESIAN_POINT('',(-1.79976256691245,-153.068184257613,38.1663285712229));
#4630=CARTESIAN_POINT('',(-1.79976256691245,-153.068184257613,38.1663285712229));
#4631=CARTESIAN_POINT('',(-1.79976256691245,-153.068184257613,38.1663285712229));
#4632=CARTESIAN_POINT('Origin',(1.20023743308755,-151.346708331664,39.5541131080591));
#4633=CARTESIAN_POINT('Origin',(-1.79976256691245,-151.346708331664,39.5541131080591));
#4634=CARTESIAN_POINT('Origin',(-1.79976256691245,-149.668450335408,29.7588162721664));
#4635=CARTESIAN_POINT('',(-1.79976256691245,-149.796237034373,29.9430856595281));
#4636=CARTESIAN_POINT('',(-1.79976256691245,-149.668450335408,29.7588162721664));
#4637=CARTESIAN_POINT('',(-1.79976256691245,-149.796237034373,29.9430856595281));
#4638=CARTESIAN_POINT('Origin',(-1.79976256691245,-149.206374447428,26.4039101378556));
#4639=CARTESIAN_POINT('',(-1.79976256691245,-149.288529774917,26.8968421027906));
#4640=CARTESIAN_POINT('',(-1.79976256691245,-149.206374447428,26.4039101378556));
#4641=CARTESIAN_POINT('',(-1.79976256691245,-149.288529774917,26.8968421027906));
#4642=CARTESIAN_POINT('Origin',(4.20023743308755,-147.233586599764,26.7327081124663));
#4643=CARTESIAN_POINT('',(-1.79976256691245,-147.151431272274,26.2397761475313));
#4644=CARTESIAN_POINT('',(-1.79976256691245,-147.897179628954,30.714266287608));
#4645=CARTESIAN_POINT('',(-0.299762566912453,-147.151431272274,26.2397761475313));
#4646=CARTESIAN_POINT('Origin',(-1.79976256691245,-149.955868121395,23.2992647964552));
#4647=CARTESIAN_POINT('',(-1.79976256691245,-149.955868121395,23.2992647964552));
#4648=CARTESIAN_POINT('',(-1.79976256691245,-149.955868121395,23.2992647964552));
#4649=CARTESIAN_POINT('',(-1.79976256691245,-151.403172733007,24.6795942358304));
#4650=CARTESIAN_POINT('',(-1.79976256691245,-151.403172733007,24.6795942358304));
#4651=CARTESIAN_POINT('',(-1.79976256691245,-151.403172733007,24.6795942358304));
#4652=CARTESIAN_POINT('',(-1.79976256691245,-149.679520427201,29.144347156299));
#4653=CARTESIAN_POINT('Origin',(4.20023743308755,-149.955868121395,23.2992647964552));
#4654=CARTESIAN_POINT('',(-1.79976256691245,-149.955868121395,23.2992647964552));
#4655=CARTESIAN_POINT('Origin',(-1.79976256691245,-151.403172733007,24.6795942358304));
#4656=CARTESIAN_POINT('',(4.20023743308755,-151.403172733007,24.6795942358304));
#4657=CARTESIAN_POINT('Origin',(1.20023743308755,-150.679520427201,23.9894295161428));
#4658=CARTESIAN_POINT('Origin',(32.2002374330875,-87.679520427201,89.9894295161428));
#4659=CARTESIAN_POINT('',(88.2002374330875,-31.679520427201,89.9894295161428));
#4660=CARTESIAN_POINT('',(88.2002374330875,-143.679520427201,89.9894295161428));
#4661=CARTESIAN_POINT('',(88.2002374330875,-31.679520427201,89.9894295161428));
#4662=CARTESIAN_POINT('',(88.2002374330875,-143.679520427201,89.9894295161428));
#4663=CARTESIAN_POINT('',(-23.7997625669125,-31.679520427201,89.9894295161428));
#4664=CARTESIAN_POINT('Origin',(32.2002374330875,-87.679520427201,95.4894295161428));
#4665=CARTESIAN_POINT('',(94.2002374330875,-149.679520427201,95.4894295161428));
#4666=CARTESIAN_POINT('',(-29.7997625669125,-149.679520427201,95.4894295161428));
#4667=CARTESIAN_POINT('',(94.2002374330875,-25.679520427201,95.4894295161428));
#4668=CARTESIAN_POINT('',(94.2002374330875,-149.679520427201,95.4894295161428));
#4669=CARTESIAN_POINT('',(94.2002374330875,-25.679520427201,95.4894295161428));
#4670=CARTESIAN_POINT('Origin',(88.2002374330875,-31.679520427201,34.9894295161428));
#4671=CARTESIAN_POINT('',(88.2002374330875,-31.679520427201,34.9894295161428));
#4672=CARTESIAN_POINT('',(88.2002374330875,-143.679520427201,34.9894295161428));
#4673=CARTESIAN_POINT('',(88.2002374330875,-31.679520427201,34.9894295161428));
#4674=CARTESIAN_POINT('',(88.2002374330875,-143.679520427201,34.9894295161428));
#4675=CARTESIAN_POINT('',(88.2002374330875,-31.679520427201,34.9894295161428));
#4676=CARTESIAN_POINT('Origin',(-23.7997625669125,-31.679520427201,34.9894295161428));
#4677=CARTESIAN_POINT('',(-23.7997625669125,-31.679520427201,34.9894295161428));
#4678=CARTESIAN_POINT('Origin',(88.2002374330875,-143.679520427201,34.9894295161428));
#4679=CARTESIAN_POINT('',(88.2002374330875,-143.679520427201,34.9894295161428));
#4680=CARTESIAN_POINT('Origin',(94.2002374330876,-149.679520427201,34.9894295161428));
#4681=CARTESIAN_POINT('',(94.2002374330875,-149.679520427201,34.9894295161428));
#4682=CARTESIAN_POINT('',(94.2002374330875,-25.679520427201,34.9894295161428));
#4683=CARTESIAN_POINT('',(94.2002374330876,-149.679520427201,34.9894295161428));
#4684=CARTESIAN_POINT('',(94.2002374330875,-25.679520427201,34.9894295161428));
#4685=CARTESIAN_POINT('',(94.2002374330875,-149.679520427201,34.9894295161428));
#4686=CARTESIAN_POINT('Origin',(-29.7997625669125,-149.679520427201,34.9894295161428));
#4687=CARTESIAN_POINT('',(-29.7997625669125,-149.679520427201,34.9894295161428));
#4688=CARTESIAN_POINT('Origin',(94.2002374330875,-25.679520427201,34.9894295161428));
#4689=CARTESIAN_POINT('',(94.2002374330875,-25.679520427201,34.9894295161428));
#4690=CARTESIAN_POINT('Origin',(32.2002374330875,-87.679520427201,34.9894295161428));
#4691=UNCERTAINTY_MEASURE_WITH_UNIT(LENGTH_MEASURE(0.01),#4695,
'DISTANCE_ACCURACY_VALUE',
'Maximum model space distance between geometric entities at asserted c
onnectivities');
#4692=UNCERTAINTY_MEASURE_WITH_UNIT(LENGTH_MEASURE(0.01),#4695,
'DISTANCE_ACCURACY_VALUE',
'Maximum model space distance between geometric entities at asserted c
onnectivities');
#4693=(
GEOMETRIC_REPRESENTATION_CONTEXT(3)
GLOBAL_UNCERTAINTY_ASSIGNED_CONTEXT((#4691))
GLOBAL_UNIT_ASSIGNED_CONTEXT((#4695,#4697,#4698))
REPRESENTATION_CONTEXT('','3D')
);
#4694=(
GEOMETRIC_REPRESENTATION_CONTEXT(3)
GLOBAL_UNCERTAINTY_ASSIGNED_CONTEXT((#4692))
GLOBAL_UNIT_ASSIGNED_CONTEXT((#4695,#4697,#4698))
REPRESENTATION_CONTEXT('','3D')
);
#4695=(
LENGTH_UNIT()
NAMED_UNIT(*)
SI_UNIT(.MILLI.,.METRE.)
);
#4696=(
LENGTH_UNIT()
NAMED_UNIT(*)
SI_UNIT(.CENTI.,.METRE.)
);
#4697=(
NAMED_UNIT(*)
PLANE_ANGLE_UNIT()
SI_UNIT($,.RADIAN.)
);
#4698=(
NAMED_UNIT(*)
SI_UNIT($,.STERADIAN.)
SOLID_ANGLE_UNIT()
);
#4699=SHAPE_DEFINITION_REPRESENTATION(#4700,#4701);
#4700=PRODUCT_DEFINITION_SHAPE('',$,#4703);
#4701=SHAPE_REPRESENTATION('',(#2923),#4693);
#4702=PRODUCT_DEFINITION_CONTEXT('part definition',#4707,'design');
#4703=PRODUCT_DEFINITION('Top_part','Top_part',#4704,#4702);
#4704=PRODUCT_DEFINITION_FORMATION('',$,#4709);
#4705=PRODUCT_RELATED_PRODUCT_CATEGORY('Top_part','Top_part',(#4709));
#4706=APPLICATION_PROTOCOL_DEFINITION('international standard',
'automotive_design',2009,#4707);
#4707=APPLICATION_CONTEXT(
'Core Data for Automotive Mechanical Design Process');
#4708=PRODUCT_CONTEXT('part definition',#4707,'mechanical');
#4709=PRODUCT('Top_part','Top_part',$,(#4708));
#4710=PRESENTATION_STYLE_ASSIGNMENT((#4711));
#4711=SURFACE_STYLE_USAGE(.BOTH.,#4714);
#4712=SURFACE_STYLE_RENDERING_WITH_PROPERTIES($,#4718,(#4713));
#4713=SURFACE_STYLE_TRANSPARENT(0.);
#4714=SURFACE_SIDE_STYLE('',(#4715,#4712));
#4715=SURFACE_STYLE_FILL_AREA(#4716);
#4716=FILL_AREA_STYLE('',(#4717));
#4717=FILL_AREA_STYLE_COLOUR('',#4718);
#4718=COLOUR_RGB('',0.749019607843137,0.749019607843137,0.749019607843137);
ENDSEC;
END-ISO-10303-21;
